unique_id,row_index,llm_call_id,内容简介,采购方名称,中标商名称,采购物品名称,采购数量,中标金额,是否设备采购,pydantic_validated,parsing_method
matched_row_0,0,call_9e5b240186534423,"医院名称：航空总医院,产品名称：小儿热速清口服液,商品名：无,剂型：合剂（含口服液）,规格：10ml,生产企业：吉林一正药业集团有限公司,配送企业：,订购数量：0,批准文号：国药准字Z10900020",,,小儿热速清口服液,0.0,,False,True,pydantic_direct
matched_row_1,1,call_3fffae71aec74632,"医院名称：北京市第六医院,产品名称：阿仑膦酸,商品名：福善美,剂型：素片,规格：70mg,生产企业：意大利Merck Sharp & Dohme Italia SPA(杭州默沙东制药有限公司分装),配送企业：,订购数量：0,批准文号：国药准字J20130085",,,阿仑膦酸,0.0,,False,True,pydantic_direct
matched_row_2,2,call_edd54ab6cdfb41ce,"医院名称：北京丰台医星中西医结合医院,产品名称：雪山金罗汉止痛涂膜剂,商品名：无,剂型：涂膜剂,规格：45ml,生产企业：西藏诺迪康药业股份有限公司,配送企业：,订购数量：0,批准文号：国药准字Z20010095",,,雪山金罗汉止痛涂膜剂,0.0,,False,True,pydantic_direct
matched_row_3,3,call_57e00f2b4f61440b,"医院名称：中国气象局医院,产品名称：玻璃酸,商品名：HYCOSAN,剂型：滴眼剂,规格：10ml:10mg(0.1%),生产企业：德国URSAPHARM Arzneimittel GmbH,配送企业：,订购数量：0,批准文号：H20150150",,,玻璃酸,0.0,,False,True,pydantic_direct
matched_row_4,4,call_8160e745c46d4777,"医院名称：北京市房山区韩村河镇罗家峪村卫生室,产品名称：头孢呋辛,商品名：达力新,剂型：薄膜衣片,规格：0.25g,生产企业：国药集团致君(深圳)制药有限公司,配送企业：,订购数量：0,批准文号：国药准字H20000400",,,头孢呋辛,0.0,,False,True,pydantic_direct
matched_row_5,5,call_85e589e265714e9a,一、招标编号：Q5300000000W20001244 二、项目名称：曲靖市妇幼保健院医疗设备（床旁心电图机等设备）采购项目 三、中标信息 供应商名称：江西捷聚医疗设备有限公司 供应商地址：江西省南昌市进贤县钟陵乡钟陵街98号 中标金额：191.88 供应商名称：云南拓尔科技有限公司 供应商地址：云南省昆明市盘龙区北京路645号小城故事A座4层406号 中标金额：85.798 供应商名称：吉安雅裕优旭医疗器械有限公司 供应商地址：江西省吉安市吉州区友谊西路,,,医疗设备,,2776780.0,True,True,pydantic_direct
matched_row_6,6,call_1720d844099c405b,"医院名称：北京市石景山区杨庄医院（北京市石景山区杨庄社区卫生服务站）,产品名称：金乌骨通胶囊,商品名：无,剂型：胶囊剂,规格：0.5g,生产企业：贵州盛世龙方制药股份有限公司,配送企业：,订购数量：0,批准文号：国药准字Z20043621",,,金乌骨通胶囊,0.0,,False,True,pydantic_direct
matched_row_7,7,call_3f9a9a314be94798,"医院名称：北京市上地医院,产品名称：琥珀酸亚铁,商品名：速力菲,剂型：缓释片,规格：0.2g,生产企业：金陵药业股份有限公司南京金陵制药厂,配送企业：,订购数量：0,批准文号：国药准字H20010307",,,琥珀酸亚铁,0.0,,False,True,pydantic_direct
matched_row_8,8,call_46762badd630435b,"医院名称：北京市大兴区旧宫医院,产品名称：头孢克洛,商品名：无,剂型：胶囊剂,规格：0.5g,生产企业：苏州中化药品工业有限公司,配送企业：,订购数量：0,批准文号：国药准字H20046056",,,头孢克洛,0.0,,False,True,pydantic_direct
matched_row_9,9,call_ce7bfdf69ec04ec4,"医院名称：北京市延庆区四海镇社区卫生服务中心,产品名称：银黄滴丸,商品名：无,剂型：滴丸,规格：每袋装0.7g,生产企业：浙江维康药业股份有限公司,配送企业：,订购数量：0,批准文号：国药准字Z20050702",,,银黄滴丸,0.0,,False,True,pydantic_direct
matched_row_10,10,call_afc1d2cca235457a,"医院名称：北京市延庆区南菜园社区卫生服务中心,产品名称：右归胶囊,商品名：无,剂型：胶囊剂,规格：0.45g,生产企业：江西银涛药业有限公司,配送企业：,订购数量：0,批准文号：国药准字Z20030134",,,右归胶囊,0.0,,False,True,pydantic_direct
matched_row_11,11,call_46e7b5d6277c41a4,"医院名称：北京市通州区中医医院,产品名称：天丹通络片,商品名：无,剂型：薄膜衣片,规格：0.415g,生产企业：山东凤凰制药股份有限公司,配送企业：,订购数量：0,批准文号：国药准字Z20090152",,,天丹通络片,0.0,,False,True,pydantic_direct
matched_row_12,12,call_ed1d50c1f5854202,"医院名称：北京市石景山区妇幼保健院,产品名称：新生化颗粒,商品名：无,剂型：颗粒剂,规格：6g,生产企业：江苏融昱药业有限公司,配送企业：,订购数量：0,批准文号：国药准字Z20163013",,,新生化颗粒,0.0,,False,True,pydantic_direct
matched_row_13,13,call_a47feb05d2274e65,"医院名称：北京市宣武中医医院,产品名称：生血宝合剂,商品名：无,剂型：合剂（含口服液）,规格：100ml（无糖型）,生产企业：清华德人西安幸福制药有限公司,配送企业：,订购数量：0,批准文号：国药准字Z20050770",,,生血宝合剂,0.0,,False,True,pydantic_direct
matched_row_14,14,call_21ec9fe8efc8473b,"医院名称：延庆区康庄镇社区卫生服务中心小丰营社区卫生服务站,产品名称：疏风解毒胶囊,商品名：无,剂型：胶囊剂,规格：0.52g,生产企业：安徽济人药业有限公司,配送企业：,订购数量：0,批准文号：国药准字Z20090047",,,疏风解毒胶囊,0.0,,False,True,pydantic_direct
matched_row_15,15,call_8d5d339c9ed1457a,"医院名称：平谷区东高村镇社区卫生服务中心东高村社区卫生服务站,产品名称：氯化钾,商品名：无,剂型：缓释片,规格：0.5g,生产企业：上海海虹实业(集团)巢湖今辰药业有限公司,配送企业：,订购数量：0,批准文号：国药准字H34021120",,,氯化钾,0.0,,False,True,pydantic_direct
matched_row_16,16,call_2ce67dedaab84325,"医院名称：中国航天科工集团七三一医院,产品名称：半胱氨酸,商品名：易维适,剂型：胶囊剂,规格：0.2g,生产企业：广东人人康药业有限公司,配送企业：,订购数量：0,批准文号：国药准字H20000519",,,半胱氨酸,0.0,,False,True,pydantic_direct
matched_row_17,17,call_388c16fde3244045,"医院名称：北京中医药大学第三附属医院,产品名称：风湿祛痛胶囊,商品名：无,剂型：胶囊剂,规格：0.3g,生产企业：通化金马药业集团股份有限公司,配送企业：,订购数量：0,批准文号：国药准字Z20020129",,,风湿祛痛胶囊,0.0,,False,True,pydantic_direct
matched_row_18,18,call_e67eaac0f59040a4,"医院名称：北京市延庆区永宁镇社区卫生服务中心,产品名称：湿毒清片,商品名：无,剂型：薄膜衣片,规格：0.62g,生产企业：广西玉林制药集团有限责任公司,配送企业：,订购数量：0,批准文号：国药准字Z20090854",,,湿毒清片,0.0,,False,True,pydantic_direct
matched_row_19,19,call_41ee245c57f84317,"医院名称：北京市朝阳区东风社区卫生服务中心泛海分中心,产品名称：格列喹酮,商品名：糖适平,剂型：素片,规格：30mg,生产企业：北京万辉双鹤药业有限责任公司,配送企业：,订购数量：0,批准文号：国药准字H10940258",,,格列喹酮,0.0,,False,True,pydantic_direct
matched_row_20,20,call_dc88eaf7d53b4605,"医院名称：北京市延庆区医院（北京大学第三医院延庆医院）,产品名称：柏子养心片,商品名：无,剂型：薄膜衣片,规格：0.3g,生产企业：伊春五加参药业有限责任公司,配送企业：,订购数量：0,批准文号：国药准字Z23020011",,,柏子养心片,0.0,,False,True,pydantic_direct
matched_row_21,21,call_a3247456262a4c64,"医院名称：北京市房山区城关街道辛庄社区卫生服务站,产品名称：清热通淋片,商品名：无,剂型：薄膜衣片,规格：0.39g,生产企业：江西杏林白马药业有限公司,配送企业：,订购数量：0,批准文号：国药准字Z20050124",,,清热通淋片,0.0,,False,True,pydantic_direct
matched_row_22,22,call_4b6e3458878f4b8e,"医院名称：北京市朝阳区高碑店社区卫生服务中心,产品名称：感冒清热颗粒,商品名：无,剂型：颗粒剂,规格：6g,生产企业：北京同仁堂科技发展股份有限公司制药厂,配送企业：,订购数量：0,批准文号：国药准字Z11020361",,,感冒清热颗粒,0.0,,False,True,pydantic_direct
matched_row_23,23,call_b1f71727a19a42e0,"医院名称：北京市昌平区沙河卫生服务中心兆丰家园社区卫生服务站,产品名称：摩罗丹,商品名：无,剂型：浓缩丸,规格：1.84g/16丸(相当于生药材4.5g),生产企业：邯郸制药股份有限公司,配送企业：,订购数量：0,批准文号：国药准字Z20090013",,,摩罗丹,0.0,,False,True,pydantic_direct
matched_row_24,24,call_80c7e7b4662c42c5,"医院名称：北京市东城区东花市社区卫生服务中心,产品名称：氟比洛芬,商品名：无,剂型：凝胶膏剂,规格：12g:40mg(13.6cm×10cm),生产企业：日本MIKASA SEIYAKU CO.,LTD KAKEGAWA FACTORY(北京泰德制药股份有限公司分装),配送企业：,订购数量：0,批准文号：国药准字J20140168",,,氟比洛芬,0.0,,False,True,pydantic_direct
matched_row_25,25,call_866efdda4fc04e87,一、项目编号： CDGL-ZB-ZJK（2020-38） 二、项目名称： 蔚县卫生健康局数字化X射线摄影系统（DR） 三、中标（成交）信息 供应商名称 供应商地址 供应商组织机构代码 廊坊市中诚康宇医药有限公司 廊坊市安次区仇庄镇小王务村西口 91131002780835569E 四、主要标的信息 货物 供应商名称 货物名称 货物品牌 规格型号 数量 单价 中标金额 下浮率 费率 优惠率 优惠产品说明 优惠价/入围价 廊坊市中诚康宇医药有限公司 数字化X射线摄影系统（DR） 深圳市安健科技股份有限公司 DP560 1套 396500 396500 0 0 0.875% / / 五、评审专家（单一来源采购人员）名单： 高彦俊、张翠静、王秀宏 六、代理服务收费标准及金额 本项目代理费总金额：5947.5 本项目代理费收费标准:《招标代理服务收费管理暂行办法》计价格[2002]1980号文和发改价格[2011]534号 七、公告期限 自本公告发布之日起1个工作日。 八、其他补充事宜 九、凡对本次公告内容提出询问，请按以下方式联系。 1.采购人信息 名称： 蔚县卫生健康局 地址 ： 雪绒花大道与建设南大街交叉口东北角 联系方式： 赵先生 15631341560 2.采购代理机构信息 名称 ： 中新创达咨询有限公司 地址 ： 郑州市高新技术产业开发区翠竹街1号95栋 联系方式 ： 周伟云 0313-5806322 3.项目联系方式 项目联系人： 周伟云 电话： 0313-5806322 十、附件 蔚县卫生健康局,,,数字化X射线摄影系统（DR）,1.0,396500.0,True,True,pydantic_direct
matched_row_26,26,call_c705e198ebf24734,"医院名称：北京市崇文区天坛东里社区卫生服务站,产品名称：颈舒颗粒,商品名：无,剂型：颗粒剂,规格：6g,生产企业：国药集团精方(安徽)药业股份有限公司,配送企业：,订购数量：0,批准文号：国药准字Z20010153",,,颈舒颗粒,0.0,,False,True,pydantic_direct
matched_row_27,27,call_8320c40b1ab9467b,重庆市渝北区人民医院医用耗材（一）采购结果公告 发布日期： 2020年7月17日 一、采购方式：竞争性磋商 采购执行编号：CGB2020-40 二、评审日期： 2020年7月14日 三、公告日期： 2020年7月14日 四、结果(入围供应商) 分包七：第一名 重庆医药和平医疗器械有限公司 分包九：第一名 重庆医药和平医疗器械有限公司 第二名 重庆亚安医疗器械有限公司 分包十：第一名 重庆瑞合医疗器械有限公司 第二名 重庆亚安医疗器械有限公司 第三名 重庆圣全医疗科技有限公司 其余分包，有效投标供应商不足三家，流标 五、联系人 采购人：重庆市渝北区人民医院 采购经办人：商雪蕾 采购人电话：61802568 采购人地址：重庆市渝北区仙桃街道中央公园北路23号 免责声明： 采购人在本页面发布的任何信息应当真实、有效、完整，并对发布的信息承担相应法律责任。,,,医用耗材,,,False,True,pydantic_direct
matched_row_28,28,call_ae9d0f8885b74637,"医院名称：北京市房山区张坊镇社区卫生服务中心,产品名称：六味地黄丸,商品名：无,剂型：浓缩丸,规格：每8丸重1.44克( 每8丸相当于原药材3g ),生产企业：北京同仁堂科技发展股份有限公司制药厂,配送企业：,订购数量：0,批准文号：国药准字Z19993068",,,六味地黄丸,0.0,,False,True,pydantic_direct
matched_row_29,29,call_df1b6c60d6c04f9c,"医院名称：北京市房山区燕山向阳社区卫生服务站,产品名称：六君子丸,商品名：无,剂型：水丸,规格：9g,生产企业：吉林紫鑫药业股份有限公司,配送企业：,订购数量：0,批准文号：国药准字Z22024784",,,六君子丸,0.0,,False,True,pydantic_direct
matched_row_30,30,call_2245dc2942234b41,"医院名称：房山区青龙湖镇坨里社区卫生服务站,产品名称：牛黄上清丸,商品名：无,剂型：水蜜丸,规格：3.5g(3.5g/80丸)(体外培育牛黄),生产企业：国药集团中联药业有限公司,配送企业：,订购数量：0,批准文号：国药准字Z20023096",,,牛黄上清丸,0.0,,False,True,pydantic_direct
matched_row_31,31,call_fe33031b66b14cd9,"医院名称：沙河社区卫生服务中心,产品名称：桂附地黄丸,商品名：无,剂型：水蜜丸,规格：72g(20g/100丸),生产企业：北京同仁堂科技发展股份有限公司制药厂,配送企业：,订购数量：0,批准文号：国药准字Z20055685",,,桂附地黄丸,0.0,,False,True,pydantic_direct
matched_row_32,32,call_0b29712e293d47ed,"医院名称：北京市房山区韩村河尤家坟社区卫生服务站,产品名称：注射用血栓通,商品名：无,剂型：冻干粉针剂,规格：0.25g,生产企业：广西梧州制药(集团)股份有限公司,配送企业：,订购数量：0,批准文号：国药准字Z20025652",,,注射用血栓通,0.0,,False,True,pydantic_direct
matched_row_33,33,call_ff2f6712c4d34b3e,"医院名称：北京市丰台区卢沟桥国医社区卫生服务中心,产品名称：呋塞米,商品名：无,剂型：注射液,规格：2ml:20mg,生产企业：天津金耀药业有限公司,配送企业：,订购数量：0,批准文号：国药准字H12020527",,,呋塞米,0.0,,False,True,pydantic_direct
matched_row_34,34,call_d720b4a7533b42cf,"医院名称：北京北亚中医医院,产品名称：脑心通胶囊,商品名：无,剂型：胶囊剂,规格：0.4g,生产企业：陕西步长制药有限公司,配送企业：,订购数量：0,批准文号：国药准字Z20025001",,,脑心通胶囊,0.0,,False,True,pydantic_direct
matched_row_35,35,call_e6437c9c8ba6488e,"医院名称：南独乐河社区卫生服务中心刘家河社区卫生服务站,产品名称：吲达帕胺,商品名：无,剂型：缓释片,规格：1.5mg,生产企业：黄山中皇制药有限公司,配送企业：,订购数量：0,批准文号：国药准字H20070262",,,吲达帕胺,0.0,,False,True,pydantic_direct
matched_row_36,36,call_28fb74e076e84ac2,"医院名称：北京普祥中医肿瘤医院,产品名称：西咪替丁,商品名：无,剂型：注射液,规格：2ml:0.2g,生产企业：山东方明药业集团股份有限公司,配送企业：,订购数量：0,批准文号：国药准字H37023309",,,西咪替丁,0.0,,False,True,pydantic_direct
matched_row_37,37,call_875bde07b83d4158,"医院名称：北京市朝阳区高碑店地区白家楼社区卫生服务站,产品名称：格列美脲,商品名：亚莫利,剂型：素片,规格：2mg,生产企业：赛诺菲(北京)制药有限公司,配送企业：,订购数量：0,批准文号：国药准字H20057672",,,格列美脲,0.0,,False,True,pydantic_direct
matched_row_38,38,call_d00d25bd3bd04296,"医院名称：北京市房山区大石窝镇社区卫生服务中心,产品名称：克拉霉素,商品名：无,剂型：薄膜衣片,规格：0.125g,生产企业：广东逸舒制药股份有限公司,配送企业：,订购数量：0,批准文号：国药准字H20059139",,,克拉霉素,0.0,,False,True,pydantic_direct
matched_row_39,39,call_6e510a9e43f04b9b,"医院名称：北京市朝阳区东风社区卫生服务中心泛海分中心,产品名称：清开灵颗粒,商品名：无,剂型：颗粒剂,规格：3g(含黄芩苷20mg),生产企业：广州白云山明兴制药有限公司,配送企业：,订购数量：0,批准文号：国药准字Z10950088",,,清开灵颗粒,0.0,,False,True,pydantic_direct
matched_row_40,40,call_aaa7d102b5b24a5b,"医院名称：中国民用航空总医院,产品名称：氯雷他定,商品名：开瑞坦,剂型：糖浆剂,规格：60ml(1mg/ml),生产企业：比利时先灵葆雅制药厂Schering-Plough Labo N. V.,配送企业：,订购数量：0,批准文号：H20170182",,,氯雷他定,0.0,,False,True,pydantic_direct
matched_row_41,41,call_31ffe6bc65534217,"医院名称：航空总医院,产品名称：氯雷他定,商品名：开瑞坦,剂型：糖浆剂,规格：60ml(1mg/ml),生产企业：比利时先灵葆雅制药厂Schering-Plough Labo N. V.,配送企业：,订购数量：0,批准文号：H20170182",,,氯雷他定,0.0,,False,True,pydantic_direct
matched_row_42,42,call_d3b4b6f197c24f63,"医院名称：北京市海淀区学院路街道建清园社区卫生服务站,产品名称：气滞胃痛颗粒,商品名：无,剂型：颗粒剂,规格：2.5g,生产企业：辽宁华润本溪三药有限公司,配送企业：,订购数量：0,批准文号：国药准字Z21021522",,,气滞胃痛颗粒,0.0,,False,True,pydantic_direct
matched_row_43,43,call_c9f304723a9d4c9a,"医院名称：北京市丰台区南苑社区卫生服务中心,产品名称：伏格列波糖,商品名：无,剂型：分散片,规格：0.2mg,生产企业：江苏晨牌药业集团股份有限公司,配送企业：,订购数量：0,批准文号：国药准字H20061197",,,伏格列波糖,0.0,,False,True,pydantic_direct
matched_row_44,44,call_81541beb69c94241,"医院名称：北京国都医院,产品名称：便通片(薄膜衣),商品名：无,剂型：薄膜衣片,规格：0.46g,生产企业：泰华天然生物制药有限公司,配送企业：,订购数量：0,批准文号：国药准字Z20063318",,,便通片(薄膜衣),0.0,,False,True,pydantic_direct
matched_row_45,45,call_27b578e5f9624538,"医院名称：中国航天科工集团七三一医院,产品名称：呋塞米,商品名：无,剂型：素片,规格：20mg,生产企业：天津力生制药股份有限公司,配送企业：,订购数量：0,批准文号：国药准字H12020163",,,呋塞米,0.0,,False,True,pydantic_direct
matched_row_46,46,call_7d98915afaf94fa9,"医院名称：北京市平谷区黄松峪乡社区卫生服务中心,产品名称：防风通圣丸,商品名：无,剂型：水丸,规格：1g/20丸,生产企业：北京同仁堂科技发展股份有限公司制药厂,配送企业：,订购数量：0,批准文号：国药准字Z11020246",,,防风通圣丸,0.0,,False,True,pydantic_direct
matched_row_47,47,call_c308907503674358,"医院名称：北京市朝阳区管庄第二社区卫生服务中心,产品名称：金匮肾气丸,商品名：无,剂型：水蜜丸,规格：72g(20g/100粒),生产企业：北京同仁堂科技发展股份有限公司制药厂,配送企业：,订购数量：0,批准文号：国药准字Z11020147",,,金匮肾气丸,0.0,,False,True,pydantic_direct
matched_row_48,48,call_51a0b243fee440e5,"医院名称：北京市海淀区上地社区卫生服务中心,产品名称：穿心莲滴丸,商品名：无,剂型：滴丸,规格：每丸重42mg,生产企业：四川字库山制药有限公司,配送企业：,订购数量：0,批准文号：国药准字Z20090358",,,穿心莲滴丸,0.0,,False,True,pydantic_direct
matched_row_49,49,call_b8d5fc472fbd40f0,"医院名称：北京市昌平区沙河镇辛力屯村卫生室,产品名称：牛黄清胃丸,商品名：无,剂型：蜜丸,规格：6g,生产企业：北京同仁堂股份有限公司同仁堂制药厂,配送企业：,订购数量：0,批准文号：国药准字Z11020212",,,牛黄清胃丸,0.0,,False,True,pydantic_direct
matched_row_50,50,call_bd8f91eeb8a94bfd,"医院名称：北京市朝阳区王四营地区观音堂社区卫生服务站,产品名称：六味地黄丸,商品名：无,剂型：浓缩丸,规格：每8丸重1.44克( 每8丸相当于原药材3g ),生产企业：回音必集团安徽制药有限公司,配送企业：,订购数量：0,批准文号：国药准字Z34021037",,,六味地黄丸,0.0,,False,True,pydantic_direct
matched_row_51,51,call_24cd39e7c821485a,"医院名称：北京市房山区大石窝镇社区卫生服务中心,产品名称：安神补心片,商品名：无,剂型：薄膜衣片,规格：0.32g,生产企业：太极集团浙江东方制药有限公司,配送企业：,订购数量：0,批准文号：国药准字Z20054311",,,安神补心片,0.0,,False,True,pydantic_direct
matched_row_52,52,call_9b307dbe0e564bec,"医院名称：北京市房山区长阳镇社区卫生服务中心,产品名称：口腔炎喷雾剂,商品名：无,剂型：喷雾剂,规格：25ml,生产企业：黑龙江天龙药业有限公司,配送企业：,订购数量：0,批准文号：国药准字Z20044198",,,口腔炎喷雾剂,0.0,,False,True,pydantic_direct
matched_row_53,53,call_3b7c5e03b57844a7,"医院名称：北京市房山区长阳镇社区卫生服务中心,产品名称：阿奇霉素,商品名：顺峰康奇,剂型：糖浆剂,规格：60ml:1.5g,生产企业：广东华润顺峰药业有限公司,配送企业：,订购数量：0,批准文号：国药准字H20000308",,,阿奇霉素,0.0,,False,True,pydantic_direct
matched_row_54,54,call_08afbb87c7ed42bb,"医院名称：北京市东城区永定门外社区卫生服务中心,产品名称：金水宝片,商品名：无,剂型：薄膜衣片,规格：0.42g(含发酵虫草菌粉0.25g),生产企业：江西济民可信药业有限公司,配送企业：,订购数量：600,批准文号：国药准字Z20163112",,,金水宝片,600.0,,False,True,pydantic_direct
matched_row_55,55,call_be12da98991340a6,2017-2018年中央补助艾滋病防治项目结余资金采购项目中标（成交）公告（第14包、第22包、第23包） 一、项目相关情况 项目名称：2017-2018年中央补助艾滋病防治项目结余资金采购项目 项目编号：2019HACZ4399 项目分包（标段）：第23包 细胞质控品 第22包 病毒载量仪2 第14包 HIV抗体快速检测试剂（四代） 财政编号：RWHF(W)2019-045 招标（采购）方式：单一来源 招标（采购）公告发布日期： 开标（采购）日期：202,,,"细胞质控品, 病毒载量仪2, HIV抗体快速检测试剂（四代）",,,True,True,pydantic_direct
matched_row_56,56,call_88679b944d0c4642,"医院名称：北京市门头沟区医院,产品名称：亮菌,商品名：无,剂型：口服溶液剂,规格：10ml,生产企业：四川先通药业有限责任公司,配送企业：,订购数量：0,批准文号：国药准字H51023188",,,亮菌,0.0,,False,True,pydantic_direct
matched_row_57,57,call_15b37fbbb8414a65,"医院名称：北京市房山区大石窝镇社区卫生服务中心,产品名称：尼麦角林,商品名：无,剂型：薄膜衣片,规格：10mg,生产企业：山东齐都药业有限公司,配送企业：,订购数量：0,批准文号：国药准字H20113418",,,尼麦角林,0.0,,False,True,pydantic_direct
matched_row_58,58,call_1caede8ce6244a74,"医院名称：北京市房山区阎村镇社区卫生服务中心,产品名称：肾衰宁胶囊,商品名：无,剂型：胶囊剂,规格：0.35g,生产企业：云南雷允上理想药业有限公司,配送企业：,订购数量：0,批准文号：国药准字Z53021547",,,肾衰宁胶囊,0.0,,False,True,pydantic_direct
matched_row_59,59,call_b91be8575fc84a40,"医院名称：北京市顺义区法医院,产品名称：六味地黄丸,商品名：无,剂型：浓缩丸,规格：每8丸重1.44克( 每8丸相当于原药材3g ),生产企业：北京同仁堂科技发展股份有限公司制药厂,配送企业：,订购数量：0,批准文号：国药准字Z19993068",,,六味地黄丸,0.0,,False,True,pydantic_direct
matched_row_60,60,call_59f4a51f0c144686,"医院名称：北京市大兴区青云店镇中心卫生院,产品名称：替格瑞洛,商品名：倍林达,剂型：薄膜衣片,规格：90mg,生产企业：瑞典阿斯利康AstraZeneca AB(阿斯利康制药分装),配送企业：,订购数量：0,批准文号：国药准字J20130020",,,替格瑞洛,0.0,,False,True,pydantic_direct
matched_row_61,61,call_987ae1987b034408,"医院名称：北京大学第三医院,产品名称：复方鲜竹沥液,商品名：无,剂型：合剂（含口服液）,规格：20ml,生产企业：江西济民可信药业有限公司,配送企业：,订购数量：0,批准文号：国药准字Z36021946",,,复方鲜竹沥液,0.0,,False,True,pydantic_direct
matched_row_62,62,call_bf46457bebff45e5,"医院名称：北京市朝阳区和平街街道小黄庄社区卫生服务站,产品名称：湿毒清片,商品名：无,剂型：薄膜衣片,规格：0.62g,生产企业：广西玉林制药集团有限责任公司,配送企业：,订购数量：0,批准文号：国药准字Z20090854",,,湿毒清片,0.0,,False,True,pydantic_direct
matched_row_63,63,call_3d12bc0d11314f22,"医院名称：北京市朝阳区东坝地区红松园社区卫生服务站,产品名称：小金片,商品名：无,剂型：素片,规格：0.36g,生产企业：太极集团重庆桐君阁药厂有限公司,配送企业：,订购数量：0,批准文号：国药准字Z20026801",,,小金片,0.0,,False,True,pydantic_direct
matched_row_64,64,call_20ae05afa0fa4816,"医院名称：北京市通州区梨园镇半壁店社区卫生服务站,产品名称：消化酶,商品名：无,剂型：素片,规格：复合消化酶15mg,脂肪酶3.3mg,酒曲蛋白酶10mg,生产企业：西南药业股份有限公司,配送企业：,订购数量：0,批准文号：国药准字H20080320",,,消化酶,0.0,,False,True,pydantic_direct
matched_row_65,65,call_c6d77cad259a468f,"医院名称：北京市怀柔区泉河街道社区卫生服务中心,产品名称：氯沙坦钾氢氯噻嗪,商品名：无,剂型：薄膜衣片,规格：氯沙坦钾50mg,氢氯噻嗪12.5mg,生产企业：北京双吉制药有限公司,配送企业：,订购数量：0,批准文号：国药准字H20083666",,,氯沙坦钾氢氯噻嗪,0.0,,False,True,pydantic_direct
matched_row_66,66,call_d4031dec8d744855,"医院名称：北京惠民中医儿童医院有限公司,产品名称：头孢地尼,商品名：希福尼,剂型：分散片,规格：50mg,生产企业：天津市中央药业有限公司,配送企业：,订购数量：0,批准文号：国药准字H20060980",,,头孢地尼,0.0,,False,True,pydantic_direct
matched_row_67,67,call_252ab179645849bf,"医院名称：北京市丰台区大红门街道南顶路社区卫生服务站,产品名称：甲钴胺,商品名：弥可保,剂型：薄膜衣片,规格：0.5mg,生产企业：卫材(中国)药业有限公司,配送企业：,订购数量：0,批准文号：国药准字H20143107",,,甲钴胺,0.0,,False,True,pydantic_direct
matched_row_68,68,call_e2d87537b4934360,"医院名称：北京市通州区中医医院,产品名称：重组人胰岛素,商品名：优泌林,剂型：注射液,规格：3ml:300IU,生产企业：法国礼来(礼来苏州制药有限公司分装),配送企业：,订购数量：0,批准文号：国药准字J20170043",,,重组人胰岛素,0.0,,False,True,pydantic_direct
matched_row_69,69,call_104f60d37abf405f,"医院名称：北京市大兴区城镇观音寺社区卫生服务站,产品名称：黄氏响声丸,商品名：无,剂型：浓缩丸,规格：0.133g,生产企业：无锡济民可信山禾药业股份有限公司,配送企业：,订购数量：0,批准文号：国药准字Z32020461",,,黄氏响声丸,0.0,,False,True,pydantic_direct
matched_row_70,70,call_4420f80eb0044935,"医院名称：北京市朝阳区管庄地区京通新城社区卫生服务站,产品名称：培元通脑胶囊,商品名：无,剂型：胶囊剂,规格：0.6g,生产企业：河南羚锐制药股份有限公司,配送企业：,订购数量：0,批准文号：国药准字Z20000022",,,培元通脑胶囊,0.0,,False,True,pydantic_direct
matched_row_71,71,call_684fe43acc7c42be,"医院名称：北京市房山区阎村镇社区卫生服务中心,产品名称：去甲肾上腺素,商品名：无,剂型：注射液,规格：1ml:2mg,生产企业：天津金耀药业有限公司,配送企业：,订购数量：0,批准文号：国药准字H12020621",,,去甲肾上腺素,0.0,,False,True,pydantic_direct
matched_row_72,72,call_aec6f6d03c81465e,"医院名称：北京市垂杨柳医院,产品名称：丁溴东莨菪碱,商品名：无,剂型：注射液,规格：1ml:20mg,生产企业：烟台鲁银药业有限公司,配送企业：,订购数量：0,批准文号：国药准字H37022621",,,丁溴东莨菪碱,0.0,,False,True,pydantic_direct
matched_row_73,73,call_f390760e1cd840af,"医院名称：北京市延庆区千家店镇社区卫生服务中心,产品名称：耳聋左慈丸,商品名：无,剂型：水蜜丸,规格：60g(10g/100粒),生产企业：北京同仁堂股份有限公司同仁堂制药厂,配送企业：,订购数量：0,批准文号：国药准字Z11021242",,,耳聋左慈丸,0.0,,False,True,pydantic_direct
matched_row_74,74,call_d754154dc01a44a7,"医院名称：北京市平谷区金海湖镇社区卫生服务中心,产品名称：百令胶囊,商品名：无,剂型：胶囊剂,规格：0.5g,生产企业：杭州中美华东制药有限公司,配送企业：,订购数量：0,批准文号：国药准字Z10910036",,,百令胶囊,0.0,,False,True,pydantic_direct
matched_row_75,75,call_8f7209e602124e2c,"医院名称：北京朝阳中西医结合急诊抢救中心,产品名称：头孢地尼,商品名：无,剂型：分散片,规格：0.1g,生产企业：国药集团致君(深圳)制药有限公司,配送企业：,订购数量：10,批准文号：国药准字H20100147",,,头孢地尼,10.0,,False,True,pydantic_direct
matched_row_76,76,call_be7cc7751e364d06,"医院名称：北京市朝阳区东风社区卫生服务中心泛海分中心,产品名称：普伐他汀,商品名：富利他之,剂型：素片,规格：20mg,生产企业：瀚晖制药有限公司,配送企业：,订购数量：0,批准文号：国药准字H20050150",,,普伐他汀,0.0,,False,True,pydantic_direct
matched_row_77,77,call_89018ba9b0ce44e7,"医院名称：北京市延庆区刘斌堡乡社区卫生服务中心,产品名称：连花清瘟颗粒,商品名：无,剂型：颗粒剂,规格：6g,生产企业：北京以岭药业有限公司,配送企业：,订购数量：0,批准文号：国药准字Z20100040",,,连花清瘟颗粒,0.0,,False,True,pydantic_direct
matched_row_78,78,call_6437cea03472491e,"医院名称：北京市石景山区五里坨街道社区卫生服务中心,产品名称：双歧杆菌三联活菌,商品名：无,剂型：肠溶胶囊,规格：0.21g,生产企业：晋城海斯制药有限公司,配送企业：,订购数量：0,批准文号：国药准字S19993065",,,双歧杆菌三联活菌,0.0,,False,True,pydantic_direct
matched_row_79,79,call_c2ad93d864334d53,"医院名称：广外街道车站西街社区卫生服务站,产品名称：精蛋白生物合成人胰岛素,商品名：诺和灵N,剂型：注射用混悬剂,规格：3ml:300IU,生产企业：巴西诺和诺德Novo Nordisk Producao Farmaceutica do Brasil(诺和诺德(中国)制药有限公司分装),配送企业：,订购数量：0,批准文号：国药准字J20160055",,,精蛋白生物合成人胰岛素,0.0,,False,True,pydantic_direct
matched_row_80,80,call_f72fbef787874339,"医院名称：北京市房山区韩村河上中院社区卫生服务站,产品名称：精蛋白生物合成人胰岛素(预混50R),商品名：诺和灵50R,剂型：注射用混悬剂,规格：3ml:300IU,生产企业：诺和诺德(中国)制药有限公司,配送企业：,订购数量：0,批准文号：国药准字H20184041",,,精蛋白生物合成人胰岛素(预混50R),0.0,,False,True,pydantic_direct
matched_row_81,81,call_242cbe7a97da45fa,"医院名称：北京市朝阳区管庄第二社区卫生服务中心,产品名称：尼莫地平,商品名：尼膜同,剂型：薄膜衣片,规格：30mg,生产企业：拜耳医药保健有限公司,配送企业：,订购数量：0,批准文号：国药准字H20003010",,,尼莫地平,0.0,,False,True,pydantic_direct
matched_row_82,82,call_45fca5b744244795,"医院名称：北京市东城区天坛社区卫生服务中心,产品名称：托拉塞米,商品名：伊迈格,剂型：素片,规格：5mg,生产企业：湖北百科亨迪药业有限公司,配送企业：,订购数量：0,批准文号：国药准字H20040075",,,托拉塞米,0.0,,False,True,pydantic_direct
matched_row_83,83,call_bc01b329069a4af0,"医院名称：北京市朝阳区东坝社区卫生服务中心,产品名称：维生素AD,商品名：伊可新,剂型：滴剂,规格：VA1500IU:VD500IU,生产企业：山东达因海洋生物制药股份有限公司,配送企业：,订购数量：0,批准文号：国药准字H37022973",,,维生素AD,0.0,,False,True,pydantic_direct
matched_row_84,84,call_fe539bbfc0e54478,"医院名称：北京市朝阳区来广营社区卫生服务中心,产品名称：活血止痛膏,商品名：无,剂型：橡胶膏剂,规格：9cm×12cm,生产企业：湖北舒尔迈康药业有限公司,配送企业：,订购数量：0,批准文号：国药准字Z42021573",,,活血止痛膏,0.0,,False,True,pydantic_direct
matched_row_85,85,call_04de8db5a8ac4598,"医院名称：北京市西城区德胜社区卫生服务中心,产品名称：磷霉素氨丁三醇,商品名：无,剂型：散剂,规格：3g(以磷霉素计),生产企业：山西仟源医药集团股份有限公司,配送企业：,订购数量：0,批准文号：国药准字H19994124",,,磷霉素氨丁三醇,0.0,,False,True,pydantic_direct
matched_row_86,86,call_ee11f3f7c5494778,"医院名称：北京市延庆区刘斌堡乡社区卫生服务中心,产品名称：金水宝片,商品名：无,剂型：薄膜衣片,规格：0.42g(含发酵虫草菌粉0.25g),生产企业：江西济民可信药业有限公司,配送企业：,订购数量：0,批准文号：国药准字Z20163112",,,金水宝片,0.0,,False,True,pydantic_direct
matched_row_87,87,call_bacc8660243b4dc3,"医院名称：北京市房山区长阳镇社区卫生服务中心,产品名称：牛黄上清胶囊,商品名：无,剂型：胶囊剂,规格：0.3g,生产企业：江西康恩贝中药有限公司,配送企业：,订购数量：0,批准文号：国药准字Z10960013",,,牛黄上清胶囊,0.0,,False,True,pydantic_direct
matched_row_88,88,call_0596da3048e34658,"医院名称：北京市大兴区亦庄镇社区卫生服务中心,产品名称：妇阴康洗剂,商品名：无,剂型：洗剂,规格：10ml,生产企业：宿州亿帆药业有限公司,配送企业：,订购数量：0,批准文号：国药准字Z20123050",,,妇阴康洗剂,0.0,,False,True,pydantic_direct
matched_row_89,89,call_336ac412569943c1,"医院名称：丰台区太平桥街道顺驰蓝调社区卫生服务站,产品名称：伏格列波糖,商品名：无,剂型：分散片,规格：0.2mg,生产企业：江苏晨牌药业集团股份有限公司,配送企业：,订购数量：0,批准文号：国药准字H20061197",,,伏格列波糖,0.0,,False,True,pydantic_direct
matched_row_90,90,call_981217814d39405f,"医院名称：北京中能建医院,产品名称：坤宁口服液,商品名：无,剂型：合剂（含口服液）,规格：10ml,生产企业：荣昌制药(淄博)有限公司,配送企业：,订购数量：0,批准文号：国药准字Z20143004",,,坤宁口服液,0.0,,False,True,pydantic_direct
matched_row_91,91,call_11d397ccbb224277,"医院名称：北京市房山区燕山星城街道社区卫生服站,产品名称：通宣理肺颗粒,商品名：无,剂型：颗粒剂,规格：3g,生产企业：哈尔滨瀚钧药业有限公司,配送企业：,订购数量：0,批准文号：国药准字Z12020766",,,通宣理肺颗粒,0.0,,False,True,pydantic_direct
matched_row_92,92,call_ba6ebfe0877b41ed,"医院名称：北京安定门中医医院,产品名称：板蓝根颗粒,商品名：无,剂型：颗粒剂,规格：5g(相当于饮片7g),生产企业：北京同仁堂科技发展股份有限公司制药厂,配送企业：,订购数量：0,批准文号：国药准字Z11020356",,,板蓝根颗粒,0.0,,False,True,pydantic_direct
matched_row_93,93,call_ae83c9a99a104199,"医院名称：北京市通州区漷县镇觅子店社区卫生服务中心,产品名称：莫米松,商品名：无,剂型：鼻用喷雾剂,规格：0.05%(50μg/掀,60揿),生产企业：浙江仙琚制药股份有限公司,配送企业：,订购数量：0,批准文号：国药准字H20113481",,,莫米松,0.0,,False,True,pydantic_direct
matched_row_94,94,call_133fe61cd51e4e65,"医院名称：北京市丰台区花乡社区卫生服务中心,产品名称：胰岛素,商品名：诺和锐,剂型：注射液,规格：3ml:300单位,生产企业：丹麦诺和诺德公司Novo Nordisk A/S(诺和诺德(中国)制药有限公司分装),配送企业：,订购数量：0,批准文号：国药准字J20150073",,,胰岛素,0.0,,False,True,pydantic_direct
matched_row_95,95,call_8616dc64204b4004,"医院名称：北京市石景山区老山社区卫生服务中心,产品名称：左氧氟沙星,商品名：来立信,剂型：薄膜衣片,规格：0.2g,生产企业：浙江医药股份有限公司新昌制药厂,配送企业：,订购数量：0,批准文号：国药准字H20033922",,,左氧氟沙星,0.0,,False,True,pydantic_direct
matched_row_96,96,call_93cb4338de1347c4,"医院名称：北京市朝阳区芍药居南社区卫生服务站,产品名称：芪苈强心胶囊,商品名：无,剂型：胶囊剂,规格：0.3g,生产企业：石家庄以岭药业股份有限公司,配送企业：,订购数量：0,批准文号：国药准字Z20040141",,,芪苈强心胶囊,0.0,,False,True,pydantic_direct
matched_row_97,97,call_41ff4d0d728a4bb1,"医院名称：首都医科大学附属北京朝阳医院（京西院区）,产品名称：当归苦参丸,商品名：无,剂型：水蜜丸,规格：6g(10g/100粒),生产企业：北京同仁堂科技发展股份有限公司制药厂,配送企业：,订购数量：0,批准文号：国药准字Z11020318",,,当归苦参丸,0.0,,False,True,pydantic_direct
matched_row_98,98,call_b4d6f47c7ad249d3,"医院名称：北京市大兴区永华北里社区卫生服务站,产品名称：注射用水,商品名：无,剂型：注射溶媒,规格：10ml,生产企业：湖北科伦药业有限公司,配送企业：,订购数量：0,批准文号：国药准字H20113528",,,注射用水,0.0,,False,True,pydantic_direct
matched_row_99,99,call_726172552946480a,"医院名称：北京市西城区广外医院,产品名称：口服双歧杆菌、乳杆菌、肠球菌、腊样芽孢杆菌四联活菌,商品名：思连康,剂型：素片,规格：0.5g,生产企业：杭州远大生物制药有限公司,配送企业：,订购数量：0,批准文号：国药准字S20060010",,,口服双歧杆菌、乳杆菌、肠球菌、腊样芽孢杆菌四联活菌,0.0,,False,True,pydantic_direct
matched_row_100,100,call_8dbcf83e9a76449f,"医院名称：北京市平谷区平谷镇社区卫生服务中心,产品名称：感冒清热颗粒,商品名：无,剂型：颗粒剂,规格：12g,生产企业：北京同仁堂科技发展股份有限公司制药厂,配送企业：,订购数量：0,批准文号：国药准字Z11020361",,,感冒清热颗粒,0.0,,False,True,pydantic_direct
matched_row_101,101,call_c3c50502f8c24b5d,"医院名称：北京市大兴区安定镇中心卫生院,产品名称：氨酚伪麻美芬片/氨麻美敏片(Ⅱ),商品名：日夜百服咛,剂型：薄膜衣片,规格：复方,生产企业：中美上海施贵宝制药有限公司,配送企业：,订购数量：0,批准文号：国药准字H10970388/国药准字H10970387",,,氨酚伪麻美芬片/氨麻美敏片(Ⅱ),0.0,,False,True,pydantic_direct
matched_row_102,102,call_802d1d6ced584dd1,"医院名称：首都医科大学附属复兴医院,产品名称：苯海拉明,商品名：无,剂型：注射液,规格：1ml:20mg,生产企业：天津金耀药业有限公司,配送企业：,订购数量：0,批准文号：国药准字H12020617",,,苯海拉明,0.0,,False,True,pydantic_direct
matched_row_103,103,call_402ca5ca5990400a,"医院名称：北京市朝阳区小关街道惠新北里社区卫生服务站,产品名称：香砂平胃颗粒,商品名：无,剂型：颗粒剂,规格：10g,生产企业：云南腾药制药股份有限公司,配送企业：,订购数量：0,批准文号：国药准字Z53021652",,,香砂平胃颗粒,0.0,,False,True,pydantic_direct
matched_row_104,104,call_334e91f08e834e66,"医院名称：北京长城中医医院,产品名称：六味地黄丸,商品名：无,剂型：浓缩丸,规格：每8丸重1.44克( 每8丸相当于原药材3g ),生产企业：北京同仁堂科技发展股份有限公司制药厂,配送企业：,订购数量：0,批准文号：国药准字Z19993068",,,六味地黄丸,0.0,,False,True,pydantic_direct
matched_row_105,105,call_ba0bd00f571f4600,"医院名称：北京市朝阳区东坝第二社区卫生服务中心,产品名称：前列地尔,商品名：无,剂型：干乳剂,规格：5μg,生产企业：重庆药友制药有限责任公司,配送企业：,订购数量：0,批准文号：国药准字H20100047",,,前列地尔,0.0,,False,True,pydantic_direct
matched_row_106,106,call_b420cab7819b488d,"医院名称：房山区大石窝石窝社区卫生服务站,产品名称：复方鲜竹沥液,商品名：无,剂型：合剂（含口服液）,规格：20ml,生产企业：江西济民可信药业有限公司,配送企业：,订购数量：0,批准文号：国药准字Z36021946",,,复方鲜竹沥液,0.0,,False,True,pydantic_direct
matched_row_107,107,call_53c61138b8254532,"医院名称：北京市怀柔区琉璃庙镇卫生院,产品名称：利多卡因,商品名：无,剂型：注射液,规格：5ml:0.1g,生产企业：天津金耀药业有限公司,配送企业：,订购数量：0,批准文号：国药准字H12021000",,,利多卡因,0.0,,False,True,pydantic_direct
matched_row_108,108,call_d24d83602e6e49b6,香格里拉市妇幼保健院中心供氧建设项目 中标（成交）结果公告 一、项目编号：4533421JH202000103 二、项目名称：香格里拉市妇幼保健院中心供氧建设项目 三、中标（成交）信息 供应商名称：云南泰诺生物科技有限公司（统一信用代码：9153011259711638XJ） 供应商地址：云南省昆明市西山区马街延长线春雨路旁云南医药物流中心2幢504号 中标（成交）金额：496800.00元 四、主要标的信息 货物类 1.主要标的名称：集成式医用分子筛制氧,,,集成式医用分子筛制氧,,496800.0,True,True,pydantic_direct
matched_row_109,109,call_63bd7634b44d42b5,"医院名称：北京市石景山区八角街道八角北路社区卫生服务站,产品名称：培哚普利,商品名：雅施达,剂型：素片,规格：4mg,生产企业：施维雅(天津)制药有限公司,配送企业：,订购数量：0,批准文号：国药准字H20034053",,,培哚普利,0.0,,False,True,pydantic_direct
matched_row_110,110,call_c2c3f69d2342416b,"医院名称：北京复兴博爱眼科中心,产品名称：红霉素,商品名：无,剂型：眼膏剂,规格：2.5g:12.5mg(0.5%),生产企业：北京双吉制药有限公司,配送企业：,订购数量：0,批准文号：国药准字H11021270",,,红霉素,0.0,,False,True,pydantic_direct
matched_row_111,111,call_7e7277d8dc9f40e5,"医院名称：北京市房山区韩村河七贤社区卫生服务站,产品名称：布洛芬,商品名：芬必得,剂型：缓释胶囊,规格：0.3g,生产企业：中美天津史克制药有限公司,配送企业：,订购数量：0,批准文号：国药准字H10900089",,,布洛芬,0.0,,False,True,pydantic_direct
matched_row_112,112,call_bbd21e914e394894,"医院名称：北京按摩医院,产品名称：感冒清热颗粒,商品名：无,剂型：颗粒剂,规格：12g,生产企业：北京同仁堂科技发展股份有限公司制药厂,配送企业：,订购数量：0,批准文号：国药准字Z11020361",,,感冒清热颗粒,0.0,,False,True,pydantic_direct
matched_row_113,113,call_ccc1bcbf65e64d69,"医院名称：北京市朝阳区和平街街道胜古庄社区卫生服务站,产品名称：多潘立酮,商品名：吗丁啉,剂型：素片,规格：10mg,生产企业：西安杨森制药有限公司,配送企业：,订购数量：0,批准文号：国药准字H10910003",,,多潘立酮,0.0,,False,True,pydantic_direct
matched_row_114,114,call_4b0cc671889a44da,"医院名称：北京市大兴区长子营镇中心卫生院,产品名称：柏子养心丸,商品名：无,剂型：水蜜丸,规格：60g(10g/100粒),生产企业：北京同仁堂股份有限公司同仁堂制药厂,配送企业：,订购数量：0,批准文号：国药准字Z11020080",,,柏子养心丸,0.0,,False,True,pydantic_direct
matched_row_115,115,call_8751a040339543a4,"医院名称：北京市朝阳区和平街社区卫生服务中心,产品名称：奥美拉唑,商品名：无,剂型：肠溶片,规格：10mg,生产企业：山东新时代药业有限公司,配送企业：,订购数量：0,批准文号：国药准字H20044871",,,奥美拉唑,0.0,,False,True,pydantic_direct
matched_row_116,116,call_8a9cb5849a734d59,"医院名称：北京南郊肿瘤医院,产品名称：肠内营养(整蛋白型),商品名：能全素,剂型：散剂,规格：320g,生产企业：德国Milupa Gmbh,配送企业：,订购数量：0,批准文号：H20170172",,,肠内营养(整蛋白型),0.0,,False,True,pydantic_direct
matched_row_117,117,call_b692450bcf2c471d,"医院名称：北京市东城区体育馆路社区卫生服务中心,产品名称：橘红痰咳煎膏,商品名：无,剂型：煎膏剂,规格：200g,生产企业：广东化州中药厂制药有限公司,配送企业：,订购数量：0,批准文号：国药准字Z44022178",,,橘红痰咳煎膏,0.0,,False,True,pydantic_direct
matched_row_118,118,call_f9410b80c69b4f3a,"医院名称：北京昌平同康中医门诊部,产品名称：芪胶升白胶囊,商品名：无,剂型：胶囊剂,规格：0.5g,生产企业：贵州汉方药业有限公司,配送企业：,订购数量：0,批准文号：国药准字Z20025027",,,芪胶升白胶囊,0.0,,False,True,pydantic_direct
matched_row_119,119,call_6c970a4efa0c4d59,"医院名称：北京市老年病医院,产品名称：仙灵骨葆胶囊,商品名：无,剂型：胶囊剂,规格：0.5g,生产企业：国药集团同济堂(贵州)制药有限公司,配送企业：,订购数量：0,批准文号：国药准字Z20025337",,,仙灵骨葆胶囊,0.0,,False,True,pydantic_direct
matched_row_120,120,call_c883ee181471453e,"医院名称：北京市石景山区老山社区卫生服务中心,产品名称：咽立爽口含滴丸,商品名：无,剂型：滴丸,规格：25mg,生产企业：贵州黄果树立爽药业有限公司,配送企业：,订购数量：0,批准文号：国药准字Z20025286",,,咽立爽口含滴丸,0.0,,False,True,pydantic_direct
matched_row_121,121,call_d598fc6c365948ca,中标结果公告 一、招标编号：Q5300000000520001074C2 二、项目名称：昆明医科大学第二附属医院生殖医学设备采购项目（三次） 三、中标信息 供应商名称：昆明欣冉医疗器械有限公司 供应商地址：云南省昆明市盘龙区白龙路与环城东路交叉口滇高商务大楼12层1205室 中标金额（万元）：53.8 供应商名称：昆明欣冉医疗器械有限公司 供应商地址：云南省昆明市盘龙区白龙路与环城东路交叉口滇高商务大楼12层1205室 中标金额（万元）：76 四、主要标的,,,生殖医学设备,,1298000.0,True,True,pydantic_direct
matched_row_122,122,call_9e69ed8bfcf2452c,中标结果公告 一、项目编号:Q5300000000W20001246 二、项目名称：昆明医科大学第二附属医院生殖医学设备采购项目 三、中标信息 供应商名称：云南思博医药有限公司 供应商地址：云南省昆明市盘龙区白龙路375号世博集团综合大楼五楼5115--5120室 中标金额(万元)：183.6 四、主要标的信息 货物类 名称：彩色超声诊断仪 品牌：GE Ultrasound Korea，Ltd. 规格型号：VOLUSON S8 数量：1套 单价：183.6,,,彩色超声诊断仪,1.0,1836000.0,True,True,pydantic_direct
matched_row_123,123,call_a8cdc1378728424c,中标结果公告 一、招标编号：Q5300000000W20001246 二、项目名称：昆明医科大学第二附属医院生殖医学设备采购项目 三、中标信息 供应商名称：云南思博医药有限公司 供应商地址：云南省昆明市盘龙区白龙路375号世博集团综合大楼五楼5115--5120室 中标金额（万元）：183.6 四、主要标的信息 货物类 名称：彩色超声诊断仪 品牌：GE Ultrasound Korea，Ltd. 规格型号：VOLUSON S8 数量：1套 单价：183.6,,,彩色超声诊断仪,1.0,1836000.0,True,True,pydantic_direct
matched_row_124,124,call_2e7aed2e5e404e72,个旧市人民医院一批彩色多普勒超声诊断仪采购项目中标公告 发布时间：2020-07-09 个旧市人民医院一批彩色多普勒超声诊断仪采购项目中标公告 采购项目名称：个旧市人民医院一批彩色多普勒超声诊断仪采购项目 项目编号：Q5300000000320001321 招标内容：对个旧市人民医院所需彩色多普勒超声诊断仪进行采购，共计1批。具体要求详见招标文件“第五章 项目需求及技术要求”。 招标公告发布日期：2020年06月17日 开标日期：2020年07月09日 定,,,彩色多普勒超声诊断仪,,,True,True,pydantic_direct
matched_row_125,125,call_bbe846d491534dce,香格里拉妇市幼保健院中心供氧建设项目 中标（成交）结果公告 一、项目编号：4533421JH202000103 二、项目名称：香格里拉妇市幼保健院中心供氧建设项目 三、中标（成交）信息 供应商名称：云南泰诺生物科技有限公司（统一信用代码：9153011259711638XJ） 供应商地址：云南省昆明市西山区马街延长线春雨路旁云南医药物流中心2幢504号 中标（成交）金额：496800.00元 四、主要标的信息 货物类 1.主要标的名称：集成式医用分子筛制氧,,,集成式医用分子筛制氧,,496800.0,True,True,pydantic_direct
matched_row_126,126,call_32228447969647da,"医院名称：北京市和平街街道十四区社区卫生服务站,产品名称：氯吡格雷,商品名：波立维,剂型：薄膜衣片,规格：75mg,生产企业：法国赛诺菲Sanofi Winthrop Industries(赛诺菲(杭州)制药有限公司分装),配送企业：,订购数量：0,批准文号：国药准字J20130083",,,氯吡格雷,0.0,,False,True,pydantic_direct
matched_row_127,127,call_5e6ca87ac2a6406e,"医院名称：中国民用航空总医院,产品名称：甲硝唑,商品名：无,剂型：素片,规格：0.2g,生产企业：北京春风药业有限公司,配送企业：,订购数量：0,批准文号：国药准字H20053396",,,甲硝唑,0.0,,False,True,pydantic_direct
matched_row_128,128,call_842ce5c1819c47a7,"医院名称：北京市丰台区云岗社区卫生服务中心,产品名称：布地奈德福莫特罗,商品名：信必可都保,剂型：吸入剂,规格：(160μg/4.5μg)/吸×60,生产企业：瑞典阿斯利康AstraZeneca AB,配送企业：,订购数量：0,批准文号：",,,布地奈德福莫特罗,0.0,,False,True,pydantic_direct
matched_row_129,129,call_4c2a9230a5e048c8,"医院名称：北京市延庆区永宁镇社区卫生服务中心,产品名称：尪痹胶囊,商品名：无,剂型：胶囊剂,规格：0.55g,生产企业：辽宁华润本溪三药有限公司,配送企业：,订购数量：0,批准文号：国药准字Z20080096",,,尪痹胶囊,0.0,,False,True,pydantic_direct
matched_row_130,130,call_f62e94ebd418404b,"医院名称：北京市房山区韩村河五候社区卫生服务站,产品名称：塞来昔布,商品名：西乐葆,剂型：胶囊剂,规格：0.2g,生产企业：美国Pfizer Pharmaceuticals LLC波多黎各分厂(辉瑞制药公司分装),配送企业：,订购数量：0,批准文号：国药准字J20140072",,,塞来昔布,0.0,,False,True,pydantic_direct
matched_row_131,131,call_e7b711c36610464f,"医院名称：北京市平谷区南独乐河镇社区卫生服务中心,产品名称：参松养心胶囊,商品名：无,剂型：胶囊剂,规格：0.4g,生产企业：北京以岭药业有限公司,配送企业：,订购数量：0,批准文号：国药准字Z20103032",,,参松养心胶囊,0.0,,False,True,pydantic_direct
matched_row_132,132,call_8ba5e764401045fb,"医院名称：北京市房山区韩村河五候社区卫生服务站,产品名称：复方鲜竹沥液,商品名：无,剂型：合剂（含口服液）,规格：20ml,生产企业：江西济民可信药业有限公司,配送企业：,订购数量：0,批准文号：国药准字Z36021946",,,复方鲜竹沥液,0.0,,False,True,pydantic_direct
matched_row_133,133,call_db8a1228951f4c5b,"医院名称：北京市丰盛中医骨伤专科医院,产品名称：复方倍他米松,商品名：得宝松,剂型：注射液,规格：1ml:5mg:2mg,生产企业：比利时先灵葆雅Schering-Plough Labo N. V.(杭州默沙东制药有限公司分装),配送企业：,订购数量：0,批准文号：国药准字J20140160",,,复方倍他米松,0.0,,False,True,pydantic_direct
matched_row_134,134,call_f0c8b6bb62334b77,"医院名称：房山区青龙湖镇坨里社区卫生服务站,产品名称：头孢地尼,商品名：希福尼,剂型：分散片,规格：50mg,生产企业：天津市中央药业有限公司,配送企业：,订购数量：0,批准文号：国药准字H20060980",,,头孢地尼,0.0,,False,True,pydantic_direct
matched_row_135,135,call_d428864fc33f4714,"医院名称：北京老年医院,产品名称：西洛他唑,商品名：无,剂型：素片,规格：50mg,生产企业：四川省旭晖制药有限公司,配送企业：,订购数量：0,批准文号：国药准字H20074099",,,西洛他唑,0.0,,False,True,pydantic_direct
matched_row_136,136,call_c9ab0e34deb34106,"医院名称：北京市海淀区上地社区卫生服务中心,产品名称：同仁大活络丸,商品名：无,剂型：蜜丸,规格：3.6g,生产企业：北京同仁堂股份有限公司同仁堂制药厂,配送企业：,订购数量：0,批准文号：国药准字Z11020090",,,同仁大活络丸,0.0,,False,True,pydantic_direct
matched_row_137,137,call_c25c016920694e6b,"医院名称：北京市崇文区法华寺社区卫生服务站,产品名称：雷尼替丁,商品名：无,剂型：胶囊剂,规格：0.15g,生产企业：佛山手心制药有限公司,配送企业：,订购数量：0,批准文号：国药准字H44021231",,,雷尼替丁,0.0,,False,True,pydantic_direct
matched_row_138,138,call_a0a517bd148349b5,"医院名称：北京市房山区韩村河五候社区卫生服务站,产品名称：克拉霉素,商品名：无,剂型：薄膜衣片,规格：0.125g,生产企业：广东逸舒制药股份有限公司,配送企业：,订购数量：0,批准文号：国药准字H20059139",,,克拉霉素,0.0,,False,True,pydantic_direct
matched_row_139,139,call_a05eb906d2564b69,"医院名称：北京市西城区德胜社区卫生服务中心,产品名称：氨氯地平,商品名：络活喜,剂型：素片,规格：5mg,生产企业：辉瑞制药有限公司,配送企业：,订购数量：0,批准文号：国药准字H10950224",,,氨氯地平,0.0,,False,True,pydantic_direct
matched_row_140,140,call_2c02e3f1bc064ff7,"医院名称：北京市平谷区大兴庄镇社区卫生服务中心,产品名称：通络祛痛膏,商品名：无,剂型：橡胶膏剂,规格：7cm×10cm,生产企业：河南羚锐制药股份有限公司,配送企业：,订购数量：0,批准文号：国药准字Z20000065",,,通络祛痛膏,0.0,,False,True,pydantic_direct
matched_row_141,141,call_5ed13578ca8e4d27,"医院名称：北京燕化医院,产品名称：注射用水,商品名：无,剂型：注射溶媒,规格：2ml,生产企业：石家庄四药有限公司,配送企业：,订购数量：0,批准文号：国药准字H13023113",,,注射用水,0.0,,False,True,pydantic_direct
matched_row_142,142,call_43dad9df9bfd40f3,"医院名称：延庆区南菜园社区卫生服务中心（新兴小区卫生服务站),产品名称：,商品名：无,剂型：糖浆剂,规格：200ml,生产企业：太极集团重庆涪陵制药厂有限公司,配送企业：,订购数量：0,批准文号：国药准字Z50020615",,,糖浆剂,0.0,,False,True,pydantic_direct
matched_row_143,143,call_47619a83de4e45c6,"医院名称：北京市平谷区中医医院,产品名称：小金胶囊,商品名：无,剂型：胶囊剂,规格：0.3g,生产企业：四川省天基生物药业有限公司,配送企业：,订购数量：0,批准文号：国药准字Z19980097",,,小金胶囊,0.0,,False,True,pydantic_direct
matched_row_144,144,call_c337b9291b7c4bce,"医院名称：北京市老年病医院,产品名称：麝香壮骨膏,商品名：无,剂型：橡胶膏剂,规格：8cm×13cm,生产企业：黄石卫生材料药业有限公司,配送企业：,订购数量：0,批准文号：国药准字Z42021305",,,麝香壮骨膏,0.0,,False,True,pydantic_direct
matched_row_145,145,call_371b84a3c8f14385,"医院名称：北京市大兴区妇幼保健院,产品名称：醋酸钙,商品名：无,剂型：颗粒剂,规格：3g:0.2g,生产企业：昆明邦宇制药有限公司,配送企业：,订购数量：0,批准文号：国药准字H53021640",,,醋酸钙,0.0,,False,True,pydantic_direct
matched_row_146,146,call_9c536b62aa4544a8,"医院名称：北京市丰台区大红门街道南顶路社区卫生服务站,产品名称：卡维地洛,商品名：无,剂型：素片,规格：12.5mg,生产企业：海南绿岛制药有限公司,配送企业：,订购数量：0,批准文号：国药准字H20083899",,,卡维地洛,0.0,,False,True,pydantic_direct
matched_row_147,147,call_f19c16d344124f0e,"医院名称：北京市丰台区花乡社区卫生服务中心,产品名称：胰岛素,商品名：无,剂型：注射液,规格：3ml:300单位,生产企业：诺和诺德(中国)制药有限公司,配送企业：,订购数量：0,批准文号：国药准字S20153001",,,胰岛素,0.0,,False,True,pydantic_direct
matched_row_148,148,call_38dd4bb0c03b454a,"医院名称：北京市房山区城关街道北里社区卫生服务站,产品名称：温胃舒胶囊,商品名：无,剂型：胶囊剂,规格：0.4g,生产企业：合肥华润神鹿药业有限公司,配送企业：,订购数量：0,批准文号：国药准字Z34020288",,,温胃舒胶囊,0.0,,False,True,pydantic_direct
matched_row_149,149,call_fc1b502bba9640a3,"医院名称：北京市中西医结合医院,产品名称：云南白药气雾剂,商品名：无,剂型：气雾剂,规格：50g/60g,生产企业：云南白药集团股份有限公司,配送企业：,订购数量：0,批准文号：国药准字Z53021107",,,云南白药气雾剂,0.0,,False,True,pydantic_direct
matched_row_150,150,call_caaf212335a54fa3,"医院名称：顺义区李桥社区卫生服务中心头二营社区卫生服务站,产品名称：阿卡波糖,商品名：卡博平,剂型：素片,规格：50mg,生产企业：杭州中美华东制药有限公司,配送企业：,订购数量：0,批准文号：国药准字H20020202",,,阿卡波糖,0.0,,False,True,pydantic_direct
matched_row_151,151,call_1f704042a0cf4f62,"医院名称：北京惠兰医院,产品名称：开塞露(含甘油),商品名：无,剂型：溶液剂,规格：20ml,生产企业：北京麦迪海药业有限责任公司,配送企业：,订购数量：0,批准文号：国药准字H11021175",,,开塞露(含甘油),0.0,,False,True,pydantic_direct
matched_row_152,152,call_f2ea1c40d77143d3,"医院名称：北京市崇文区龙潭北里社区卫生服务站,产品名称：瑞舒伐他汀钙,商品名：可定,剂型：薄膜衣片,规格：10mg,生产企业：波多黎各IPR Pharmaceuticals, INC.(阿斯利康药业(中国)有限公司分装),配送企业：,订购数量：0,批准文号：国药准字J20170008",,,瑞舒伐他汀钙,0.0,,False,True,pydantic_direct
matched_row_153,153,call_5a4ae1445c474673,"医院名称：北京航天总医院,产品名称：前列地尔,商品名：凯时,剂型：注射液,规格：2ml:10μg,生产企业：北京泰德制药股份有限公司,配送企业：,订购数量：0,批准文号：国药准字H10980024",,,前列地尔注射液,0.0,,False,True,pydantic_direct
matched_row_154,154,call_b7a3c5e6a5734e56,"医院名称：北京市大兴区妇幼保健院,产品名称：甲氧明,商品名：无,剂型：注射液,规格：1ml:10mg,生产企业：远大医药(中国)有限公司,配送企业：,订购数量：0,批准文号：国药准字H42021934",,,甲氧明,0.0,,False,True,pydantic_direct
matched_row_155,155,call_d4c32510435d48f9,"医院名称：北京市回民医院,产品名称：奥洛他定,商品名：帕坦洛,剂型：滴眼剂,规格：5ml:5mg(0.1%),生产企业：美国爱尔康眼药厂比利时分厂s.a. ALCON-COUVREUR n.v.,配送企业：,订购数量：0,批准文号：H20150047",,,奥洛他定,0.0,,False,True,pydantic_direct
matched_row_156,156,call_b55786b32e164d46,"万载县政府采购中心受万载县人民医院西院的委托，就其高清腹腔镜系统和泌尿内窥镜碎石系统项目（项目编号：中心-WZ2020-22）进行电子化公开招标。采购活动于2020年6月17日上午9：00分在万载县公共资源交易中心举行。经评标委员会推荐、采购人确定，成交结果如下： 1、中标供应商：江西祥晶医疗器械有限公司 供应商地址：江西省南昌市进贤县长山晏乡熊伟路23号302室 序号 货物名称 制造商、品牌 规格、型号 产地 数量 1 26寸监视器 深圳市巨烽显示科技有限公司、巨峰 PV26 深圳市南山区学苑大道1001号南山智园B1栋12楼 1 2 摄像主机 南京迈瑞生物医疗电子有限公司、迈瑞 HD3 南京市江宁经济技术开发区正方中路666号 1 3 LED光源 南京迈瑞生物医疗电子有限公司、迈瑞 HB200L 南京市江宁经济技术开发区正方中路666号 1 4 光纤 南京迈瑞生物医疗电子有限公司、迈瑞 \ 南京市江宁经济技术开发区正方中路666号 1 5 腹腔镜镜头 南京迈瑞生物医疗电子有限公司、迈瑞 M01030A 南京市江宁经济技术开发区正方中路666号 1 6 气腹机 南京迈瑞生物医疗电子有限公司、迈瑞 HS-50F 南京市江宁经济技术开发区正方中路666号 1 7 台车 南京迈瑞生物医疗电子有限公司、迈瑞 \ 南京市江宁经济技术开发区正方中路666号 1 8 输尿管镜6/7.5Fr 杭州索德医疗设备有限公司、迈瑞 SWD-SNJ-I (SNJ-I-004430) 桐庐县城瑶琳路7号 1 9 硬性活检钳 杭州索德医疗设备有限公司、索德 SWD-PGJ-II 桐庐县城瑶琳路7号 1 10 硬性取石钳 杭州索德医疗设备有限公司、索德 SWD-PGJ-II 桐庐县城瑶琳路7号 1 11 硬性异物钳 杭州索德医疗设备有限公司、索德 SWD-PGJ-II 桐庐县城瑶琳路7号 1 12 输尿管镜-8/9.8Fr 杭州索德医疗设备有限公司、索德 SWD-SNJ-I (SNJ-I-005430) 桐庐县城瑶琳路7号 1 13 硬性活检钳 杭州索德医疗设备有限公司、索德 SWD-PGJ-II 桐庐县城瑶琳路7号 1 14 硬性取石钳 杭州索德医疗设备有限公司、索德 SWD-PGJ-II 桐庐县城瑶琳路7号 1 15 硬性异物钳 杭州索德医疗设备有限公司、索德 SWD-PGJ-II 桐庐县城瑶琳路7号 1 16 膀胱镜 杭州索德医疗设备有限公司、索德 SWD-PGJ 桐庐县城瑶琳路7号 1 17 异物状钳 杭州索德医疗设备有限公司、索德 SWD-PGJ-I 桐庐县城瑶琳路7号 1 18 活检状钳 杭州索德医疗设备有限公司、索德 SWD-PGJ-I 桐庐县城瑶琳路7号 1 19 剪状钳 杭州索德医疗设备有限公司、索德 SWD-PGJ-I 桐庐县城瑶琳路7号 1 20 锯齿状钳 杭州索德医疗设备有限公司、索德 SWD-PGJ-I 桐庐县城瑶琳路7号 1 21 ELLIC（艾力可） 杭州桐庐医达器械设备有限公司、医达 \ 杭州市桐庐县县城城南路618号 1 22 灌注泵 桐庐精锐医疗器械有限公司、精锐 JRG-I 杭州市桐庐县县城青山路129号 1 23 腔内气压弹道碎石机 杭州好克光电仪器有限公司、好克 ELE 萧山区所前镇新达路9号 1 手术器械 24 金属穿刺器5mm 杭州光典医疗器械有限公司、光典 221-51115 浙江省杭州市桐庐县桐庐经济开发区凤翔路2号 2 金属穿刺器10mm 杭州光典医疗器械有限公司、光典 221-51115 浙江省杭州市桐庐县桐庐经济开发区凤翔路2号 2 转换头30mm 杭州光典医疗器械有限公司、光典 221-01725 浙江省杭州市桐庐县桐庐经济开发区凤翔路2号 1 转换头95mm 杭州光典医疗器械有限公司、光典 221-01755 浙江省杭州市桐庐县桐庐经济开发区凤翔路2号 1 弯分离钳（22mm） 杭州光典医疗器械有限公司、光典 222-5S3023 浙江省杭州市桐庐县桐庐经济开发区凤翔路2号 2 鸭嘴抓钳（带孔，18mm） 杭州光典医疗器械有限公司、光典 222-5S3213 浙江省杭州市桐庐县桐庐经济开发区凤翔路2号 1 弯剪（20mm） 杭州光典医疗器械有限公司、光典 222-5S3012 浙江省杭州市桐庐县桐庐经济开发区凤翔路2号 1 肠抓钳（带孔横齿，37mm） 杭州光典医疗器械有限公司、光典 222-5S4303 浙江省杭州市桐庐县桐庐经济开发区凤翔路2号 1 取石钳（单动，32mm） 杭州光典医疗器械有限公司、光典 222-0S4883 浙江省杭州市桐庐县桐庐经济开发区凤翔路2号 1 直角分离钳（16mm） 杭州光典医疗器械有限公司、光典 222-5S3123 浙江省杭州市桐庐县桐庐经济开发区凤翔路2号 1 大鼠齿抓钳（34mm） 杭州光典医疗器械有限公司、光典 222-0S3423 浙江省杭州市桐庐县桐庐经济开发区凤翔路2号 1 三通冲洗管（中号） 杭州光典医疗器械有限公司、光典 221-55124 浙江省杭州市桐庐县桐庐经济开发区凤翔路2号 1 钛夹钳（3号） 杭州光典医疗器械有限公司、光典 221-05136 浙江省杭州市桐庐县桐庐经济开发区凤翔路2号 1 电勾 杭州光典医疗器械有限公司、光典 222-51110 浙江省杭州市桐庐县桐庐经济开发区凤翔路2号 1 10mm密封帽 杭州光典医疗器械有限公司、光典 221-01925 浙江省杭州市桐庐县桐庐经济开发区凤翔路2号 10 5mm密封帽 杭州光典医疗器械有限公司、光典 221-51925 浙江省杭州市桐庐县桐庐经济开发区凤翔路2号 10 气腹针 杭州光典医疗器械有限公司、光典 221-25147 浙江省杭州市桐庐县桐庐经济开发区凤翔路2号 1 双极电凝钳 杭州光典医疗器械有限公司、光典 222-53111 浙江省杭州市桐庐县桐庐经济开发区凤翔路2号 1 双极高频电线 杭州光典医疗器械有限公司、光典 999-016 浙江省杭州市桐庐县桐庐经济开发区凤翔路2号 1 单极线 杭州光典医疗器械有限公司、光典 999-030 浙江省杭州市桐庐县桐庐经济开发区凤翔路2号 1 五叶撑开器 杭州光典医疗器械有限公司、光典 221-05913 浙江省杭州市桐庐县桐庐经济开发区凤翔路2号 1 直V形持针钳（左弯） 杭州光典医疗器械有限公司、光典 221-56426 浙江省杭州市桐庐县桐庐经济开发区凤翔路2号 1 器械消毒盒 杭州光典医疗器械有限公司、光典 111-001 浙江省杭州市桐庐县桐庐经济开发区凤翔路2号 1 内窥镜消毒盒 杭州光典医疗器械有限公司、光典 111-002 浙江省杭州市桐庐县桐庐经济开发区凤翔路2号 1 弹簧钳 杭州光典医疗器械有限公司、光典 221-56403 浙江省杭州市桐庐县桐庐经济开发区凤翔路2号 1 中标金额 壹佰壹拾玖万伍仟伍佰贰拾元整（￥1195520.00） 服务要求 （1）所投设备类产品（除手术器械、ELLIC（艾力可）、光纤）质保期2年，按国家或行业要求的“三包”标准执行。（2）在质保期内，成交供应商提供 7×24 小时即时响应服务，所有服务方式均为成交供应商上门服务；承诺4小时内到达现场并解决问题（节假日照常服务）。（3）其余售后服务要求详见招标文件。 2、评标委员会成员名单：宋咏岚（组长）、兰筱辉、马文波、张庚平、吴青海 3、采购人：万载县人民医院西院联系人：吴青海联系电话：13970535653 4、采购代理机构：万载县政府采购中心联系人：张伟 联系电话： 0795-8816850 联系地址：万载县沿河西路262号 5、定标日期：2020年6月17日 本项目成交公告公示期为一个工作日。如有异议，可在本公告发布届满之日起七个工作日内，以书面形式向万载县政府采购中心提出质疑，逾期将不再受理。 万载县政府采购中心 2020年6月17日 本项目代理费用金额为17151.0元 标段编号：中心-WZ2020-22 评委姓名：马文波,宋咏岚,张庚平,兰筱辉",,,高清腹腔镜系统和泌尿内窥镜碎石系统,,1195520.0,True,True,pydantic_direct
matched_row_157,157,call_889b69f54c744aa7,"医院名称：北京市西城区德胜街道裕中东里社区卫生服务站,产品名称：莫匹罗星,商品名：百多邦,剂型：软膏剂,规格：5g:0.1g,生产企业：中美天津史克制药有限公司,配送企业：,订购数量：0,批准文号：国药准字H10930064",,,莫匹罗星,0.0,,False,True,pydantic_direct
matched_row_158,158,call_5bda3e95ef294451,"医院名称：北京普祥中医肿瘤医院,产品名称：华法林,商品名：无,剂型：糖衣片,规格：2.5mg,生产企业：齐鲁制药有限公司,配送企业：,订购数量：0,批准文号：国药准字H37021314",,,华法林,0.0,,False,True,pydantic_direct
matched_row_159,159,call_1cf44a469ed14960,"医院名称：北京市宣武中医医院,产品名称：美罗培南,商品名：无,剂型：溶媒结晶粉针剂,规格：0.25g,生产企业：北大医药股份有限公司,配送企业：,订购数量：0,批准文号：国药准字H20093263",,,美罗培南,0.0,,False,True,pydantic_direct
matched_row_160,160,call_6b99139c66154252,"医院名称：北京市延庆区儒林社区卫生服务中心,产品名称：复方鲜竹沥液,商品名：无,剂型：合剂（含口服液）,规格：20ml,生产企业：江西济民可信药业有限公司,配送企业：,订购数量：0,批准文号：国药准字Z36021946",,,复方鲜竹沥液,0.0,,False,True,pydantic_direct
matched_row_161,161,call_9b9e525962004d5c,"医院名称：北京市通州区妇幼保健院,产品名称：米非司酮,商品名：无,剂型：素片,规格：25mg,生产企业：华润紫竹药业有限公司,配送企业：,订购数量：0,批准文号：国药准字H10950003",,,米非司酮,0.0,,False,True,pydantic_direct
matched_row_162,162,call_0f7197111847422c,"医院名称：北京市和平里医院,产品名称：异山梨酯,商品名：无,剂型：素片,规格：5mg,生产企业：上海复旦复华药业有限公司,配送企业：,订购数量：0,批准文号：国药准字H31021370",,,异山梨酯,0.0,,False,True,pydantic_direct
matched_row_163,163,call_135b725c918b4771,"医院名称：首都医科大学宣武医院,产品名称：苏黄止咳胶囊,商品名：无,剂型：胶囊剂,规格：0.45g,生产企业：扬子江药业集团北京海燕药业有限公司,配送企业：,订购数量：1000,批准文号：国药准字Z20103075",,,苏黄止咳胶囊,1000.0,,False,True,pydantic_direct
matched_row_164,164,call_f88ac68bba2c46ff,"医院名称：北京中能建医院,产品名称：碘甘油,商品名：无,剂型：溶液剂,规格：20ml,生产企业：上海运佳黄浦制药有限公司,配送企业：,订购数量：0,批准文号：国药准字H31021302",,,碘甘油,0.0,,False,True,pydantic_direct
matched_row_165,165,call_544d4ae57fb64dfc,"医院名称：首都医科大学附属北京安定医院,产品名称：生物合成人胰岛素,商品名：诺和灵R,剂型：注射液,规格：3ml:300IU,生产企业：诺和诺德(中国)制药有限公司,配送企业：,订购数量：0,批准文号：国药准字H20174124",,,生物合成人胰岛素,0.0,,False,True,pydantic_direct
matched_row_166,166,call_3e4ea4e704aa4039,"医院名称：北京市朝阳区高碑店地区兴隆家园社区卫生服务站,产品名称：非洛地平,商品名：波依定,剂型：缓释片,规格：5mg,生产企业：阿斯利康制药有限公司,配送企业：,订购数量：0,批准文号：国药准字H20030415",,,非洛地平,0.0,,False,True,pydantic_direct
matched_row_167,167,call_1d38297866d347da,"医院名称：北京市和平街街道十四区社区卫生服务站,产品名称：银杏蜜环,商品名：无,剂型：口服溶液剂,规格：10ml,生产企业：邛崃天银制药有限公司,配送企业：,订购数量：0,批准文号：国药准字H20013079",,,银杏蜜环,0.0,,False,True,pydantic_direct
matched_row_168,168,call_d15bc4a8868f4afc,"医院名称：首都医科大学附属北京安贞医院,产品名称：根痛平颗粒,商品名：无,剂型：颗粒剂,规格：8g,生产企业：北京汉典制药有限公司,配送企业：,订购数量：0,批准文号：国药准字Z20013049",,,根痛平颗粒,0.0,,False,True,pydantic_direct
matched_row_169,169,call_370d35f140af4746,"医院名称：北京市延庆区康庄镇社区卫生服务中心,产品名称：参松养心胶囊,商品名：无,剂型：胶囊剂,规格：0.4g,生产企业：北京以岭药业有限公司,配送企业：,订购数量：0,批准文号：国药准字Z20103032",,,参松养心胶囊,0.0,,False,True,pydantic_direct
matched_row_170,170,call_1b73cdd31bdb454b,"医院名称：东城区卫生局管理中心多福巷社区卫生服务站,产品名称：贞芪扶正片,商品名：无,剂型：薄膜衣片,规格：0.44g,生产企业：甘肃兰药药业有限公司,配送企业：,订购数量：0,批准文号：国药准字Z20060303",,,贞芪扶正片,0.0,,False,True,pydantic_direct
matched_row_171,171,call_0a5c1656d7504c3a,"医院名称：北京市朝阳区和平街街道小黄庄社区卫生服务站,产品名称：瑞格列奈,商品名：诺和龙,剂型：素片,规格：1.0mg,生产企业：德国Boehringer Ingelheim Pharma GmbH & Co.KG,配送企业：,订购数量：0,批准文号：H20171153",,,瑞格列奈,0.0,,False,True,pydantic_direct
matched_row_172,172,call_c6f43de3324e4f15,"医院名称：北京市丰台区丰台街道新华街社区卫生服务站,产品名称：人参归脾丸,商品名：无,剂型：蜜丸,规格：9g,生产企业：北京同仁堂股份有限公司同仁堂制药厂,配送企业：,订购数量：0,批准文号：国药准字Z11020104",,,人参归脾丸,0.0,,False,True,pydantic_direct
matched_row_173,173,call_dbd75f2573bb458a,"医院名称：北京京煤集团总医院,产品名称：沙丁胺醇,商品名：无,剂型：吸入溶液剂,规格：2.5ml:2.5mg(0.1%),生产企业：上海信谊金朱药业有限公司,配送企业：,订购数量：0,批准文号：国药准字H19990233",,,沙丁胺醇,0.0,,False,True,pydantic_direct
matched_row_174,174,call_37a8212512fd4d76,"医院名称：北京市大兴区庞各庄镇中心卫生院,产品名称：阿托伐他汀,商品名：阿乐,剂型：薄膜衣片,规格：20mg,生产企业：北京嘉林药业股份有限公司,配送企业：,订购数量：0,批准文号：国药准字H20093819",,,阿托伐他汀,0.0,,False,True,pydantic_direct
matched_row_175,175,call_6d8bbc9e2b264e84,"医院名称：北京市延庆区医院（北京大学第三医院延庆医院）,产品名称：苏黄止咳胶囊,商品名：无,剂型：胶囊剂,规格：0.45g,生产企业：扬子江药业集团北京海燕药业有限公司,配送企业：,订购数量：0,批准文号：国药准字Z20103075",,,苏黄止咳胶囊,0.0,,False,True,pydantic_direct
matched_row_176,176,call_664857b1db0541b6,"医院名称：北京市丰台区铁营医院,产品名称：复方丹参片,商品名：无,剂型：薄膜衣片,规格：每片重0.32g(相当于饮片0.6g),生产企业：广州白云山和记黄埔中药有限公司,配送企业：,订购数量：0,批准文号：国药准字Z44023372",,,复方丹参片,0.0,,False,True,pydantic_direct
matched_row_177,177,call_7686c7fbe39b4887,"医院名称：北京市丰台区卢沟桥乡太平桥村社区卫生服务站,产品名称：骨通贴膏,商品名：无,剂型：橡胶膏剂,规格：11cm×14cm,生产企业：桂林华润天和药业有限公司,配送企业：,订购数量：0,批准文号：国药准字Z10980134",,,骨通贴膏,0.0,,False,True,pydantic_direct
matched_row_178,178,call_c4a03bd2fbf6420e,"医院名称：北京市朝阳区和平街街道樱花园社区卫生服务站,产品名称：莫匹罗星,商品名：百多邦,剂型：软膏剂,规格：5g:0.1g,生产企业：中美天津史克制药有限公司,配送企业：,订购数量：0,批准文号：国药准字H10930064",,,莫匹罗星,0.0,,False,True,pydantic_direct
matched_row_179,179,call_005928207f244030,"医院名称：北京市东城区东花市社区卫生服务中心,产品名称：脑安滴丸,商品名：无,剂型：滴丸,规格：50mg,生产企业：安徽誉隆亚东药业有限公司,配送企业：,订购数量：50,批准文号：国药准字Z20030121",,,脑安滴丸,50.0,,False,True,pydantic_direct
matched_row_180,180,call_ca672ea092bb4675,"医院名称：北京市朝阳区呼家楼街道呼家楼西里社区卫生服务站,产品名称：百令胶囊,商品名：无,剂型：胶囊剂,规格：0.5g,生产企业：杭州中美华东制药有限公司,配送企业：,订购数量：0,批准文号：国药准字Z10910036",,,百令胶囊,0.0,,False,True,pydantic_direct
matched_row_181,181,call_b649161de4284306,"医院名称：北京北亚中医医院,产品名称：奥美沙坦酯氢氯噻嗪,商品名：无,剂型：薄膜衣片,规格：每片含奥美沙坦酯20mg与氢氯噻嗪12.5mg,生产企业：第一三共制药(上海)有限公司,配送企业：,订购数量：0,批准文号：国药准字H20100035",,,奥美沙坦酯氢氯噻嗪,0.0,,False,True,pydantic_direct
matched_row_182,182,call_9e3463ffa0494975,"医院名称：北京市平谷区中医医院,产品名称：胰激肽原酶,商品名：怡开,剂型：肠溶片,规格：120IU,生产企业：常州千红生化制药股份有限公司,配送企业：,订购数量：0,批准文号：国药准字H19993089",,,胰激肽原酶,0.0,,False,True,pydantic_direct
matched_row_183,183,call_0ce045f91bbe4095,"医院名称：平谷区滨河街道社区卫生服务中心金谷园社区卫生服务站,产品名称：利格列汀,商品名：欧唐宁,剂型：薄膜衣片,规格：5mg,生产企业：美国West-Ward Columbus Inc.(上海勃林格殷格翰药业有限公司分装),配送企业：,订购数量：0,批准文号：国药准字J20130081",,,利格列汀,0.0,,False,True,pydantic_direct
matched_row_184,184,call_eeb98bebe02c46a7,"根据抚州市政府采购管理办公室批准的公开招标采购方式，江西省机电设备招标有限公司受江西省抚州市第一人民医院委托，就抚州市第一人民医院有创呼吸机、体外膜肺ECMO等采购项目进行了电子化公开招标。开标大会于2020年6月15日14：30时在抚州市公共资源交易中心开标大厅举行。经评标委员会评审和采购人确认，中标结果如下： 招标公告发布日期：2020年5月22日 定 标 日 期：2020年6月15日 货物名称 品牌/型号 数量 中标金额 中标供应商 有创呼吸机（进口产品） 柯惠/840 6台 435.15万元人民币 江西南华医药有限公司 体外膜肺ECMO+转运车（进口产品） 迈柯唯/Rotaflow 1套 心电监护仪（内置两张或以上模块） 迈瑞/ePM 12M 10台 心电监护仪（标配） 迈瑞/iPM 10 10台 输液泵 麦科田/MP-60A 30台 注射泵 麦科田/MP-30A 30台 连续性血液净化装置CRRT（进口产品） 费森尤斯/multiFiltrate 1套 可视喉镜 优亿/TD-C-IV 5台 除颤仪 迈瑞/BeneHeart D2 2台 简约技术要求：详见附件招标文件 服务要求：详见附件招标文件 中标供应商地址：江西省南昌市西湖区象山南路280号 评标委员会名单： 朱琴琴、姜宝玉、何军、唐荣、陈跃进 招标文件：详见附件 采购人名称：江西省抚州市第一人民医院 采购人地址：抚州市临川区迎宾大道1099号 联系人：朱旭妍 联系电话：13707044954 采购代理机构：江西省机电设备招标有限公司 采购代理机构地址：抚州市赣东大道2088号中阳广场2号楼9-3、9-4室 联系人：黄葵联系电话：0794-8335930 如有异议，请于本公告发布之日起七个工作日内以书面形式向采购代理机构提出，逾期将不再受理。 特此公告！ 江西省机电设备招标有限公司 2020年6月17日 本项目代理费用金额为36307.0元 标段编号：JXTCFZ2020150043 评委姓名：朱琴琴,姜宝玉,何军,唐荣,陈跃进",,,有创呼吸机、体外膜肺ECMO等,,4351500.0,True,True,pydantic_direct
matched_row_185,185,call_b91e09d9cc744101,"医院名称：首都医科大学附属北京儿童医院,产品名称：复方磺胺甲噁唑,商品名：无,剂型：素片,规格：磺胺甲噁唑0.4g,甲氧苄啶80mg,生产企业：天津力生制药股份有限公司,配送企业：,订购数量：0,批准文号：国药准字H12020938",,,复方磺胺甲噁唑,0.0,,False,True,pydantic_direct
matched_row_186,186,call_1c5e9e66c7904608,"医院名称：延庆区南菜园社区卫生服务中心（川北东社区服务站),产品名称：补肾益脑胶囊,商品名：无,剂型：胶囊剂,规格：0.27g,生产企业：太极集团浙江东方制药有限公司,配送企业：,订购数量：0,批准文号：国药准字Z33020888",,,补肾益脑胶囊,0.0,,False,True,pydantic_direct
matched_row_187,187,call_5d8f001b40764c47,"医院名称：北京市房山区城关街道饶乐府社区卫生服务站,产品名称：银黄颗粒,商品名：无,剂型：颗粒剂,规格：4g,生产企业：西安天一秦昆制药有限责任公司,配送企业：,订购数量：0,批准文号：国药准字Z19983108",,,银黄颗粒,0.0,,False,True,pydantic_direct
matched_row_188,188,call_db587d97d8a043d6,"医院名称：北京市西城区椿树社区卫生服务中心,产品名称：藤黄健骨片,商品名：无,剂型：薄膜衣片,规格：0.5g,生产企业：湖南方盛制药股份有限公司,配送企业：,订购数量：0,批准文号：国药准字Z20090570",,,藤黄健骨片,0.0,,False,True,pydantic_direct
matched_row_189,189,call_821a9556fdfd4102,"医院名称：北京市丰台区长辛店镇张郭庄村社区卫生服务站,产品名称：葡萄糖酸钙,商品名：无,剂型：注射液,规格：10ml:1.0g,生产企业：天津金耀药业有限公司,配送企业：,订购数量：0,批准文号：国药准字H12020963",,,葡萄糖酸钙,0.0,,False,True,pydantic_direct
matched_row_190,190,call_35054fa66b524505,"医院名称：首都医科大学附属北京潞河医院,产品名称：卡络磺钠,商品名：无,剂型：冻干粉针剂,规格：20mg,生产企业：江苏吴中医药集团有限公司苏州制药厂,配送企业：,订购数量：0,批准文号：国药准字H10970330",,,卡络磺钠,0.0,,False,True,pydantic_direct
matched_row_191,191,call_56613ecf0ea047b9,"医院名称：北京市丰台区长辛店镇张郭庄村社区卫生服务站,产品名称：奥美沙坦酯,商品名：兰沙,剂型：素片,规格：20mg,生产企业：北京福元医药股份有限公司,配送企业：,订购数量：0,批准文号：国药准字H20061312",,,奥美沙坦酯,0.0,,False,True,pydantic_direct
matched_row_192,192,call_bd5fa925e529416c,"医院名称：北京市朝阳区安贞社区卫生服务中心,产品名称：牛黄解毒丸,商品名：无,剂型：蜜丸,规格：3g,生产企业：北京同仁堂科技发展股份有限公司制药厂,配送企业：,订购数量：0,批准文号：国药准字Z11020058",,,牛黄解毒丸,0.0,,False,True,pydantic_direct
matched_row_193,193,call_c7570bd3dd824e19,"医院名称：北京市大兴区青云店镇中心卫生院,产品名称：坦索罗辛,商品名：齐索,剂型：缓释胶囊,规格：0.2mg,生产企业：浙江海力生制药有限公司,配送企业：,订购数量：0,批准文号：国药准字H20020623",,,坦索罗辛,0.0,,False,True,pydantic_direct
matched_row_194,194,call_91e5efade1c6497e,"医院名称：北京市朝阳区东坝社区卫生服务中心,产品名称：清肺抑火胶囊,商品名：无,剂型：胶囊剂,规格：0.5g,生产企业：红云制药（昆明）有限公司,配送企业：,订购数量：0,批准文号：国药准字Z20080352",,,清肺抑火胶囊,0.0,,False,True,pydantic_direct
matched_row_195,195,call_620e933817ff4e42,"医院名称：北京市丰台区铁营医院,产品名称：百癣夏塔热胶囊,商品名：无,剂型：胶囊剂,规格：0.4g,生产企业：陕西东泰制药有限公司,配送企业：,订购数量：0,批准文号：国药准字Z20050139",,,百癣夏塔热胶囊,0.0,,False,True,pydantic_direct
matched_row_196,196,call_59c8870f866a4907,"医院名称：北京市朝阳区东风社区卫生服务中心(石佛营西里),产品名称：养血清脑颗粒,商品名：无,剂型：颗粒剂,规格：4g,生产企业：天士力医药集团股份有限公司,配送企业：,订购数量：0,批准文号：国药准字Z10960082",,,养血清脑颗粒,0.0,,False,True,pydantic_direct
matched_row_197,197,call_755c9dadcfd94762,"医院名称：北京市门头沟区医院,产品名称：血脂康胶囊,商品名：无,剂型：胶囊剂,规格：0.3g,生产企业：北京北大维信生物科技有限公司,配送企业：,订购数量：0,批准文号：国药准字Z10950029",,,血脂康胶囊,0.0,,False,True,pydantic_direct
matched_row_198,198,call_b3ea27e567b54d4d,"医院名称：北京嫣然天使儿童医院,产品名称：妥布霉素,商品名：托百士,剂型：滴眼剂,规格：5ml:15mg,生产企业：美国爱尔康眼药厂比利时分厂s.a. ALCON-COUVREUR n.v.,配送企业：,订购数量：0,批准文号：H20140811",,,妥布霉素,0.0,,False,True,pydantic_direct
matched_row_199,199,call_119dc11f317842b8,"医院名称：北京市门头沟区医院,产品名称：复方脑肽节苷脂,商品名：无,剂型：注射液,规格：2ml:6.4mg(多肽):100μg(唾液酸):0.25mg(次黄嘌呤),生产企业：吉林天成制药有限公司,配送企业：,订购数量：0,批准文号：国药准字H22026472",,,复方脑肽节苷脂,0.0,,False,True,pydantic_direct
matched_row_200,200,call_055f8e4983b94f41,"医院名称：北京市第六医院,产品名称：熊去氧胆酸,商品名：无,剂型：软胶囊(胶丸),规格：0.1g,生产企业：韩国大熊制药株式会社Daewoong Pharmaceutial Co.,Ltd.,配送企业：,订购数量：0,批准文号：H20130433",,,熊去氧胆酸,0.0,,False,True,pydantic_direct
matched_row_201,201,call_108c73fc4aa14254,"医院名称：顺义区李桥社区卫生服务中心头二营社区卫生服务站,产品名称：根痛平片,商品名：无,剂型：薄膜衣片,规格：0.3g,生产企业：承德燕峰药业有限责任公司,配送企业：,订购数量：0,批准文号：国药准字Z20025305",,,根痛平片,0.0,,False,True,pydantic_direct
matched_row_202,202,call_22a72d02da734324,"医院名称：北京市朝阳区高碑店社区卫生服务中心,产品名称：血府逐瘀丸,商品名：无,剂型：水蜜丸,规格：6g(6g/60丸),生产企业：黑龙江参鸽药业有限公司,配送企业：,订购数量：0,批准文号：国药准字Z20055446",,,血府逐瘀丸,0.0,,False,True,pydantic_direct
matched_row_203,203,call_fd2ffb85f44641e1,"医院名称：延庆区张山营镇社区卫生服务中心（中羊坊社区服务站),产品名称：氨酚伪麻美芬(Ⅱ)/氨麻苯美,商品名：白加黑,剂型：薄膜衣片,规格：复方,生产企业：拜耳医药保健有限公司启东分公司,配送企业：,订购数量：0,批准文号：国药准字H10940250/国药准字H10940251",,,白加黑,0.0,,False,True,pydantic_direct
matched_row_204,204,call_e2102085ac374bd7,"医院名称：北京市房山区韩村河潘庄社区卫生服务站,产品名称：雷贝拉唑钠,商品名：雨田青,剂型：肠溶胶囊,规格：10mg,生产企业：珠海润都制药股份有限公司,配送企业：,订购数量：0,批准文号：国药准字H20050228",,,雷贝拉唑钠,0.0,,False,True,pydantic_direct
matched_row_205,205,call_e78d9b19dc4542c2,"医院名称：北京市怀柔区庙城镇卫生院,产品名称：大活络胶囊,商品名：无,剂型：胶囊剂,规格：0.25g,生产企业：江西药都樟树制药有限公司,配送企业：,订购数量：0,批准文号：国药准字Z19990044",,,大活络胶囊,0.0,,False,True,pydantic_direct
matched_row_206,206,call_15207a2bca974ce2,"医院名称：房山区大石窝高庄社区卫生服务站,产品名称：奥美拉唑,商品名：金奥康,剂型：肠溶胶囊,规格：20mg,生产企业：浙江金华康恩贝生物制药有限公司,配送企业：,订购数量：0,批准文号：国药准字H19991118",,,奥美拉唑,0.0,,False,True,pydantic_direct
matched_row_207,207,call_0612e6ea2fee4fcf,"医院名称：北京市西城区德胜社区卫生服务中心,产品名称：多巴丝肼,商品名：美多芭,剂型：素片,规格：0.25g,生产企业：上海罗氏制药有限公司,配送企业：,订购数量：0,批准文号：国药准字H10930198",,,多巴丝肼,0.0,,False,True,pydantic_direct
matched_row_208,208,call_d029234327024a99,"医院名称：北京市西城区陶然亭社区卫生服务中心,产品名称：珍珠明目滴眼液,商品名：无,剂型：滴眼剂,规格：15ml,生产企业：苏州工业园区天龙制药有限公司,配送企业：,订购数量：0,批准文号：国药准字Z32021196",,,珍珠明目滴眼液,0.0,,False,True,pydantic_direct
matched_row_209,209,call_64535ad2454f4887,"医院名称：北京市丰台区西罗园街道西罗园四区社区卫生服务站,产品名称：通心络胶囊,商品名：无,剂型：胶囊剂,规格：0.26g,生产企业：石家庄以岭药业股份有限公司,配送企业：,订购数量：0,批准文号：国药准字Z19980015",,,通心络胶囊,0.0,,False,True,pydantic_direct
matched_row_210,210,call_a1d89729645747f5,"医院名称：航空总医院,产品名称：复方托吡卡胺,商品名：美多丽,剂型：滴眼剂,规格：10ml:吡托卡胺50mg,盐酸去氧肾上腺素50mg,生产企业：日本参天制药株式会社滋贺工厂Santen Pharmaceutical Co., Ltd. Shiga Plant(参天制药(中国)有限公司分装),配送企业：,订购数量：0,批准文号：国药准字J20180051",,,复方托吡卡胺,0.0,,False,True,pydantic_direct
matched_row_211,211,call_8fee011438594c90,"医院名称：北京市延庆区大庄科乡社区卫生服务中心,产品名称：克林霉素,商品名：无,剂型：胶囊剂,规格：0.15g,生产企业：四川科伦药业股份有限公司,配送企业：,订购数量：0,批准文号：国药准字H20053359",,,克林霉素,0.0,,False,True,pydantic_direct
matched_row_212,212,call_71ba7cdbdce245db,"医院名称：北京市延庆区八达岭镇社区卫生服务中心,产品名称：血府逐瘀胶囊,商品名：无,剂型：胶囊剂,规格：0.4g,生产企业：天津宏仁堂药业有限公司,配送企业：,订购数量：0,批准文号：国药准字Z12020223",,,血府逐瘀胶囊,0.0,,False,True,pydantic_direct
matched_row_213,213,call_56d75626359845f7,"医院名称：北京市密云区巨各庄镇社区卫生服务中心,产品名称：厄贝沙坦,商品名：安来,剂型：素片,规格：75mg,生产企业：浙江华海药业股份有限公司,配送企业：,订购数量：0,批准文号：国药准字H20030016",,,厄贝沙坦,0.0,,False,True,pydantic_direct
matched_row_214,214,call_093590ae1b8d4ed4,"医院名称：北京市房山区窦店镇社区卫生服务中心,产品名称：消栓通络片,商品名：无,剂型：薄膜衣片,规格：每片重0.76g(相当于原药材3.6g),生产企业：河北百善药业有限公司,配送企业：,订购数量：0,批准文号：国药准字Z20063722",,,消栓通络片,0.0,,False,True,pydantic_direct
matched_row_215,215,call_5adc7aec51f34961,"医院名称：北京市房山区燕山向阳社区卫生服务站,产品名称：强力枇杷露,商品名：无,剂型：糖浆剂,规格：330ml（每1毫升相当于饮片0.155克）,生产企业：杭州胡庆余堂药业有限公司,配送企业：,订购数量：0,批准文号：国药准字Z33020151",,,强力枇杷露,0.0,,False,True,pydantic_direct
matched_row_216,216,call_03aeb346471245ba,"医院名称：延庆区张山营镇社区卫生服务中心（中羊坊社区服务站),产品名称：速效救心丸,商品名：无,剂型：滴丸,规格：40mg,生产企业：天津中新药业集团股份有限公司第六中药厂,配送企业：,订购数量：0,批准文号：国药准字Z12020025",,,速效救心丸,0.0,,False,True,pydantic_direct
matched_row_217,217,call_82212d9fa961410b,"医院名称：北京市丰台区西罗园社区卫生服务中心,产品名称：益气维血胶囊,商品名：无,剂型：胶囊剂,规格：0.45g,生产企业：广东红珊瑚药业有限公司,配送企业：,订购数量：0,批准文号：国药准字Z20050700",,,益气维血胶囊,0.0,,False,True,pydantic_direct
matched_row_218,218,call_1688ed10c71c4064,"医院名称：北京市丰台区大红门街道南顶路社区卫生服务站,产品名称：非那雄胺,商品名：保列治,剂型：薄膜衣片,规格：5mg,生产企业：波多黎各AIAC International Pharma LLC(杭州默沙东制药有限公司分装),配送企业：,订购数量：0,批准文号：国药准字J20120071",,,非那雄胺,0.0,,False,True,pydantic_direct
matched_row_219,219,call_b36e45c5c78343de,"医院名称：北京市平谷区大兴庄镇社区卫生服务中心,产品名称：接骨七厘丸,商品名：无,剂型：水丸,规格：1.5g,生产企业：洛阳顺势药业有限公司,配送企业：,订购数量：0,批准文号：国药准字Z20080123",,,接骨七厘丸,0.0,,False,True,pydantic_direct
matched_row_220,220,call_2745e14af8a94f73,"医院名称：北京市昌平区沙河医院,产品名称：利格列汀,商品名：欧唐宁,剂型：薄膜衣片,规格：5mg,生产企业：美国West-Ward Columbus Inc.(上海勃林格殷格翰药业有限公司分装),配送企业：,订购数量：0,批准文号：国药准字J20130081",,,利格列汀,0.0,,False,True,pydantic_direct
matched_row_221,221,call_921ec15bd3b04c04,"医院名称：北京市丰盛中医骨伤专科医院,产品名称：银黄颗粒,商品名：无,剂型：颗粒剂,规格：2g,生产企业：江西济民可信药业有限公司,配送企业：,订购数量：0,批准文号：国药准字Z20023005",,,银黄颗粒,0.0,,False,True,pydantic_direct
matched_row_222,222,call_923e6428494e46df,"医院名称：北京市房山区阎村镇社区卫生服务中心,产品名称：氨酚伪麻美芬片/氨麻美敏片(Ⅱ),商品名：日夜百服咛,剂型：薄膜衣片,规格：复方,生产企业：中美上海施贵宝制药有限公司,配送企业：,订购数量：0,批准文号：国药准字H10970388/国药准字H10970387",,,氨酚伪麻美芬片/氨麻美敏片(Ⅱ),0.0,,False,True,pydantic_direct
matched_row_223,223,call_372a032423fa4850,"医院名称：北京市门头沟区中医医院,产品名称：呋塞米,商品名：无,剂型：注射液,规格：2ml:20mg,生产企业：天津金耀药业有限公司,配送企业：,订购数量：0,批准文号：国药准字H12020527",,,呋塞米,0.0,,False,True,pydantic_direct
matched_row_224,224,call_7e52cb6651104324,"自定义中标公示 阳江市阳东区老干部活动中心项目设计结果公示 公示日期 2017年06月27日 至 2017年06月29日 1 发包单位 中国共产党阳江市阳东区委老干部局 2 工程名称 阳江市阳东区老干部活动中心项目设计 3 招标编号 17GC040188 4 承包单位 阳江市建筑设计院有限公司 5 中标价 334,524.64元 6 项目负责人 熊劲松 7 质量安全承诺 国家合格标准。 工期 20日历天日历天 8 项 目 管 理 机 构 一 览 表 姓名 性别 职称或资格证名称 熊劲松 男 注册建筑师 摇珠选定第一候选人 阳江市建筑设计院有限公司 摇珠选定第二候选人 广东建筑艺术设计院有限公司 摇珠选定第三候选人 广东一方设计有限公司 说明：１、本公示在市公共资源交易中心发布。 ２、如对本公示真实性和合法性持有异议， 请在公示期间向发包人、招标管理部门举报， 举报电话：0662-6623318、6611048， 举报必须以书面方式，内容要真实有效，举报人必须提供真实姓名、 电话号码和身份证复印件，若举报人是单位， 则必须具有本单位法人签名和加盖单位公章，否则不予受理。 中国共产党阳江市阳东区委老干部局 2017年06月27日",,,阳江市阳东区老干部活动中心项目设计,,334524.64,False,True,pydantic_direct
matched_row_225,225,call_eb1bddac32d34023,"医院名称：北京惠兰医院,产品名称：九华痔疮栓,商品名：无,剂型：栓剂,规格：2.1g,生产企业：江西九华药业有限公司,配送企业：,订购数量：0,批准文号：国药准字Z36020577",,,九华痔疮栓,0.0,,False,True,pydantic_direct
matched_row_226,226,call_fd49635a936a4f1a,"医院名称：北京市通州区梨园镇半壁店社区卫生服务站,产品名称：强骨胶囊,商品名：无,剂型：胶囊剂,规格：0.25g,生产企业：北京岐黄医药股份有限公司,配送企业：,订购数量：0,批准文号：国药准字Z20030007",,,强骨胶囊,0.0,,False,True,pydantic_direct
matched_row_227,227,call_582b1124cbc2477d,1、项目名称：全省烟草商业系统经济运行管控分析平台建设项目（项目编号：HBHC-2019-088） 2、资金来源：企业自筹资金 3、招标内容：全省烟草商业系统经济运行管控分析平台建设。 4、本项目于2019年12月27日14:00开始，进行了公开招标，评审工作当日完成。经评标委员会组织评审，推荐中标候选人结果如下： 本项目中标候选人公示在河北省招标投标公共服务平台、河北省公共资源交易中心平台、国家烟草专卖局网站上同时发布。因轻信其他组织、个人或媒体提供信息,,,全省烟草商业系统经济运行管控分析平台建设项目,,,False,True,pydantic_direct
matched_row_228,228,call_30df0f677e7c4a14,"医院名称：首都医科大学附属北京同仁医院,产品名称：奥卡西平,商品名：曲莱,剂型：薄膜衣片,规格：0.15g,生产企业：意大利Novartis Farma S.p.A.,配送企业：,订购数量：0,批准文号：H20130015",,,奥卡西平,0.0,,False,True,pydantic_direct
matched_row_229,229,call_1e2c7907ba6848be,"医院名称：北京市延庆区永宁镇社区卫生服务中心,产品名称：干扰素α-2b,商品名：凯因益生,剂型：注射液,规格：300万IU,生产企业：北京凯因科技股份有限公司,配送企业：,订购数量：0,批准文号：国药准字S20030030",,,干扰素α-2b,0.0,,False,True,pydantic_direct
matched_row_230,230,call_9af54c075e8e4cb2,"医院名称：北京安达医院,产品名称：克拉霉素,商品名：无,剂型：薄膜衣片,规格：0.25g,生产企业：浙江震元制药有限公司,配送企业：,订购数量：0,批准文号：国药准字H20058305",,,克拉霉素,0.0,,False,True,pydantic_direct
matched_row_231,231,call_aa7ffbd4dc264f10,"医院名称：北京市房山区燕山星城街道社区卫生服站,产品名称：麝香壮骨膏,商品名：无,剂型：橡胶膏剂,规格：7cm×10cm,生产企业：沈阳管城制药有限责任公司,配送企业：,订购数量：0,批准文号：国药准字Z21021134",,,麝香壮骨膏,0.0,,False,True,pydantic_direct
matched_row_232,232,call_19bd7abaef6d4b1a,"医院名称：北京市房山区城关街道羊头岗社区卫生服务站,产品名称：普乐安胶囊,商品名：无,剂型：胶囊剂,规格：0.375g,生产企业：浙江康恩贝制药股份有限公司,配送企业：,订购数量：0,批准文号：国药准字Z33020479",,,普乐安胶囊,0.0,,False,True,pydantic_direct
matched_row_233,233,call_e361bc0e6ac6421f,"医院名称：中国民用航空总医院,产品名称：复方福尔可定(含盐酸曲普利啶),商品名：澳特斯,剂型：口服溶液剂,规格：150ml,生产企业：香港澳美制药厂Bright Future Pharmaceuticals Factory,配送企业：,订购数量：0,批准文号：HC20150057",,,复方福尔可定(含盐酸曲普利啶),0.0,,False,True,pydantic_direct
matched_row_234,234,call_d0f50f1d084e4ad7,"医院名称：北京市朝阳区南磨房街道百子湾社区卫生服务站,产品名称：头孢呋辛酯,商品名：巴欣,剂型：薄膜衣片,规格：0.25g,生产企业：成都倍特药业股份有限公司,配送企业：,订购数量：0,批准文号：国药准字H20010026",,,头孢呋辛酯,0.0,,False,True,pydantic_direct
matched_row_235,235,call_25759ea9e1004027,中标结果公告 采购项目编号 青海赫铭公招（货物）2019-107 采购项目名称 化隆县表彰脱贫光荣户项目 采购方式 公开招标 采购预算控制额度 1790000.00元 成交总金额 1787520.00元 项目分包个数 1 公告发布日期 2020年01月02日 评标日期 2020年01月02日 定标日期 2020年01月02日 各包要求 详见招标文件 各包中标内容、数量、价格、合同履行日期及供应商名称 中标内容： 中标价格：人民币178.752万元 中标单位：海东市飞跃农机销售有限公司 交货期：合同签订后15日内交货 成交单位地址:海东市乐都区蹍伯镇水磨湾村17号 投标、开标地点 海东市公共资源交易中心1号开标室（地址：乐都区朝山片区海东大道南凉路） 评审委员会成员名单 王宁伦、白青山、李善华、梅守荣、安晓龙 采购单位及联系人电话 采购单位：化隆回族自治县扶贫开发局 联系人：安老师 联系电话：0972-8712423 联系地址：青海省海东市化隆县群科新区综合办公大楼西3楼 采购代理机构及联系人电话 采购代理机构：青海赫铭工程项目管理有限公司 联系人：杨女士 联系电话：0971-5129911 联系地址：西宁市城西区西川南路53号9号楼4单元4094室 财政部门监督电话 单位名称化隆回族自治县财政局 联系电话：0972-8715192 青海赫铭工程项目管理有限公司 2020年01月02日,,,,,1787520.0,True,True,pydantic_direct
matched_row_236,236,call_826ee749291c4832,"医院名称：北京市延庆区永宁镇社区卫生服务中心,产品名称：厄贝沙坦氢氯噻嗪,商品名：无,剂型：分散片,规格：厄贝沙坦0.15g,氢氯噻嗪12.5mg,生产企业：江苏万高药业股份有限公司,配送企业：,订购数量：0,批准文号：国药准字H20080730",,,厄贝沙坦氢氯噻嗪,0.0,,False,True,pydantic_direct
matched_row_237,237,call_f8ca0d6e85d44c5b,"医院名称：首都医科大学附属北京地坛医院,产品名称：心脑宁胶囊,商品名：无,剂型：胶囊剂,规格：0.45g,生产企业：贵州景诚制药有限公司,配送企业：,订购数量：0,批准文号：国药准字Z20025697",,,心脑宁胶囊,0.0,,False,True,pydantic_direct
matched_row_238,238,call_f81085d6109d492e,"医院名称：北京市房山区城关街道社区卫生服务中心,产品名称：上清片,商品名：无,剂型：薄膜衣片,规格：每片重0.31g,生产企业：太极集团四川绵阳制药有限公司,配送企业：,订购数量：0,批准文号：国药准字Z20123112",,,上清片,0.0,,False,True,pydantic_direct
matched_row_239,239,call_2bb9979847a84331,"医院名称：北京市海淀区聂各庄卫生院,产品名称：福多司坦,商品名：无,剂型：素片,规格：0.2g,生产企业：迪沙药业集团有限公司,配送企业：,订购数量：0,批准文号：国药准字H20110037",,,福多司坦,0.0,,False,True,pydantic_direct
matched_row_240,240,call_95aa11ae884c4f0b,"医院名称：北京市平谷区峪口社区卫生服务中心,产品名称：叶酸片,商品名：无,剂型：素片,规格：5mg,生产企业：天津力生制药股份有限公司,配送企业：,订购数量：0,批准文号：国药准字H12020215",,,叶酸片,0.0,,False,True,pydantic_direct
matched_row_241,241,call_e0cf96fcef3949b6,"江西骏宏招标咨询有限公司关于南昌市新建区应急管理局防汛应急设备采购（项目编号：JXJH2020-F009）竞争性磋商结果公示 一、项目编号： JXJH2020-F009 二、项目名称： 南昌市新建区应急管理局防汛应急设备采购 三、中标（成交）信息： 供应商名称：岳阳市鼎荣创新科技有限公司 供应商地址：湖南省岳阳市岳阳楼区云梦路372号湖南省第六工程有限公司办公室四楼 中标（成交）金额（元）\（%）：567800.00 四、主要标的信息： 名称 品牌 规格型号 数量 单价 防汛设备 海笛 620cm橡皮艇 1 567800.0 五、评审专家名单： 王志国,黄桂英,王洪 五、代理服务收费标准及金额： 8517.00 元 六、公告期限： 自本公告发布之日起1个工作日。 七、其他补充事宜： 无 八、凡对本次公告内容提出询问，请按以下方式联系： 1.采购人信息 名称：南昌市新建区应急管理局本级 地址：南昌市新建区新建大道551号 联系方式：0791-83759108 2.采购代理机构信息 名称：江西骏宏招标咨询有限公司 地址：江西省南昌市红谷滩新区世贸路远帆大厦15A（14层）1404室 联系方式：0791-83898600 3.项目联系方式 项目联系人：张芳芳 电话：0791-83898600",,,防汛设备,1.0,567800.0,True,True,pydantic_direct
matched_row_242,242,call_2d5f04da55fa44af,"医院名称：北京安达医院,产品名称：清咽滴丸,商品名：无,剂型：滴丸,规格：20mg,生产企业：天津中新药业集团股份有限公司第六中药厂,配送企业：,订购数量：0,批准文号：国药准字Z10930004",,,清咽滴丸,0.0,,False,True,pydantic_direct
matched_row_243,243,call_e39cdf49529f4404,闫寺中心小学图书采购项目项目成交公告 一、项目名称：闫寺中心小学图书采购项目 二、采购项目编号：LCQTCG-2020-300 三、公告期限：2020年7月8日至2020年7月10日 四、中标日期：2020年7月6日 五、采购方式：竞争性磋商 六、成交情况 中标内容 中标人名称 地址 不含税中标金额（元） 闫寺中心小学图书采购项目 乐智未来（北京）文化发展有限公司 北京市朝阳区洼里乡花虎沟9号院1号楼213室 231000 七、评标委员会成员名单：梁乃川（组长） 梁明 王艳君 八、评标委员会成员评审结果： 序号 供应商名称 评委1 评委2 评委3 1 乐智未来（北京）文化发展有限公司 93.53 94.33 94.33 2 北京书林苑文化发展有限公司 88.03 88.13 88.93 3 北京立丰天文化传播有限公司 87.46 87.46 88.06 4 明宇轩（北京）国际文化发展有限公司 85.23 85.33 85.93 5 山东贰由文化传媒有限公司 86.8 84.7 86.7 九、联系方式 采购人：聊城市新启点教育发展有限公司 地址：聊城市东昌府区 联系人：朱经理 联系方式：18663589902 招标代理机构：山东中慧咨询管理有限公司 地 址：聊城市东昌府区兴华西路212号 联系人：田经理 联系方式：13561267700 发布人：山东中慧咨询管理有限公司 2020年7月7日,,,图书,,231000.0,False,True,pydantic_direct
matched_row_244,244,call_87cb34e83ae74c0c,扎兰屯市达斡尔民族乡人民政府2020年扎兰屯市达斡尔乡产业扶贫项目中心村肉羊养殖场建设项目施工中标候选人公示 发布时间：2020-07-09 扎兰屯市达斡尔民族乡人民政府2020年扎兰屯市达斡尔乡产业扶贫项目中心村肉羊养殖场建设项目施工中标候选人公示 招标人名称 扎兰屯市达斡尔民族乡人民政府 招标代理机构名称 呼伦贝尔市鸿德工程项目管理有限公司 项目名称和编号 S15070007330041630012020年扎兰屯市达斡尔乡产业扶贫项目中心村肉羊养殖场建设项目 标段（包）名称和编号 S1507000733004163001001施工 开标时间 2020-07-09 14:30:00 开标地点 扎兰屯开标二室 公示期 2020年07月09日至2020年07月14日止 第一中标候选人 投标人名称 齐齐哈尔市上腾建筑工程有限公司(联合体单位: 无) 投标报价（元） 1296503.32 工期（交货期） 30 工程质量标准 合格 承诺的项目负责人姓名、相关个人业绩、证书名称和编号 于安娜 建造师 00959704 其他项目管理人员姓名、相关个人业绩、证书名称和编号 技术负责人 王长祥 B130920454 施工员 李荣枝 23181010000208 质检员 丁岩 23201061000002 安全员 韦明 黑建安 C2（2018）0000467 材料员 吴颖 23181110200079 资料员 张谦宇 23181140000054 响应招标文件要求的资格能力条件 建筑工程施工总承包三级 评标情况 详见本公示附件《评标报告》 招标文件规定公示的其他内容 无 第二中标候选人 投标人名称 齐齐哈尔市佳正建筑装饰工程有限公司(联合体单位: 无) 投标报价（元） 1294699.87 工期（交货期） 30 工程质量标准 合格 承诺的项目负责人姓名、相关个人业绩、证书名称和编号 王佳华 建造师 黑 223060906165 其他项目管理人员姓名、相关个人业绩、证书名称和编号 技术负责人 于玲 B010014921 施工员 孙学双 黑 045203160040 质量员 罗恒伟 23111060201334 安全员 田洪波 黑 045204111773 材料员 徐岩 23151110200169 资料员 23191140200002 响应招标文件要求的资格能力条件 建筑工程施工总承包三级 评标情况 详见本公示附件《评标报告》 招标文件规定公示的其他内容 无 第三中标候选人 投标人名称 黑龙江龙荣建筑工程有限公司(联合体单位: 无) 投标报价（元） 1298900.60 工期（交货期） 30 工程质量标准 合格 项目负责人姓名、相关个人业绩、证书名称和编号 张淑荣 建造师 黑 223161764116 其他项目管理人员姓名、相关个人业绩、证书名称和编号 施工员 赵昊 23181010201849 质量员 王寅寅 23181060201718 安全员 李雅 黑建安C3(2019)0001226 材料员 于桂荣 23181110200258 资料员 李龙 23091140200502 响应招标文件要求的资格能力条件 建筑工程施工总承包三级 评标情况 详见本公示附件《评标报告》 招标文件规定公示的其他内容 无 否决投标情况 无 异议与投诉 根据《中华人民共和国招标投标法实施条例》第五十四条规定，“投标人或其它利害关系人对该公示内容有异议的，应当在中标候选人公示期间向招标人提出。招标人应当自收到异议之日起3日内作出书面答复，作出答复前，应当暂停招标投标活动。”对招标人答复仍持有异议的，应当在收到答复之日起十日内持招标人的答复及投诉书，向招标投标监督部门提出投诉。 招标人： 扎兰屯市达斡尔民族乡人民政府 招标代理机构： 呼伦贝尔市鸿德工程项目管理有限公司 招标人电子签章 招标代理机构电子签章 地址： 扎兰屯市达斡尔乡二村 地址： 内蒙古自治区呼伦贝尔市扎兰屯市建设大厦6楼607室 联系人： 李维 联系人： 陈玉博 电话: 13847022012 电话: 招标投标监督部门：扎兰屯市住房和城乡建设局 监督部门联系方式：13847022012 附件：评标报告.pdf,,,肉羊养殖场建设项目施工,,1296503.32,False,True,pydantic_direct
matched_row_245,245,call_25d2004137d0449d,"医院名称：北京市西城区新街口社区卫生服务中心,产品名称：金天格胶囊,商品名：无,剂型：胶囊剂,规格：0.4g,生产企业：金花企业(集团)股份有限公司西安金花制药厂,配送企业：,订购数量：0,批准文号：国药准字Z20030080",,,金天格胶囊,0.0,,False,True,pydantic_direct
matched_row_246,246,call_5b17b228aeaa43fe,"中标候选人公示 工程名称 五家渠市经十五路（纬十八路至北环路）项目- 招标人 第六师公路工程建设管理处 联系方式 招标代理 五家渠农六师勘测设计研究有限责任公司 联系方式 09945812109 开标时间 2020年07月09日 中标工程范围 新建道路k0+056-k0+414.5段共计358.5米，包括道路、交通、给水、再生水、污水、管涵、绿化、电力、通信及照明工程。图纸内所有内容，工程量详见清单。 第一名 单位名称 新疆恒宇科建筑安装有限责任公司 投标报价 大写 捌佰肆拾肆万肆仟肆佰玖拾贰元贰角贰分 小写 8444492.22元 投标工期 55 （日历天） 质量标准 合格 建造师姓名 摆金永 注册级别 市政公用工程二级[00736819] 注册证书编号 新265121218249 第二名 单位名称 新疆蓝天七色建设工程有限公司 投标报价 大写 捌佰叁拾柒万捌仟伍佰零贰元贰角玖分 小写 8378502.29元 投标工期 55 （日历天） 质量标准 合格 建造师姓名 文军 注册级别 市政公用工程二级[00106351] 注册证书编号 新265080806335 第三名 单位名称 新疆万泉城市建设工程有限公司 投标报价 大写 捌佰肆拾万零玖仟柒佰捌拾叁元柒角肆分 小写 8409783.74元 投标工期 55 （日历天） 质量标准 合格 建造师姓名 贾天云 注册级别 市政公用工程二级[00625654], 注册证书编号 新265101116085 备注 公示期 公示开始时间:2020年07月11日 公示截止时间:2020年07月13日 受理异议人 陈萌 受理异议人联系方式 0994-5812109 受理投诉部门 第六师交通运输局 受理投诉部门联系方式 0994-5800244",,,道路工程,,8444492.22,False,True,pydantic_direct
matched_row_247,247,call_49f8c5e56d0a417b,水城县鸡场镇“7.23”特大山体滑坡及周边地质灾害区域生态修复建设项目施工招标中标候选人公示 根据法律、法规、规章和招标文件的规定，水城县鸡场镇人民政府 的水城县鸡场镇“7.23”特大山体滑坡及周边地质灾害区域生态修复建设项目施工招标S5202000000013295001001 已于2020年06月16日 09时30分在六盘水市公共资源交易中心开标评标，根据评标委员会出具的评标报告，现公示下列内容： 第一中标候选人：贵州隆瑞建设有限公司 中标候选人资质：市政公用工程施工总承包贰级-D352010858 投标报价（元）/下浮率：5850084.66（元） 质量：符合国家现行有关施工质量验收规范标准，施工安全文明标准化满足有关规范标准要求。 工期（交货期）：120日历天(4个月) 项目负责人：赵德勇 项目负责人资质：市政公用工程贰级建造师 注册（职称）证号：01789018 企业业绩（如需要）：/ 项目负责人业绩（如需要）：/ 企业获得奖项（如需要）：/ 第二中标候选人：贵州桓源建设工程有限公司 中标候选人资质：市政公用工程施工总承包壹级-D152085692 投标报价（元）/下浮率：5853849.64（元） 质量：符合国家现行有关施工质量验收规范标准，施工安全文明标准化满足有关规范标准要求。 工期（交货期）：120日历天（4个月） 项目负责人：高亮 项目负责人资质：建筑工程二级建造师 注册（职称）证号：01490526 企业业绩（如需要）：/ 项目负责人业绩（如需要）：/ 企业获得奖项（如需要）：/ 第三中标候选人：贵州建工集团第五建筑工程有限责任公司 中标候选人资质：市政公用工程施工总承包壹级-D152022852 投标报价（元）/下浮率：5693437.01（元） 质量：符合国家现行有关施工质量验收规范标准，施工安全文明标准化满足有关规范标准要求。 工期（交货期）：120日历天（4个月） 项目负责人：方苹 项目负责人资质：建筑工程二级建造师 注册（职称）证号：00859637 企业业绩（如需要）：/ 项目负责人业绩（如需要）：/ 企业获得奖项（如需要）：/ 招标文件规定公示的其他内容：/ 中标结果公示2020年06月17日至2020年06月22日 ，在公示期内，对上述中标情况持有异议的请向（行业行政监督部门名称:水城县自然资源局）（电话：0858-8933448） 投诉。 招标人：水城县鸡场镇人民政府 联系电话：18084113980 招标代理机构： 贵州中经项目管理有限公司 联系电话：15285803645 重要提示： 根据《工程建设项目招标投标活动投诉处理办法》（七部委局11号令），投标人和其他利害关系人认为本工程招标投标活动不符合法律、法规和规章的，有权依法向有关行政监督部门投诉。 投诉人投诉时，应当提交投诉书。投诉书应当包括以下内容： （1）投诉人的名称、地址及有效联系方式； （2）被投诉人的名称、地址及有效联系方式； （3）投诉事项的基本事实； （4）相关请求及主张； （5）有效线索和相关证明材料。 投诉人是法人的，投诉书必须由其法定代表人或者授权代表签字并盖章；其他组织或者个人投诉的，投诉书必须由其主要负责人或者投诉人本人签字，并附有效身份证复印件。 投诉书有关材料是外文的，投诉人应当同时提供其中文译本。,,,水城县鸡场镇“7.23”特大山体滑坡及周边地质灾害区域生态修复建设项目施工,,5850084.66,False,True,pydantic_direct
matched_row_248,248,call_4554ca518bb34eaa,黔西南州金州大桥建设工程项目设计招标中标结果公示 公示基本信息 标段(包) 黔西南州金州大桥建设工程项目设计招标 项目业主 贵州义龙（集团）投资管理有限公司 项目业主电话 13985972820 招标人 贵州义龙（集团）投资管理有限公司 招标人电话 13985972820 招标代理机构 贵州昱龙招标有限公司 招标代理机构电话 15519045322 开标时间 2020-07-08 13:00:00 开标地点 贵州省公共资源交易中心 控制价(最高限价) 人民币 1620 万元 公示期 2020-07-10至2020-07-15 投标报价方式 总价 是否分项报价 否 发布媒体 贵州省公共资源交易中心、贵州省招标投标公共服务平台 中标候选人公示名单 排名 统一社会信用代码 中标候选人名称 投标价格 评标价格 评分结果 工期/交货期 1 91310000607234575P 上海林同炎李国豪土建工程咨询有限公司 1619.2 万元 1619.2 万元 87.38 90 天 2 9131000013328457XD 同济大学建筑设计研究院（集团）有限公司 1619.9 万元 1619.9 万元 79.72 90 天 3 91310117756993436K 上海瑞桥土木工程咨询有限公司 1619.8 万元 1619.8 万元 73.96 90 天 一 第中标候选人-项目管理机构主要人员 职务 姓名 执业或职业资格 职称 项目负责人 曹海顺 一级注册结构工程师(S063600831) 二 第中标候选人-项目管理机构主要人员 职务 姓名 执业或职业资格 职称 项目负责人 邓青儿 一级注册结构工程师(S024201389) 三 第中标候选人-项目管理机构主要人员 职务 姓名 执业或职业资格 职称 项目负责人 狄小平 一级注册结构工程(S133103361) 提出异议的渠道和方式 中标结果公示2020年07月09日至2020年07月13日，在公示期内，对上述中标情况持有异议的请向贵州顶效经济开发区建设工程招标投标领导小组办公室（电话：0859-3546273）投诉。 招标文件规定的其他内容 无,,,黔西南州金州大桥建设工程项目设计,,16192000.0,False,True,pydantic_direct
matched_row_249,249,call_02a0e9d434e94e88,黔西县凹水河水库工程Ⅰ标（枢纽、供水及灌溉工程施工）招标中标候选人公示 公示基本信息 标段(包) 黔西县凹水河水库工程Ⅰ标（枢纽、供水及灌溉工程施工） 招标 项目业主 贵州省水利水电勘测设计研究院有限公司 项目业主电话 0851-85601953 招标人 贵州省水利水电勘测设计研究院有限公司 招标人电话 0851-85601953 招标代理机构 贵州环水工程招标造价咨询有限公司 招标代理机构电话 0851-85807243 开标时间 2020-07-03 09:30:00 开标地点 贵州省公共资源交易中心 控制价(最高限价) 人民币 80600.92 万元 公示期 2020-07-14至2020-07-17 投标报价方式 总价 是否分项报价 否 发布媒体 中标候选人公示名单 排名 统一社会信用代码 中标候选人名称 投标价格 评标价格 评分结果 工期/交货期 1 91430000183761776J 中国水利水电第八工程局有限公司 78580.6888 万元 78580.6888 万元 1 1307 天 2 91350000158141268N 中国水利水电第十六工程局有限公司 78988.9016 万元 78988.9016 万元 2 1308 天 3 91520000214428387 中国水利水电第九工程局有限公司 79859.391536 万元 79859.391536 万元 3 1307 天 一 第中标候选人-项目管理机构主要人员 职务 姓名 执业或职业资格 职称 项目负责人 王程 二 第中标候选人-项目管理机构主要人员 职务 姓名 执业或职业资格 职称 项目负责人 许鹏安 三 第中标候选人-项目管理机构主要人员 职务 姓名 执业或职业资格 职称 项目负责人 林建振 提出异议的渠道和方式 投诉机构：毕节市水务局 投诉电话：0857-8221177 招标文件规定的其他内容 /,,,黔西县凹水河水库工程Ⅰ标（枢纽、供水及灌溉工程施工）,,785806888.0,False,True,pydantic_direct
matched_row_250,250,call_b5136e7650574daa,"A6401000141002456001001 中标候选人公示 北京典方建设工程咨询有限公司 受 永宁县闽宁镇人民政府 的委托，对 永宁县闽宁镇原隆村酿酒葡萄种植项目配套工程(二次)永宁县闽宁镇原隆村酿酒葡萄种植项目配套工程 进行 公开招标 ,已于2020-07-08 18:00:00完成评标工作，经评标委员会对所有投标人的投标文件详细评审，推荐出中标结果候选人。 现将评标结果公示如下： 一、评标委员会推荐的中标候选人名单及其排序 中标候选人排名 单位名称 投标报价 投标报价(备用) 工期 质量标准 项目负责人 相关证书及编号 评标得分 第一中标候选人 宁夏永建建筑工程有限公司 6258708.62 160 合格 于宁贤 宁264070802966 85.39 第二中标候选人 宁夏鸿辉建筑工程有限公司 6274656.97 160 合格 王晓平 宁264181903607 84.18 第三中标候选人 宁夏鼎晟达建设工程有限公司 6269272.66 160 合格 李卫国 宁264070900349 84.14 二、开标记录： 序号 投标单位名称 投标总价 项目经理 工期（日历天） 质量 1 宁夏永建建筑工程有限公司 6258708.62 于宁贤 160 合格 2 宁夏鸿辉建筑工程有限公司 6274656.97 王晓平 160 合格 3 宁夏鼎晟达建设工程有限公司 6269272.66 李卫国 160 合格 4 宁夏鹏程信建筑有限公司 6262553.46 陈锡玉 160 合格 三、投标文件被否决的投标人名称、否决原因及其依据（可选）： 序号 被否决投标人名称 否决原因及依据 四、评标委员会评标计分汇总表 序号 投标单位名称 商务标评分得分 施工组织设计 企业在宁信用与项目人员得分 清单符合性评审得分 得分 1 宁夏永建建筑工程有限公司 60.73 9.66 15.0 0.0 85.39 2 宁夏鸿辉建筑工程有限公司 59.95 9.23 15.0 0.0 84.18 3 宁夏鼎晟达建设工程有限公司 60.22 8.92 15.0 0.0 84.14 4 宁夏鹏程信建筑有限公司 60.55 8.58 15.0 0.0 84.13 五、评标委员会成员对各投标单位投标文件的技术标打分表（详见附表） 中标候选人评委个人打分表 六、提出异议的渠道和方式 根据《中华人民共和国招标投标法实施条例》第五十四条规定，投标人或者其他利害关系人对本项目评标结果有异议的，请在中标候选人公示期内以书面形式向永宁县闽宁镇人民政府或北京典方建设工程咨询有限公司提出质疑，公示期截止后，质疑请求不再受理。 七、发布媒介：宁夏公共资源交易网、中国招标投标公共服务平台 八、公示期：2020-07-08至2020-07-11 九、联系方式： 招 标 人：永宁县闽宁镇人民政府 联 系 人：马海虎 电 话：18709585788 代理机构：北京典方建设工程咨询有限公司 联 系 人：马明 电 话：15609505585 十、备注： 公示期满无异议，招标人将依法确定本项目的中标人，特此公示。 北京典方建设工程咨询有限公司 日期：2020-07-08",,,永宁县闽宁镇原隆村酿酒葡萄种植项目配套工程,,6258708.62,False,True,pydantic_direct
matched_row_251,251,call_e8d1b25d43e04247,"医院名称：北京市房山区城关街道饶乐府社区卫生服务站,产品名称：清开灵胶囊,商品名：无,剂型：胶囊剂,规格：0.25g(含黄芩苷10mg),生产企业：哈尔滨一洲制药有限公司,配送企业：,订购数量：0,批准文号：国药准字Z10930009",,,清开灵胶囊,0.0,,False,True,pydantic_direct
matched_row_252,252,call_a83d0244f5934a8f,"医院名称：北京市朝阳区呼家楼街道东大桥社区卫生服务站,产品名称：同仁牛黄清心丸,商品名：无,剂型：蜜丸,规格：3g,生产企业：北京同仁堂股份有限公司同仁堂制药厂,配送企业：,订购数量：0,批准文号：国药准字Z11020025",,,同仁牛黄清心丸,0.0,,False,True,pydantic_direct
matched_row_253,253,call_fe3f32bc7ef04aa9,"医院名称：北京市丰台区南苑乡大红门村社区卫生服务站,产品名称：金天格胶囊,商品名：无,剂型：胶囊剂,规格：0.4g,生产企业：金花企业(集团)股份有限公司西安金花制药厂,配送企业：,订购数量：0,批准文号：国药准字Z20030080",,,金天格胶囊,0.0,,False,True,pydantic_direct
matched_row_254,254,call_7ce1254643d64481,"医院名称：清源街道社区卫生服务中心马赛公馆社区卫生服务站,产品名称：氟哌噻吨/美利曲辛,商品名：无,剂型：薄膜衣片,规格：每片含氟哌噻吨0.5mg和美利曲辛10mg,生产企业：重庆圣华曦药业股份有限公司,配送企业：,订购数量：0,批准文号：国药准字H20153122",,,氟哌噻吨/美利曲辛,0.0,,False,True,pydantic_direct
matched_row_255,255,call_a2c12e671c044b14,"医院名称：北京市房山区城关街道顾册社区卫生服务站,产品名称：脑心通胶囊,商品名：无,剂型：胶囊剂,规格：0.4g,生产企业：陕西步长制药有限公司,配送企业：,订购数量：0,批准文号：国药准字Z20025001",,,脑心通胶囊,0.0,,False,True,pydantic_direct
matched_row_256,256,call_8fecf14913ba4368,"医院名称：北京市朝阳区和平街街道砖角楼社区卫生服务站,产品名称：阿法骨化醇,商品名：无,剂型：软胶囊(胶丸),规格：0.25μg,生产企业：华润双鹤药业股份有限公司,配送企业：,订购数量：0,批准文号：国药准字H20074109",,,阿法骨化醇,0.0,,False,True,pydantic_direct
matched_row_257,257,call_1e8a399879a54883,"医院名称：北京市朝阳区妇幼保健院,产品名称：氟哌啶醇,商品名：哈力多,剂型：注射液,规格：1ml:50mg,生产企业：泰国大西洋制药厂有限公司Atlantic Laboratories Corporation,Ltd.,配送企业：,订购数量：0,批准文号：H20090410",,,氟哌啶醇,0.0,,False,True,pydantic_direct
matched_row_258,258,call_bc7543a8416a4cc8,"医院名称：北京市朝阳区东坝地区红松园社区卫生服务站,产品名称：地衣芽孢杆菌活菌,商品名：整肠生,剂型：胶囊剂,规格：0.25g,生产企业：东北制药集团沈阳第一制药有限公司,配送企业：,订购数量：0,批准文号：国药准字S10950019",,,地衣芽孢杆菌活菌,0.0,,False,True,pydantic_direct
matched_row_259,259,call_3e1ac87290844061,"医院名称：北京市朝阳区管庄第二社区卫生服务中心,产品名称：恩替卡韦,商品名：无,剂型：分散片,规格：0.5mg,生产企业：正大天晴药业集团股份有限公司,配送企业：,订购数量：0,批准文号：国药准字H20100019",,,恩替卡韦,0.0,,False,True,pydantic_direct
matched_row_260,260,call_3fca15e297de4182,"医院名称：北京航天总医院,产品名称：西帕依固龈液,商品名：无,剂型：合剂（含口服液）,规格：150ml,生产企业：新奇康药业股份有限公司,配送企业：,订购数量：0,批准文号：国药准字Z65020012",,,西帕依固龈液,0.0,,False,True,pydantic_direct
matched_row_261,261,call_94b153d7616a41cc,烟台市中心血站丙氨酸氨基转移酶（ALT）测试条 （干式化学法）采购成交公告 一、采购人：烟台市中心血站 地址：烟台市莱山区海韵路10号 联系方式：0535－2456015 采购代理机构：山东省鲁成招标有限公司 地址：烟台市莱山区迎春大街177号润华大厦2号楼11层 联系方式：0535－6262179 二、采购项目名称：丙氨酸氨基转移酶（ALT）测试条（干式化学法）采购 采购项目编号：SDGP370600202002000123 三、公告期限：一个工作日 四、采购方式：单一来源采购 五、成交情况： 包号 成交标的名称 规格 型号 服务 要求 数量 成交供应商名称 地址 中标价格（万元） A 丙氨酸氨基转移酶（ALT）测试条（干式化学法）采购 详见附件 详见附件 一宗 济南新创医疗器械有限公司 济南市中区党家镇政府北邻党杨路丘山商品楼3-4号 40.95 六、评标委员会成员名单：阮文举（评审专家）、李波（评审专家）、姚美丽（评审专家）、常秀莲（评审专家）、孙宗祥（采购人代表）。 七、采购项目联系方式： 1、采购人：烟台市中心血站 联系人：左斌 联系方式：0535－2456015 2、采购代理机构：山东省鲁成招标有限公司 联系人：张琳 联系方式：0535－6262179 附：1、成交清单； 2、评审专家费用支付表。 发 布 人：山东省鲁成招标有限公司 发布时间：2020年6月17日,,,丙氨酸氨基转移酶（ALT）测试条（干式化学法）,,409500.0,False,True,pydantic_direct
matched_row_262,262,call_f55145baa2644327,烟台市中心血站快检试剂采购中标公告 一、采购人：烟台市中心血站 地址：烟台市莱山区海韵路10号 联系方式：0535-2456015 采购代理机构：山东省鲁成招标有限公司烟台分公司 地址：烟台市莱山区迎春大街177号润华大厦2号楼11层 联系方式：0535-6262179 二、采购项目名称：快检试剂采购 采购项目编号（采购计划编号）：SDGP370600202002000105 三、采购方式：公开招标 四、中标情况： 标包 货物服务名称 供应商名称 地址 中,,,快检试剂,,,False,True,pydantic_direct
matched_row_263,263,call_f05559c9d9ff48f3,莒南县坊前镇2020年财政专项扶贫资金石门加工车间及光伏项目中标公告 一、采购人：莒南县坊前镇人民政府 地址：莒南县坊前镇驻地 联系方式：15863923311 采购代理机构：山东天泽建设项目管理有限公司 地址：临沂市北城新区环球中心C座20楼2001-2002 联系方式：宋工 18560533453 二、采购项目名称：莒南县坊前镇2020年财政专项扶贫资金石门加工车间及光伏项目 采购项目编号（采购计划编号）：SDGP371327202002000172 三、采购方式：公开招标 四、中标情况： 标包 货物服务名称 供应商名称 地址 中标结果 A 加工车间 莒南县城北建筑安装工程有限公司 莒南经济开发区淮海路000203号 1072248.93元 B 光伏电站项目 莒南县美达电力实业有限公司 山东省临沂市莒南县经济开发区西五路北 947244.03元 五、评标委员会成员名单：张守军、伏庆雷、孟磊、范艳玲、郁晓梅 六、采购小组成员评审结果： A包： 序号 投标单位 投标报价（元） 报价得分 技术部分得分 总分 名次 1 临沂增泰建筑工程有限公司 1071221.01 39.94 45.60 85.54 3 2 莒南县城北建筑安装工程有限公司 1072248.93 39.97 51.70 91.67 1 3 山东天启建筑安装有限公司 1073130.26 39.99 44.00 83.99 4 4 莒南县盛源建筑安装工程有限公司 1076277.25 39.88 46.10 85.98 2 5 莒南县沅沣建筑安装工程有限公司 1072913.09 39.98 43.60 83.58 5 6 山东千帆建筑工程有限公司 1082891.01 39.57 43.30 82.87 6 B包： 序号 投标单位 投标报价（元） 报价得分 技术部分得分 总分 名次 1 临沂顺大光伏能源有限公司 988848.00 38.84 44.40 83.24 5 2 山田研磨材料有限公司 948024.00 39.52 47.20 86.72 2 3 莒南县美达电力实业有限公司 947244.03 39.50 49.80 89.30 1 4 山东泰尔诺建设工程有限公司 904932.00 38.41 46.50 84.91 3 5 山东尚德电气设备安装有限公司 985566.62 39.01 43.60 82.61 6 6 山东军辉建设集团有限公司 984929.83 39.04 44.80 83.84 4 七、公告期限：2020年6月18日 至 2020年6月18日 八、采购项目联系方式： 联系人：宋法信 联系方式：18560533453 发布日期：2020年6月17日,,,石门加工车间及光伏项目,,2019492.96,True,True,pydantic_direct
matched_row_264,264,call_3ba7fc9d47024ed7,"医院名称：北京市房山区韩村河五候社区卫生服务站,产品名称：双黄连口服液,商品名：无,剂型：合剂（含口服液）,规格：20ml,生产企业：河南福森药业有限公司,配送企业：,订购数量：0,批准文号：国药准字Z41022325",,,双黄连口服液,0.0,,False,True,pydantic_direct
matched_row_265,265,call_63791487d6dc48fc,1、项目名称:2020年度天地图·贵州数据融合与升级维护 2、项目编号: RHDZB-2020-078 3、项目序列号: / 4、项目联系人: 田斌 5、项目联系人电话: 13984155449 6、项目用途、简要技术要求及合同履行日期: 详见采购文件 7、采购方式: 公开招标 8、采购日期 2020-05-22 9、公告媒体 贵州省政府采购网及贵州省公共资源交易中心 10、评审时间: 2020-06-15 11、评审地点: 贵州省公共资源交易中心（贵州省贵阳市遵义路65号） 12、评审委员会成员名单: 张正伟、吴付英、曹扬、佘佐明、周廷珽 13、定标日期 2020-06-15 14、中标（成交）信息: 序号 中标供应商 中标供应商地址 主要中标内容 中标金额(元) 1 贵州图智信息技术有限公司 贵州省贵阳国家高新技术产业开发区长岭南路27号贵州神州科技大夏九层A户 详见采购文件 399000.00 15、PPP项目:否 16、采购人名称: 贵州省测绘资料档案馆 联系地址:贵阳市云岩区中华北路191号测绘大院 项目联系人:陈伟 联系电话:0851-86858250 17、采购代理机构全称:贵州荣瀚达工程管理有限公司 联系地址:贵州省贵阳市云岩区中天渔安新城E组团6栋21楼4、5号 项目联系人:田斌 联系电话:13984155449 18、代理机构收费内容 收费标准: 按计价格【2002】1980号文件计算；向中标供应商收取代理服务费。 收费金额:1万元 19、采购文件上传（PDF格式）(除采购文件外还要上传主要中标标的的名称、规格型号、数量、单价、服务要求)： 附件： 天地图招标文件(定稿版）.pdf 开标记录表.pdf 20、书面推荐供应商参加采购活动的采购人和评审专家推荐意见（如有）: 无 贵州荣瀚达工程管理有限公司,,,2020年度天地图·贵州数据融合与升级维护,,399000.0,False,True,pydantic_direct
matched_row_266,266,call_2e3e034b66fd4280,"医院名称：中国电力科学研究院卫生所,产品名称：金喉健喷雾剂,商品名：无,剂型：喷雾剂,规格：20ml,生产企业：贵州宏宇药业有限公司,配送企业：,订购数量：0,批准文号：国药准字Z20025361",,,金喉健喷雾剂,0.0,,False,True,pydantic_direct
matched_row_267,267,call_8abe7c399e314b4b,"1、项目名称：盘州市人民医院PACS系统采购 2、项目编号：ZSJC-2020-W008 3、项目序列号：S5200000000026193001 4、项目联系人：冉工 5、项目联系人电话：17885657919 6、项目用途、简要技术要求及合同履行日期： 详见采购文件 7、采购方式：公开招标 8、采购日期：2020年5月22日 9、公告媒体：贵州省政府采购网、全国公共资源交易中心（贵州省·省中心） 10、评审时间： 2020-06-16 13:00:00 11、评审地点： 贵州省公共资源交易中心 12、评审委员会成员名单：王珊珊,周嘉惠,胡浩,李景林,张燕明 13、定标日期：2020年6月17日 14、中标信息： 序号 包号 中标供应商 最终中标价（元） 最终优惠率或其他 中标供应商地址 主要中标内容 1 包1 江西骏奇医疗器械有限公司 1500000.00 江西省南昌市进贤县泉岭乡府前路136号204、205、206、20 盘州市人民医院PACS系统采购 15、PPP项目： 否 16、采购人名称：盘州市人民医院 联系地址：盘州市亦资街道下街村 项目联系人：桂主任 联系电话：0858-3559330 17、采购代理机构全称：贵州中盛锦程项目管理有限公司 联系地址：贵阳市观山湖区德福中心A7栋14层3号 项目联系人：冉工 联系电话：17885657919 18、书面推荐供应商参加采购活动的采购人和评审专家推荐意见（如有）：",,,PACS系统,,1500000.0,True,True,pydantic_direct
matched_row_268,268,call_bade081732264c62,"医院名称：北京市朝阳区东风街道观湖国际社区卫生服务站,产品名称：比索洛尔,商品名：康忻,剂型：薄膜衣片,规格：5mg,生产企业：德国默克Merck KGaA（默克制药（江苏）有限公司分装）,配送企业：,订购数量：0,批准文号：国药准字J20170042",,,比索洛尔,0.0,,False,True,pydantic_direct
matched_row_269,269,call_8054efdab054410d,1、项目名称:贵州省气象信息中心信息网络维持项目（大数据运维升级） 2、项目编号: GZWH-2019-4233 3、项目序列号: S5200000000020722001 4、项目联系人: 项目四部 5、项目联系人电话: 0851-85801823 6、项目用途、简要技术要求及合同履行日期: 大数据运维升级；1.大数据平台运维包括大数据一体机运维，保障大数据一体机、系统数据采集、存储及共享服务接口的正常运行，实现统一监控，将监控告警接入告警平台。大数据一体机硬件及一体机自带软件系统全保一年，包含硬盘和一体机自带软件系统的维护和升级等。大数据一体机运行业务系统的数据采集、存储及共享服务接口的运行维护，实现统一监控，将监控告警接入告警平台；12个月。 7、采购方式: 竞争性磋商 8、采购日期 2019-05-28 9、公告媒体 贵州省政府采购网、贵州省公共资源交易中心网站 10、评审时间: 2019-06-12 11、评审地点: 贵州省公共资源交易中心谈判八室 12、评审委员会成员名单: 赵少芬、腾颖志、王彪（业主代表） 13、定标日期 2019-06-13 14、中标（成交）信息: 序号 中标供应商 中标供应商地址 主要中标内容 中标金额(元) 1 浪潮软件集团有限公司 山东省济南市高新区科航路2877号 大数据运维升级 596000 15、PPP项目:否 16、采购人名称: 贵州省气象信息中心 联系地址:贵阳市南明区翠微巷9号 项目联系人:王老师 联系电话:0851-85202292 17、采购代理机构全称:贵州卫虹招标有限公司 联系地址:贵阳市中华中路8号时代广场名仕楼18楼 项目联系人:项目四部 联系电话:0851-85801823 18、代理机构收费内容 收费标准: / 收费金额:1.26万元 19、采购文件上传（PDF格式）(除采购文件外还要上传主要中标标的的名称、规格型号、数量、单价、服务要求)： 附件： 贵州省气象信息中心信息网络维持项目（大数据运维升级）gzwh-2019-4233（售卖稿）.pdf 20、书面推荐供应商参加采购活动的采购人和评审专家推荐意见（如有）: 无 贵州卫虹招标有限公司,,,大数据运维升级,,596000.0,True,True,pydantic_direct
matched_row_270,270,call_2572c1c8dabd479b,"医院名称：北京市房山区燕山星城街道社区卫生服站,产品名称：银黄颗粒,商品名：无,剂型：颗粒剂,规格：2g,生产企业：江西济民可信药业有限公司,配送企业：,订购数量：0,批准文号：国药准字Z20023005",,,银黄颗粒,0.0,,False,True,pydantic_direct
matched_row_271,271,call_5a5e5dbc144b46cd,"医院名称：石景山区苹果园街道西黄村社区卫生服务站,产品名称：九味肝泰胶囊,商品名：无,剂型：胶囊剂,规格：0.35g,生产企业：湖南新汇制药股份有限公司,配送企业：,订购数量：0,批准文号：国药准字Z20025174",,,九味肝泰胶囊,0.0,,False,True,pydantic_direct
matched_row_272,272,call_38327ebc8b5e4049,"医院名称：首都经济贸易大学西校区门诊部,产品名称：黄氏响声丸,商品名：无,剂型：浓缩丸,规格：0.133g,生产企业：无锡济民可信山禾药业股份有限公司,配送企业：,订购数量：0,批准文号：国药准字Z32020461",,,黄氏响声丸,0.0,,False,True,pydantic_direct
matched_row_273,273,call_5620ed30786249aa,"医院名称：北京市朝阳区东坝第二社区卫生服务中心,产品名称：氨溴索,商品名：无,剂型：注射液,规格：2ml:15mg,生产企业：海南全星制药有限公司,配送企业：,订购数量：0,批准文号：国药准字H20173345",,,氨溴索,0.0,,False,True,pydantic_direct
matched_row_274,274,call_61dceeb8c8a04841,"医院名称：北京古城都市丽人医院,产品名称：灯盏花素分散片,商品名：无,剂型：分散片,规格：每片重0.15g(含灯盏花素20mg),生产企业：山西振东制药股份有限公司,配送企业：,订购数量：0,批准文号：国药准字Z20120036",,,灯盏花素分散片,0.0,,False,True,pydantic_direct
matched_row_275,275,call_6d195212025b4b47,"医院名称：北京市崇文区新景家园社区卫生服务站,产品名称：缬沙坦,商品名：穗悦,剂型：胶囊剂,规格：80mg,生产企业：华润赛科药业有限责任公司,配送企业：,订购数量：0,批准文号：国药准字H20030638",,,缬沙坦,0.0,,False,True,pydantic_direct
matched_row_276,276,call_ff18a67a9767465f,"医院名称：北京市房山区韩村河岳各庄社区卫生服务站,产品名称：沉香舒气丸,商品名：无,剂型：蜜丸,规格：3g,生产企业：北京同仁堂股份有限公司同仁堂制药厂,配送企业：,订购数量：0,批准文号：国药准字Z11020087",,,沉香舒气丸,0.0,,False,True,pydantic_direct
matched_row_277,277,call_8b4cf73fd28045af,"医院名称：北京市顺义区法医院,产品名称：三九胃泰颗粒,商品名：无,剂型：颗粒剂,规格：20g,生产企业：华润三九医药股份有限公司,配送企业：,订购数量：0,批准文号：国药准字Z44020705",,,三九胃泰颗粒,0.0,,False,True,pydantic_direct
matched_row_278,278,call_73c3bc291cde4d36,"医院名称：北京市和平街街道十四区社区卫生服务站,产品名称：养血清脑颗粒,商品名：无,剂型：颗粒剂,规格：4g,生产企业：天士力医药集团股份有限公司,配送企业：,订购数量：0,批准文号：国药准字Z10960082",,,养血清脑颗粒,0.0,,False,True,pydantic_direct
matched_row_279,279,call_a52d3f6c74f8440e,"医院名称：北京交通大学社区卫生服务中心,产品名称：坦索罗辛,商品名：齐索,剂型：缓释胶囊,规格：0.2mg,生产企业：浙江海力生制药有限公司,配送企业：,订购数量：0,批准文号：国药准字H20020623",,,坦索罗辛,0.0,,False,True,pydantic_direct
matched_row_280,280,call_2134ab298f3f45d9,"医院名称：滨河街道社区卫生服务中心平谷镇北小区社区卫生服务站,产品名称：复方羊角颗粒,商品名：无,剂型：颗粒剂,规格：8g,生产企业：山西旺龙药业集团有限公司,配送企业：,订购数量：0,批准文号：国药准字Z14020508",,,复方羊角颗粒,0.0,,False,True,pydantic_direct
matched_row_281,281,call_d89174bd55f44f79,"医院名称：北京丰台众仁堂中医医院,产品名称：熊胆滴眼液,商品名：无,剂型：滴眼剂,规格：10ml,生产企业：云南傣药有限公司,配送企业：,订购数量：0,批准文号：国药准字Z20025416",,,熊胆滴眼液,0.0,,False,True,pydantic_direct
matched_row_282,282,call_593accf52b624580,"医院名称：北京南郊肿瘤医院,产品名称：泼尼松,商品名：无,剂型：素片,规格：5mg,生产企业：山东新华制药股份有限公司,配送企业：,订购数量：0,批准文号：国药准字H37020647",,,泼尼松,0.0,,False,True,pydantic_direct
matched_row_283,283,call_90c3d134d2cc4bdc,"医院名称：北京市西城区德胜街道裕中东里社区卫生服务站,产品名称：香砂养胃片,商品名：无,剂型：素片,规格：0.6g,生产企业：云南大唐汉方制药股份有限公司,配送企业：,订购数量：0,批准文号：国药准字Z20025522",,,香砂养胃片,0.0,,False,True,pydantic_direct
matched_row_284,284,call_eaff754e7b054b9f,"医院名称：北京中医药大学东直门医院,产品名称：丙泊酚中/长链脂肪乳,商品名：无,剂型：注射液,规格：50ml:0.5g,生产企业：四川国瑞药业有限责任公司,配送企业：,订购数量：0,批准文号：国药准字H20143253",,,丙泊酚中/长链脂肪乳,0.0,,False,True,pydantic_direct
matched_row_285,285,call_419ce34f17c64c74,"医院名称：北京市海淀区四季青乡中心卫生院(北京四季青医院),产品名称：聚维酮碘,商品名：无,剂型：溶液剂,规格：100ml:10g(10%),生产企业：江西银涛药业有限公司,配送企业：,订购数量：0,批准文号：国药准字H36020661",,,聚维酮碘,0.0,,False,True,pydantic_direct
matched_row_286,286,call_3ec7c8efb29c4c98,"医院名称：北京市房山区韩村河曹章社区卫生服务站,产品名称：复方丹参片,商品名：无,剂型：薄膜衣片,规格：0.32g,生产企业：北京同仁堂科技发展股份有限公司制药厂,配送企业：,订购数量：0,批准文号：国药准字Z11021185",,,复方丹参片,0.0,,False,True,pydantic_direct
matched_row_287,287,call_526d746ae22a4fe6,"医院名称：怀柔区龙山街道社区卫生服务中心东关社区卫生服务站,产品名称：比索洛尔,商品名：博苏,剂型：素片,规格：2.5mg,生产企业：北京华素制药股份有限公司,配送企业：,订购数量：0,批准文号：国药准字H20023132",,,比索洛尔,0.0,,False,True,pydantic_direct
matched_row_288,288,call_ffdcfff6b42e4659,"医院名称：北京市宣武中医医院,产品名称：多烯磷脂酰胆碱,商品名：无,剂型：注射液,规格：5ml:232.5mg,生产企业：成都天台山制药有限公司,配送企业：,订购数量：0,批准文号：国药准字H20057684",,,多烯磷脂酰胆碱,0.0,,False,True,pydantic_direct
matched_row_289,289,call_6757ca50f08d447b,所属区域： 吉林 中标商： 中交第二公路工程局有限公司 加入时间： 2020.06.18 中标金额： 摘要：本公告受敦化市公路工程建设项目公室委托发布，发布日期：2020-06-18，公告主要内容为：吉林[交通工程]省道敦化至凤凰山公路敦化至额穆段施工中标公告，所属区域：吉林，所属行业分类：公路，招标代理：吉林省机械设备成套招标公司，采购业主：敦化市公路工程建设项目公室，中标商：中交第二公路工程局有限公司，中标金额：，公告类型：中标公告。 省道敦化至凤凰山,,,省道敦化至凤凰山公路敦化至额穆段施工,,,False,True,pydantic_direct
matched_row_290,290,call_ab5f07da62454f31,附件2吉林省房屋建筑和市政基础设施工程项目中标候选人和其他投标人相关信息公示表 项目名称 东丰县小四平镇红色教育基地建设项目 项目编号 JLHYZB-2020-109 建设单位 东丰县小四平镇人民政府 建设地点 东丰县小四平镇 招标方式 公开招标 工程类别 施工 建筑面积 1226.62平方米 投标最高限价 4819576 元 开标日期 2020年7月10日 开标地点 东丰县政务服务和数字化建设管理局二楼第一开标室 中标工程范围 图纸及工程量清单内所有内容 中标候选人排序 中标候选人名称 资格等级 质量 工期（交货期） 投标报价 综合评标得分 第一名 吉林市宏俐达建筑安装工程有限公司 三级 合格 2020年7月15日-2020年11月30日 4811530 附件下载 第二名 吉林祥筑建筑工程有限公司 三级 合格 2020年7月15日-2020年11月30日 4798581 附件下载 第三名 吉林省富维建设工程有限公司 三级 合格 2020年7月15日-2020年11月30日 4817573 附件下载 评标委员会成员 专家一 专家二 专家三 专家四 专家五 … … 职称 高工 高工 高工 高工 工程师 注册执业资格 / / / / / 评审专业 工程类 工程类 工程类 工程类 工程类 中标候选人和其他投标人公示期 2020年 7 月 13 日- 2020 年 7 月 15 日 联系方式 招标人 东丰县小四平镇人民政府 联系人 史先生 联系电话 0437-6788103 招标代理机构 吉林省宏元项目管理咨询有限公司 联系人 王经理 联系电话 0431-80542021 行政监督部门 东丰县建设工程招投标管理中心 联系人 赵女士 联系电话 15843718567 续表 序号 投标人名称 投标人符合初步评审标准要求或纳入评审标准计分的工程业绩 项目名称 项目名称 项目名称 1 吉林市宏俐达建筑安装工程有限公司 磐石市社会养老服务示范中心老年养护楼建设项目 永吉县第二社会福利服务中心老年公寓楼建设项目 吉化第一实验小学校综合楼建设项目 2 吉林祥筑建筑工程有限公司 舒兰市消防救援大队营房修缮项目 3 吉林省富维建设工程有限公司 辽源市龙山玉圭园御水丹堤二期四标段B13号楼、B17号楼及F4地下车库 序号 投标人名称 拟任项目负责人纳入评审标准计分的工程业绩 项目名称 项目名称 项目名称 1 吉林市宏俐达建筑安装工程有限公司 / / / 2 吉林祥筑建筑工程有限公司 / / / 3 吉林省富维建设工程有限公司 / / / 序号 投标人名称 拟任项目负责人 姓名 职称证书 注册执业资格 证书编号 纳入评审标准计分的获奖情况 1 吉林市宏俐达建筑安装工程有限公司 岳星宇 助理工程师 二级建造师 吉222141728119 / 2 吉林祥筑建筑工程有限公司 王宇 工程师 二级建造师 吉222111315605 / 3 吉林省富维建设工程有限公司 马宏伟 工程师 二级建造师 吉222171832179 / 序号 投标人名称 投标保证金缴纳情况 形式 承保银行或担保公司名称 经营地址 联系电话 1 吉林市宏俐达建筑安装工程有限公司 转账 吉林环城农村商业银行股份有限公司昌邑支行 昌邑区天津街和解放大路交汇吉林环城农商银行 0432-62488841 2 吉林祥筑建筑工程有限公司 转账 吉林银行吉林雾凇大陆支行 吉林银行（雾凇大路支行）位于珲春中街博达英郡小区7号楼 0432-63346087 3 吉林省富维建设工程有限公司 保函 中国建设银行股份有限公司深圳市分行 深圳市福田区益田路6003号荣超商务中心A栋 13041370692 续表 进入详细评审环节所有投标人技术标得分 序号 投标人名称 得分 序号 投标人名称 得分 1 吉林市宏俐达建筑安装工程有限公司 21.2 2 吉林祥筑建筑工程有限公司 19.4 3 吉林省富维建设工程有限公司 16.8 4 吉林省钰泽建设工程有限公司 17 否决投标情况说明 序号 投标人名称 否决投标情况说明（投标文件被认定为不合格的具体事实及所依据招标文件中评审因素和评审标准的条款，不得简单地表述为未响应招标文件实质性内容、某处有问题等） 备注 1 … … 注：1.招标人或其委托的招标代理机构对填写的中标候选人和其他投标人相关信息公示内容的真实性、准确性、合法性负责。 2.表中“拟任项目负责人”的证书编号只填写注册执业资格证书编号。 3.投标人或者其他利害关系人对依法必须进行招标的房屋建筑和市政基础设施工程项目的评标结果有异议的，应当在中标候选人和其他投标人公示期间向招标人提出。 4.投标保证金的缴纳形式是指现金支票、保兑支票、银行汇票，银行保函、担保公司保函。 5.表中所填金额，单位均为人民币“元”。,,,东丰县小四平镇红色教育基地建设项目,,4811530.0,False,True,pydantic_direct
matched_row_291,291,call_5030d73bfde94f5d,YNDCZBDL2017-37施甸县人民医院医疗设备及器械采购成交公告 1、项目名称：施甸县人民医院医疗设备及器械采购 用途：施甸县人民医院医疗工作建设需求 数量：一批 简要技术要求：要求所投存储品牌成熟稳定，系统必须跟医院现有HIS系统无缝对接。 合同履行日期：一标包：50天；二标包：90天。 招标编号：YNDCZBDL2017-37 招标方式：公开招标 采购总预算：3425000.00元 一标包：双活数据中心建设采购（247.5万元） 二标包：信息平台及业务应用扩展建设软件采购（95万元） 2、本项目于2017年6月20日发布了招标公告。 3、招标成交人 本项目于2017年7月10日下午15：00分（北京时间）在施甸县公共资源交易中心进行公开招标开标会议，经评标小组评议，现将成交结果公告如下： 一标包：施甸县人民医院双活数据中心建设采购 第一中标候选人：云南誉朗科技有限公司 成交价：2370000.00元 统一社会信用代码：91530100568836070U 地址：云南省昆明经开区信息产业基地春漫大道80号云南海归创业园2幢2楼02624号 二标包：施甸县人民医院信息平台及业务应用扩展建设软件采购 第一中标候选人：重庆久远银海软件有限公司 成交价：890000.00元 统一社会信用代码：91500104559047491K 地址：重庆市大渡口区春晖路街道翠柏路101号2幢5-1至5-4 4、评标小组成员名单： 评标委员会成员分别是： 杨美荣、杨根铭、张毓芬、李建荣、戴曙光 ，共5人组成，经评标委员会推选出 杨根铭 为评标小组长。 5、公告发布时间2017年07月11日；公告期满后请成交单位到我公司领取中标通知书，未成交单位携带投标保证金收款收据到公司办理有关事宜。在此，衷心感谢各投标单位的积极参加与支持。 6、采购人：施甸县人民医院 联系人：王先生 联系电话：0875-8121656 7、招标代理机构：云南帝辰招标代理有限公司 联系电话：0875-2129753 2017年07月11日,,,医疗设备及器械,,3260000.0,True,True,pydantic_direct
matched_row_292,292,call_570c8d349b4e48e6,"医院名称：北京长城中医医院,产品名称：洛索洛芬,商品名：无,剂型：分散片,规格：60mg,生产企业：山东裕欣药业有限公司,配送企业：,订购数量：0,批准文号：国药准字H20163219",,,洛索洛芬,0.0,,False,True,pydantic_direct
matched_row_293,293,call_b6d3e928dbf74c18,建设工程中标结果公示 招 标 人 郑州经济技术开发区城市管理局建管中心 工程名称 郑州经济技术开发区经北四路及经开第十八大街道路复浇工程施工 标段名称 第一标段：经北四路道路维修工程（铁路箱涵东引坡-经开第十八大街），桩号K0+000~K1+340，工程全长1340米 工程地址 郑州市 招标类型 施工 工程规模 / 结构层数 / 招标方式 公开招标 招标组织形式 委托招标 开标时间 2020年6月9日11时30分 中标人 河南紫通建筑工程有限公司 项目经理 刘杰 中标价 6995524.09元 注册证号 豫241141565408 工期 60日历天 质量要求 合格工程 招标人：郑州经济技术开发区城市管理局建管中心（异议受理部门） 电话：0371-86019882 邮箱：无 传真：无 通讯地址：郑州经济技术开发区航海路与第二大街交叉口 监督部门：郑州经济技术开发区城市管理局（投诉受理部门） 电话：0371-66785372 邮箱：无 传真：无 通讯地址：郑州经济技术开发区航海路与第二大街交叉口 招标人或招标代理机构：河南豫信招标有限责任公司 主要项目负责人：周圆芳 2020年6月17日 招标人或招标代理机构人员 周圆芳 联系电话 0371-69092276,,,道路维修工程,,6995524.09,False,True,pydantic_direct
matched_row_294,294,call_106003cc235243c2,"医院名称：北京北方红旗机电有限公司医院,产品名称：双氯芬酸,商品名：无,剂型：凝胶剂,规格：25g:0.29g(以双氯芬酸计0.25g),生产企业：黄石卫生材料药业有限公司,配送企业：,订购数量：0,批准文号：国药准字H20040301",,,双氯芬酸,0.0,,False,True,pydantic_direct
matched_row_295,295,call_5d4643064e9a4a76,"项目编号 31FCZZ20200073 项目名称 文昌市文城生猪屠宰场公开招租 交易方式 动态报价 受让方名称 海南茂亦农业开发有限公司 转让标的评估值或账面净值 728,028元 人民币 成交金额 728,028元 人民币 成交日期 2020-06-18",,,文昌市文城生猪屠宰场公开招租,,728028.0,False,True,pydantic_direct
matched_row_296,296,call_52313782a206409c,"医院名称：北京市朝阳区妇幼保健院,产品名称：硝酸甘油,商品名：无,剂型：注射液,规格：1ml:5mg,生产企业：北京益民药业有限公司,配送企业：,订购数量：0,批准文号：国药准字H11020289",,,硝酸甘油,0.0,,False,True,pydantic_direct
matched_row_297,297,call_ad192db8753c402d,"医院名称：北京市朝阳区东风社区卫生服务中心(石佛营西里),产品名称：消栓通络胶囊,商品名：无,剂型：胶囊剂,规格：0.35g,生产企业：锦州本天药业有限公司,配送企业：,订购数量：0,批准文号：国药准字Z10930023",,,消栓通络胶囊,0.0,,False,True,pydantic_direct
matched_row_298,298,call_f894c81db8614181,"医院名称：北京市朝阳区高碑店地区兴隆家园社区卫生服务站,产品名称：红霉素,商品名：无,剂型：眼膏剂,规格：2.5g:12.5mg(0.5%),生产企业：北京双吉制药有限公司,配送企业：,订购数量：0,批准文号：国药准字H11021270",,,红霉素,0.0,,False,True,pydantic_direct
matched_row_299,299,call_e0c094b5f8604d81,"成交结果公告 一、项目编号:TLCG202004 二、项目名称：巍山彝族回族自治县农业农村局强制免疫疫苗采购项目 三、成交信息 供应商名称：天康生物股份有限公司 供应商地址：新疆乌鲁木齐高新技术产业开发区长春雨路528号 成交金额(万元)：24 供应商名称：天康生物股份有限公司 供应商地址：新疆乌鲁木齐高新技术产业开发区长春雨路528号 成交金额(万元)：30 供应商名称：吉林冠界生物技术有限公司 供应商地址：梅河口市曙光镇罗家村 成交金额(万元)：15 四、主要标的信息 货物类 名称：猪口蹄疫O型合成肽 品牌：天康 规格型号：头份 数量：150000 单价：1.6 货物类 名称：牛羊口蹄疫O-A二价苗 品牌：天康 规格型号：头份 数量：150000 单价：2.0 货物类 名称：禽流感（H5+H7）三价苗 品牌：吉林冠界 规格型号：羽份 数量：1000000 单价：0.15 五、评审专家（单一来源采购人员）名单： 赵美艳,字梅,何一梅,左丽梅,只美兰 六、代理服务收费标准及金额： 收费标准：按国家发展改革委（发改价格[2015]299号）规定的标准执行，招标代理服务费由入围单位承担。本项目招标代理服务费为5000元/家。 金额：0.5万元 七、公告期限 自本公告发布之日起1个工作日。 八、其他补充事宜 无 九、凡对本次公告内容提出询问，请按以下方式联系。 1.采购人信息 名 称：巍山彝族回族自治县农业农村局 地址：巍山县南诏镇鸡碧村委会宝善村98号 联系方式：0872---6126817 2.采购代理机构信息 名 称：云南塔立经济信息咨询有限公司 地址：昆明市王筇路与科普路交叉口中铁云时代广场金地1213室 联系方式：0871-68303633 3.项目联系方式 项目联系人：李向光 电 话：0872---6126817",,,强制免疫疫苗,1300000.0,690000.0,False,True,pydantic_direct
matched_row_300,300,call_5925f70b2cf44242,"医院名称：北京市昌平区中医医院,产品名称：癃清胶囊,商品名：无,剂型：胶囊剂,规格：0.4g,生产企业：重庆科瑞南海制药有限责任公司,配送企业：,订购数量：0,批准文号：国药准字Z20050807",,,癃清胶囊,0.0,,False,True,pydantic_direct
matched_row_301,301,call_fe7a1f3549c04b7e,项目名称 神木市历史文化名城保护规划（2019-2035）项目 标段编号 E61080089019fyrk1wyp001 招标人名称 神木市住房和城乡建设局 招标代理机构名称 中金国际项目管理有限公司 联系人名称 郑璐 联系电话 17791517799 开标时间 2020年6月15日 8时30分 开标地点 榆林市公共资源交易中心十楼开标室8 中标候选人 排序 中标候选人 拟定项目经理姓名和注册证书编号 中标价（万元） 获奖情况 第1名 陕西省城乡规划设计研究院 文雯 GH20166100419 299.6 第2名 中联西北工程设计研究院有限公司 汪建军 GH20056100081 300 第3名 西北综合勘察设计研究院 李运军 GH20054100097 300 公示开始时间 2020年6月18日 公示结束时间 2020年6月22日 以上中标候选人，经评标委员会审定，并予以公示，如有异议，请于公示截至时间前以书面形式并加盖公章向招标代理机构或招标人反映。,,,神木市历史文化名城保护规划（2019-2035）项目,,2996000.0,False,True,pydantic_direct
matched_row_302,302,call_1e47c7b5f01d492d,"公告信息： 采购项目名称 兰州市七里河区住房和城乡建设局七里河区雷坛河沿岸小区污水处理调试和运营维护项目服务 品目 服务/维修和保养服务 采购单位 兰州市七里河区住房和城乡建设局 行政区域 兰州市 公告时间 2020年07月09日 09:05 本项目招标公告日期 2020年06月17日 中标日期 2020年07月08日 评审专家名单 相永新, 张晓慧, 王立群, 孙惠农, 高学礼 总中标金额 ￥336.560000 万元（人民币） 联系人及联系方式： 项目联系人 李锡娟 项目联系电话 0931-8825930 采购单位 兰州市七里河区住房和城乡建设局 采购单位地址 甘肃省兰州市七里河区西津东路498号 采购单位联系方式 2667461 代理机构名称 甘肃商建工程招标咨询有限公司 代理机构地址 甘肃省兰州市城关区皋兰路20号兴中大厦 代理机构联系方式 0931-8825930 附件： 附件1 02.招标文件——雷坛河沿岸小区污水处理设施后期运营维护项目（终稿2020.6.17）PDF.pdf 兰州市七里河区住房和城乡建设局七里河区雷坛河沿岸小区污水处理调试和运营维护项目服务中标公告 一、项目编号 GSSJ-ZB-2020047 二、项目名称 兰州市七里河区住房和城乡建设局七里河区雷坛河沿岸小区污水处理调试和运营维护项目服务 三、中标（成交）信息 供应商名称 供应商联系地址 中标金额(万元) 兰州富莱全环保设备有限公司 兰州市城关区皋兰路街道民主东路218号701室 336.56 四、主要标的信息 服务类 供应商名称 名称 服务时间 服务要求 服务标准 服务范围 兰州富莱全环保设备有限公司 兰州市七里河区住房和城乡建设局七里河区雷坛河沿岸小区污水处理调试和运营维护项目服务 一年 1、 本次采购运营服务商负责在运营期间承担该污水处理工程的日常运营管理并承担厂内设施、设备的正常保养、检修和维护（不包括原施工单位质保范围以及设施设备大修、改造），对进入该污水处理厂的符合服务进水水质的污水进项处理后，出水满足达标排放要求 达到《城镇污水处理厂污染物排放标准（GB18918-2002）》中的一级 A 标准 七里河区雷坛河沿岸小区污水处理调试和运营维护 五、评审专家（单一来源采购人员）名单 相永新,张晓慧,王立群,孙惠农,高学礼 六、代理服务收费标准及金额 收费标准：国家计委计价格【2002】1980 号文和发改办价格【2003】857 号文 收费金额：35000.0万元 七、公告期限 自本公告发布之日起1个工作日。 八、其他补充事宜 九、凡对本次公告内容提出询问，请按以下方式联系 1.采购人信息 名 称：兰州市七里河区住房和城乡建设局 地 址：甘肃省兰州市七里河区西津东路498号 联系方式：2667461 2.采购代理机构信息 名 称：甘肃商建工程招标咨询有限公司 地 址：甘肃省兰州市城关区皋兰路20号兴中大厦 联系方式：0931-8825930 3.项目联系方式 项目联系人：李锡娟 电 话：0931-8825930",,,七里河区雷坛河沿岸小区污水处理调试和运营维护项目服务,,3365600.0,False,True,pydantic_direct
matched_row_303,303,call_8cba27217f3842ed,一、项目信息 项目名称: 天柱县民族中学班班通、录播教室设备采购项目 项目编号: HSTC-2020-0035 项目序列号:HSTC-2020-0035 采购方式:公开招标 二、中标(成交)信息 序号 中标供应商 中标供应商地址 主要中标内容 中标金额(元) 1 贵阳花溪能发教学设备有限公司 贵州省贵阳市花溪区孟关乡改毛村 班班通、录播教室设备 2306000.00 PPP项目:否 三、公告期限 时间：2020-07-13至 2020-07-14 （自本公告发布之日起1个工作日） 四、代理服务收费标准及金额 收费标准: 成交服务费根据贵州省物价局和贵州省住房和城乡建设厅关于降低部分建设项目收费标准规范收费行为等有关问题的通知（黔价房【2011】69号 收费金额 2.89万元 五、其他补充事宜 采购日期: 2020-06-17 定标日期: 2020-07-10 评审时间: 2020-07-10 评审地点: 黔东南州公共资源交易中心 评审委员会成员名单: 邵良成、宋巧荣、李群生、李才英、李德明 公告媒体: 贵州省政府采购网、全国公共资源交易平台（贵州省·黔东南州） 项目用途、简要技术要求及合同履行日期: 详见“公开招标文件” 书面推荐供应商参加采购活动的采购人和评审专家推荐意见（如有）: 无 六、凡对本次公告内容提出询问，请按以下方式联系 1、采购人信息 名 称：天柱县教育和科技局 项目联系人：潘存芳 地 址：天柱县 联系方式：0855-7522470 2、代理机构信息（如有） 代理全称：贵州华松天成工程咨询有限公司 名 称：何梦 地 址：贵州省凯里市凯开大道畅达国际广场大底盘1层1-18号 联系方式：0855-8128569 3、项目联系方式 联 系 人：何梦 电 话：0855-8128569 七、附件（PDF格式、除采购文件外还要上传主要中标标的的名称、规格型号、数量、单价、服务要求) 发售版---天柱县民族中学班班通、录播教室设备采购项目.pdf 贵州华松天成工程咨询有限公司,,,班班通、录播教室设备,,2306000.0,True,True,pydantic_direct
matched_row_304,304,call_d5c9d18789e440c7,锦屏县“一县一业”多彩田园万亩油茶示范基地建设项目（二期） 中标候选人公示 公示基本信息 标段(包) 锦屏县“一县一业”多彩田园万亩油茶示范基地建设项目（二期） 项目业主 锦屏县林业局 项目业主电话 0855-7220382 招标人 锦屏县林业局 招标人电话 0855-7220382 招标代理机构 贵州九陵工程建设管理有限公司 招标代理机构电话 0855-8066638 开标时间 2020-06-16 14:30:00 开标地点 黔东南州公共资源交易中心（,,,锦屏县“一县一业”多彩田园万亩油茶示范基地建设项目（二期）,,,False,True,pydantic_direct
matched_row_305,305,call_266c6251e9244834,"地块编号： DBG2020027 地块名称： 工业新城迎宾大道与福州路交汇处西北角宗地 行政区： 信丰县 成交价： 6484万元 竞得人名称： 赣州蓝湾之星企业管理有限公司,上犹博达房地产开发有限公司 成交确认时间： 2020-06-17 09:40:55",,,工业新城迎宾大道与福州路交汇处西北角宗地,,64840000.0,False,True,pydantic_direct
matched_row_306,306,call_21ad13dad5ec4282,蒙自市人民医院内网生产和实时备份系统扩容项目 中标结果公示 云南鑫德招标咨询有限公司受蒙自市人民医院委托，于2020年06月17日09:00时在蒙自市公共资源交易中心进行的蒙自市人民医院内网生产和实时备份系统扩容项目（招标编号：云鑫招字2020-3-106）的开标会现已评标结束，经评标小组评审，采购人确定，现将中标结果公示如下： 项目名称 蒙自市人民医院内网生产和实时备份系统扩容项目 中标单位名称 红河州方程数码科技有限公司 中标单位地址 云南省红河州蒙自,,,蒙自市人民医院内网生产和实时备份系统扩容项目,,,True,True,pydantic_direct
matched_row_307,307,call_b003dea9aabb46b3,保定市公共资源交易中心国有建设用地使用权挂牌出让结果公示 保公字[2020]015号 编号 宗地位置 土地面积（㎡） 土地用途 出让年限 挂牌时间 竞得单位 成交价 (万元) 2019-012号 七一路南、京港澳高速东 34697.9 居住用地 （住宅、商服） 住宅70年、商服40年 2020.6.3至2020.6.17 保定熙福房地产开发有限公司 5960 保定市公共资源交易中心 2020年6月18日,,,国有建设用地使用权,,59600000.0,False,True,pydantic_direct
matched_row_308,308,call_82591e4c1a1a4333,西畴县鸡街河（三期）汤谷段治理勘察采购项目成交结果公告 一、项目编号：云科采字2020-5-9 二、项目名称：西畴县鸡街河（三期）汤谷段治理勘察采购项目 三、中标（成交）信息 供应商名称：文山壮族苗族自治州水利电力勘察设计院 供应商地址：文山市开化路178号 中标（成交）金额：65.8万元 四、主要标的信息 服务类 名称：西畴县鸡街河（三期）汤谷段治理勘察采购项目 服务范围：对西畴县鸡街河（三期）汤谷段治理工程进行勘察工作，包括但不限于本项目可行性研究报告、初步设计报告（含概算编制）、技施设计、后续施工配合服务至竣工验收为止； 服务要求：地形测量及地质勘察报告，并配合采购人完成本项目向政府相关部门的报批报审。 服务时间：在签订服务合同后 3个月内完成所有工作并提交成果资料。 服务标准：成果必须符合国家或行业相关方面现行的标准、规范、规程、办法、示例，以及各地州下发的有关文件和规定。确保成果资料完整、真实准确、清晰有据。 五、评审专家名单：王明芳（组长）、何兴漾、陆兴航（采购人代表） 六、代理服务收费标准及金额： 按照国家发展计划委员会文件《计价格〔2002〕1980号》规定收取，金额为人民币 10000.00元，由成交单位支付。 七、公告期限 自本公告发布之日起1个工作日。 八、其他补充事宜 1.本公告同时在“云南省政府采购网”、“云南省公共资源交易电子服务系统”、“文山州公共资源交易电子服务系统”、“西畴县政务网”网站发布。 2.请成交单位公示期内到云南科安项目咨询有限公司领取成交通知书。 3.云南科安项目咨询有限公司在此，谨对积极参与本项目投标的单位表示衷心的感谢! 九、凡对本次公告内容提出询问，请按以下方式联系。 1.采购人信息 名 称：西畴县水务局 地 址：西畴县 联系方式：15012190225 2.采购代理机构信息 名 称：云南科安项目咨询有限公司 地 址：文山市文新大道七幢一单元202室 联系方式：0876-2129187 3.项目联系方式 项目联系人：孙驰 电 话：18313204117 十、附件 1.采购文件：已经在公告发布期间在文山州公共资源交易电子服务系统（https://wsggzy.cn/）上发布。 2.被推荐供应商名单和推荐理由：文山壮族苗族自治州水利电力勘察设计院，得分最高为90.33分，报价为65.8万元。,,,西畴县鸡街河（三期）汤谷段治理勘察采购项目,,658000.0,False,True,pydantic_direct
matched_row_309,309,call_5643fcba292b4a5c,施甸县人民医院医疗设备采购项目中标公告 一、招标编号：RCJSSD-GKCG-2020002 二、招标方式：公开采购 三、项目名称：施甸县人民医院医疗设备采购项目 产品用途：施甸县人民医院医疗工作需求 数量：一批 四、采购预算：1280000.0000元 五、中标候选人 本项目于2020年07月10下午15:00分（北京时间）在施甸县公共资源交易中心进行开标评标会议，经评标小组评议，现将成交结果公告如下： 1：推荐的成交候选人： 第一中标候选人：云南瑞源生,,,医疗设备,,1280000.0,True,True,pydantic_direct
matched_row_310,310,call_ad09fdd187af4f1f,"医院名称：北京市社会福利医院,产品名称：克拉霉素,商品名：锋锐,剂型：分散片,规格：0.25g(25万单位),生产企业：扬子江药业集团有限公司,配送企业：,订购数量：0,批准文号：国药准字H19990376",,,克拉霉素,0.0,,False,True,pydantic_direct
matched_row_311,311,call_d65579d62a8e4e57,"医院名称：北京航天总医院,产品名称：草乌甲素,商品名：无,剂型：薄膜衣片,规格：0.4mg,生产企业：云南昊邦制药有限公司,配送企业：,订购数量：0,批准文号：国药准字H20057421",,,草乌甲素,0.0,,False,True,pydantic_direct
matched_row_312,312,call_6229190b49e547d2,招标人：唐山市热力总公司 招标代理机构：河北至诚工程项目管理有限公司，项目经理：刘月香 中标单位：唐山市热力实业开发公司 中标金额： 850980元,,,,,850980.0,,True,pydantic_direct
matched_row_313,313,call_5e41b2330f4b4f70,"医院名称：房山区良乡地区太平庄社区卫生服务站,产品名称：同仁大活络丸,商品名：无,剂型：蜜丸,规格：3.6g,生产企业：北京同仁堂股份有限公司同仁堂制药厂,配送企业：,订购数量：0,批准文号：国药准字Z11020090",,,同仁大活络丸,0.0,,False,True,pydantic_direct
matched_row_314,314,call_6da0f86bdf7a4bcc,"医院名称：北京市房山区大石窝镇社区卫生服务中心,产品名称：银黄滴丸,商品名：无,剂型：滴丸,规格：每袋装0.7g,生产企业：浙江维康药业股份有限公司,配送企业：,订购数量：0,批准文号：国药准字Z20050702",,,银黄滴丸,0.0,,False,True,pydantic_direct
matched_row_315,315,call_4f355f640df14e68,"医院名称：北京市西城区新街口街道玉桃园社区卫生服务站,产品名称：玻璃酸,商品名：无,剂型：滴眼剂,规格：5ml:5mg(0.1%),生产企业：珠海联邦制药股份有限公司中山分公司,配送企业：,订购数量：0,批准文号：国药准字H20040352",,,玻璃酸,0.0,,False,True,pydantic_direct
matched_row_316,316,call_5f7a3572d9924526,长治市上党区2019年高标准农田建设项目（第十一标段）中标候选人公示 （招标编号：SXBLL(2020)607 ） 公示开始时间：2020年6月18日9时0分 公示结束时间：2020年6月21日9时0分 本长治市上党区2019年高标准农田建设项目 （招标项目编号：M1100000048001213002 ），经评标委员会评审，确定002第十一标段的中标候选人，现公示如下： 一、评标情况 标段（包）002第十一标段： 1、中标候选人基本情况 排序 中标候选人名称 投标报价（元） 质量 工期（天） 1 山西诚然建筑工程有限公司 1772353.40 合格 180 2 山西欣鼎兴建设工程有限公司 1773251.06 合格 180 2、中标候选人按照招标文件要求承诺的项目负责人情况 序号 中标候选人名称 项目负责人姓名 相关证书名称及编号 1 山西诚然建筑工程有限公司 史丽琼 二级建造师 晋214131434318 2 山西欣鼎兴建设工程有限公司 韩建业 二级建造师 晋214101222353 3、中标候选人响应招标文件要求的资格能力条件 序号 中标候选人名称 响应情况 1 山西诚然建筑工程有限公司 符合 2 山西欣鼎兴建设工程有限公司 符合 二、提出异议的渠道和方式 各投标单位如对上述结果有异议，可于公示期内通过比比网电子招投标交易平台的中标候选人公示异议功能，向招标人或招标代理机构提出。 三、监督部门 本招标项目的监督部门为 长治市上党区农业农村局 。 四、联系方式 招标人：长治市上党区农业农村局 地址：山西省长治市上党区迎宾西街6号 联系人：李先生 电话： 18636524320 招标代理机构：山西邦利莱工程项目管理有限公司 地址：长治市太行北路96号唐文图书大厦6层 联系人：连女士 电话： 0355-2032690 电子邮件：124810647@qq.com 招标人或其招标代理机构主要负责人（项目负责人）： （盖章） 招标人或其招标代理机构：（盖章）,,,长治市上党区2019年高标准农田建设项目,,1772353.4,False,True,pydantic_direct
matched_row_317,317,call_427404f170334ddb,"医院名称：北京市房山区燕山星城街道社区卫生服站,产品名称：消痔丸,商品名：无,剂型：水蜜丸,规格：6g(4g/100丸),生产企业：兰州佛慈制药股份有限公司,配送企业：,订购数量：0,批准文号：国药准字Z20033222",,,消痔丸,0.0,,False,True,pydantic_direct
matched_row_318,318,call_6b9e51966b024e88,"医院名称：平谷区南独乐河镇南独乐河社区卫生服务站,产品名称：盐酸伪麻黄碱/马来酸氯苯那敏,商品名：新康泰克,剂型：缓释胶囊,规格：盐酸伪麻黄碱90mg,马来酸氯苯那敏4mg,生产企业：中美天津史克制药有限公司,配送企业：,订购数量：0,批准文号：国药准字H20010430",,,盐酸伪麻黄碱/马来酸氯苯那敏,0.0,,False,True,pydantic_direct
matched_row_319,319,call_7a41af0895d741c8,美安污水处理厂(一期)项目施工 中标结果公示 美安污水处理厂(一期)项目施工 已完成招标工作，现将中标结果公示如下： 公示内容 中标人：中交一航局第五工程有限公司 中标价：76907868.83元 工期：365 日历天。 工程质量：符合现行国家有关工程施工验收规范和标准的要求合格 项目负责人：项目负责人：殷贺，证书名称：市政公用一级注册建造师，证书编号：00430430 招标人：海口永卓项目管理咨询有限公司 招标代理机构：伍诚工程咨询股份有限公司. 2020年6月23日 发布日期: 2020年6月23日 8时30分0秒,,,美安污水处理厂(一期)项目施工,,76907868.83,False,True,pydantic_direct
matched_row_320,320,call_8b28f02cf3d24756,中标结果公告 项 目 名 称 重庆市长寿区2020年“四好农村路”凤城街道永丰村通组公路 招 标 人 重庆市长寿区凤城街道办事处 联系电话 13452132325 招标代理机构 中鼎誉润工程咨询有限公司 15523944463 第一中标候选人 重庆和宇路桥工程有限公司 第二中标候选人 重庆灿阳建筑工程有限公司 第三中标候选人 重庆地镖建设工程有限公司 中 标 人 重庆和宇路桥工程有限公司 中标金额（万元） 556.16561 工商注册号 组织机构代码证 91500238MA5U6X0Y4L 投诉受理部门 重庆市长寿区发展改革委员会 联系电话 023-40245080 重庆市长寿区交通局 023-40244328 招标人: 重庆市长寿区凤城街道办事处 2020年6月18日(单位公章) 招标代理机构:中鼎誉润工程咨询有限公司 2020年6月18日(单位公章),,,重庆市长寿区2020年“四好农村路”凤城街道永丰村通组公路,,5561656.1,False,True,pydantic_direct
matched_row_321,321,call_1c7d5d5507d64ba1,"医院名称：北京市延庆区四海镇社区卫生服务中心,产品名称：参芪降糖胶囊,商品名：无,剂型：胶囊剂,规格：0.35g,生产企业：河南羚锐制药股份有限公司,配送企业：,订购数量：0,批准文号：国药准字Z10970002",,,参芪降糖胶囊,0.0,,False,True,pydantic_direct
matched_row_322,322,call_5acd80ac79364570,中标结果公告 标段编号： GC532931202000042001001 标段名称： 剑川县2020年财政预算内以工代赈工程- 工程类型： 施工 发布时间： 2020-07-16 09:03:00 投资项目统一代码： 中标人： 曲靖市红瑞建筑工程有限公司 中标人代码: 915303007998731519 中标价（费率或单价等）： 579.514569万元 中标工期： 120天 项目经理： 陈燕波 备注说明：,,,剑川县2020年财政预算内以工代赈工程,,5795145.69,False,True,pydantic_direct
matched_row_323,323,call_344c0340efad4284,凤庆县教育体育局网络安全产品升级维护采购项目评标结果公示 进场交易编号：ZC530921202000024001001 招标人 凤庆县教育体育局 联系人及电话 罗中良13988398500 项目名称 凤庆县教育体育局网络安全产品升级维护采购项目 行业主管部门 凤庆县财政局 招标代理机构 凤庆县政府采购和出让中心 联系人及电话 张晓彤18008836412 招标备案编号 4530921JH202000051 招标方式 □公开招标□竞争性谈判□邀请招标□询价采,,,网络安全产品升级维护,,,False,True,pydantic_direct
matched_row_324,324,call_b986c0954feb4c10,"医院名称：北京丰台建都中西医结合医院,产品名称：百令胶囊,商品名：无,剂型：胶囊剂,规格：0.5g,生产企业：杭州中美华东制药有限公司,配送企业：,订购数量：0,批准文号：国药准字Z10910036",,,百令胶囊,0.0,,False,True,pydantic_direct
matched_row_325,325,call_cb516522f808426c,卫星站配套设施建设项目（二次） 中标候选人公示 全信项目管理咨询有限公司受招标人的委托，对卫星站配套设施建设项目（二次）以公开招标形式进行采购，该项目于2020年7月2日在酒泉市公共资源交易网发布公开招标公告。评标委员会于2020年7月23日确定中标结果。现将中标结果公布如下： 一、项目编号： 2020-QXZX-1002 二、开标时间：2020年7月23日上午09时00分 三、招标公告发布日期：2020年7月2日 四、采购预算：小写：￥1113900.00元（大写：壹佰壹拾壹万叁仟玖佰元整） 五、中标候选人名称、地址、金额、联系人： 第一中标候选人：甘肃省通信产业工程建设有限公司 社会统一信用代码证：916200002243304477 地 址：甘肃省兰州市城关区金昌北路41号 投标报价：小写：￥1047668.13元 大写：壹佰零肆万柒仟陆佰陆拾捌元壹角叁分 项目经理：脱俊锋 高级工程师 联 系 人：肖 康联系电话：18993761717 第二中标候选人：中徽建技术有限公司 社会统一信用代码证：91340000610300414A 地 址：安徽省合肥市高新开发区合欢路 22 号 投标报价：小写：￥958063.12元 大写：玖拾伍万捌仟零陆拾叁元壹角贰分 项目经理：王宾 高级工程师 联 系 人：王勇 联系电话：17881668765 第三中标候选人：中国通信建设第四工程局有限公司 社会统一信用代码证： 91410100169953552J 地 址：河南省郑州市郑州二七区中原东路102号 投标报价：小写：￥1108368.00元 大写：壹佰壹拾万零捌仟叁佰陆拾捌元整 项目经理：任现龙 高级工程师 联 系 人：王宇宁联系电话：（0371）55911999/031 六、采购项目联系人姓名、电话及地址： 联系人：金先生 电 话：18093787211 代理机构：全信项目管理咨询有限公司 联系人：张菊 联系电话：15009493737 地址：酒泉市肃州区星海居B座3楼 2020年7月24日,,,卫星站配套设施建设项目,,1047668.13,True,True,pydantic_direct
matched_row_326,326,call_6edbeccea9394f44,"医院名称：北京市丰台区西罗园社区卫生服务中心,产品名称：银蒲解毒片,商品名：无,剂型：薄膜衣片,规格：每片重0.36g,生产企业：广西玉林制药集团有限责任公司,配送企业：,订购数量：0,批准文号：国药准字Z10910046",,,银蒲解毒片,0.0,,False,True,pydantic_direct
matched_row_327,327,call_ebc92bbe97e743d7,"盘锦市公安局边界采购项目 中标公告 1、项目名称：盘锦市公安局边界采购项目 2、项目编号：LPGK2020050007 3、财政编码：PJZC20191200388 4、采购结果： 中标单位： 包号 结果类型 确定原因 中标（成交）供应商名称 政府采购政策支持企业类型 中标（成交）供应商地址 中标（成交） 金额(元) 01 中标公告 排名第一 沈阳铭远奥斯科技有限公司 沈阳市浑南新区沈营路15-1号272 3070000 5、评审专家名单（不含采购人代表）： 李超、王彬、侯滨、朱越 6、保证金退还时间：未中标（成交）供应商应在本公告发布之日起5个工作日内，到集中采购机构办理退还保证金事宜；中标（成交）供应商应在政府采购合同签订之日起5个工作日内到集中采购机构办理退还保证金事宜。 7、本公告期限为1个工作日，本公告自发布之日起将向中标（成交）供应商发布中标（成交）通知书。 8、采购人名称及联系方式 采购人：盘锦市公安局 地址：辽宁省盘锦市辽滨新区直方街盘锦市公安局 项目联系人：周若文 联系电话：15124270100 9、集中采购机构名称及联系方式 集中采购机构： 盘锦市公共采购交易中心（盘锦市行政审批服务中心） 地址：盘锦市大洼区东华路77号 项目联系人：张鹤腾 联系电话：0427-8650081 附件： 01包中标产品清单 序号 名称 型号和规格 数量 单位 单价（元） 1 货物 吉大正元G5000-G-AW 蓝盾BD-ULtraFW-TG7530 蓝盾NIDS-G7110 HP ZBook 17 G6 网络融合管理平台NetFusev1.5 合众DC-5200-HS CM-5200 CMD-100 天行TOPWALK GAP TG9562-X Huawei S5730S 1 批 3126800.0000 需求响应表 招标要求 投标响应 商品名称 招标需求 响应需求* 偏离* 偏离说明 货物 公安机关驻地外链路部分需求 1.可信边界安全网关2台 硬件和接口：千兆网络电口≥4个；万兆光口≥2（主机标配2个多模万兆模块及光纤） 冗余电源 新建连接速度（次/秒）≥5000 最大并发连接数≥25000 吞吐率（Gbps）≥3G 每秒认证数（TPS）≥25000 具体参数如下： 支持串联和旁路部署的工作模式； 支持IPSec协议， 支持上网隔离功能，通过SSL 隧道访问边界平台网络，断开其它一切网络连接； 证书认证、用户名口令认证 通过扫描二维码方式实现用户身份信息的漫游功能 除支持传统的PC终端上证书的认证外，还支持智能终端设备上的数字证书认证，如：手机、PAD等，满足移动办公认证需求 无缝兼容公安现持有的PKI数字证书，不影响公安业务的正常开展。（中标后需提供相关材料，加盖厂商公章） 系统支持自动更新动态黑名单功能，支持从WEB站点下载、从LDAP服务器下载以及手工导入黑名单三种模式。 支持对终端设备的安全检查功能，不符合安全要求的客户端禁止连接系统执行认证业务。 系统支持通过证书基本属性、证书扩展属性、用户属性、时间、终端地址、硬件设备特征以及信任域进行业务系统的授权和访问控制，通过不同条件的组合做到灵活授权 系统支持多种基于TCP/UDP 的B/S或C/S结构的业务系统。系统也支持多种使用动态端口的应用协议，比如FTP、TFTP、Oracle、SQL Server等。 支持向业务系统传递属性信息，应用插件支持主流WEB服务器类型，包括：IIS、apache、tomcat、Websphere、Weblogic、Jboss等系统，支持向业务系统传递各种属性信息，针对不同的业务系统可以灵活配置不同的传递信息。支持传递自定义信息。 支持开通网段应用 管理员所有操作都可以在WEB界面操作。 支持系统备份、恢复功能，支持对系统所有配置、数据进行备份功能，支持备份到本地和FTP方式；同时系统支持自动备份功能，管理员可以设定自动备份策略。 支持配置导入、导出功能支持将系统数据、配置导出并导入到其他设备，提升服务器实施效率 系统支持在线升级功能，通过在线升级功能，可以将任何历史老版本升级到最新版本。 支持系统运行状态监控功能，通过图形方式展示当前设备运行状态，包括：CPU、内存、硬盘、网络等使用情况，同时支持对在线用户数、连接数进行实时监控。（中标后需提供产品功能界面截图，加盖厂商公章） 支持限定管理地址，限定管理地址后，管理员只能通过指定的终端进行管理。 支持双机热备功能，支持双机热备部署，保证用户业务不间断。 支持端口聚合功能（中标后需提供产品功能界面截图，加盖厂商公章） 支持负载均衡功能，借助于第三方负载均衡设备配合自身的集群、数据同步功能，实现多台设备之间的负载均衡功能 支持双网冗余功能，系统支持桥模式的配置部署方式，可以很好的适应有双网冗余灾备考虑的用户网络环境 支持本地审计功能，系统支持对用户日常访问业务系统的行为进行集中审计功能，管理员可以登录系统进行查看、审计，同时支持根据不同条件精确定位相关审计信息。（中标后需提供产品功能界面截图，加盖厂商公章） 支持TOP N功能，通过TOP N功能，可以直观的了解到用户登录情况和业务系统访问情况。（中标后需提供产品功能界面截图，加盖厂商公章） 产品厂商须同时具有计算机信息系统集成一级、涉密信息系统集成甲级、商用密码产品生产销售许可证、产品需具有公安部销售许可证、产品软件需具有独立的知识产权、产品需具有涉密信息系统检查证书、产品需具有密码产品证书、通过公安部组织测试的接入平台安全产品名单。 2.万兆防火墙1台 硬件和接口：最大吞吐量：14Gbps每秒新建连接数：500000最大并发连接数：5000000IPS吞吐量：4GbpsAV吞吐量：2GbpsVPN加密吞吐量：6GbpsVPN隧道数：6500条VPN授权数：8000(缺省含5个授权) 接口：100/1000M电口≥4，千兆光口≥4（标配2个千兆多模光模块），万兆光口≥4（标配2个万兆多模光模块）；1个Console接口，2个管理口，2个USB接口 具体参数如下： 支持桥接、路由、NAT、虚拟线等网络部署模式支持PPPOE拨号设备接入，具备断线重连技术支持静态路由；ECMP路由；OSPF、RIP、BGP动态路由功能；支持VLAN间路由；支持ISP路由，并内置ISP地址列表；IGMP V1、V2、V3组播路由协议支持基于源、目的IP的策略路由；支持基于协议、端口或应用的策略路由 ；支持主备路由，支持配置路由优先级支持端口镜像，将设备任一接口数据镜像到观察口，供用户分析支持端口聚合功能，实现带宽扩展支持双向NAT技术、静态NAT技术、动态NAT技术；支持多对一、一对多和一对一等多种方式的地址转换支持自定义安全策略，可基于MAC地址、源/目的IP地址、源/目的IP地址组、安全域、端口、服务、应用、时间计划定义安全策略；支持配置保障通道和限制通道；支持限制同一用户组内单IP上下行带宽支持高、中、低三级通道优先级，支持动态调整带宽、利用空闲带宽支持实时监控所有流控通道状态信息：所属线路、瞬时速率、通道占用比例、用户数、保证带宽、最大带宽、优先级，启用状态等支持基于源IP/IP组配置URL访问控制策略；内置成人类、赌博类、娱乐类等63类常见URL类型组，用户可快速完成配置；支持按系统备份历史记录回滚支持硬件bypass，支持物理设备状态监测，即主防火墙出现断电或其他故障时，备防火墙能及时发现并接管主防火墙的工作；支持电源冗余电源；支持电源热插拔；支持业务接口卡热插拔通过公安部组织测试的接入平台安全产品名单。 3.万兆入侵防御系统IPS1台 硬件和接口：网络接口：百兆/千兆自适应电口≥4，千兆光口≥4（标配2个千兆模块），万兆光口≥2（标配2个万兆模块及光纤）；1个Console接口，最大吞吐量：10Gbps每秒新建连接数：6万最大并发连接数：400万 具体参数如下： 机架式硬件专业IPS入侵防御设备支持路由、透明、旁路、混合工作模式支持多网段、跨网段的多路混合部署检测防御支持双机热备，bypass功能（部分型号支持电口bypass）支持静态路由服务支持多端口链路聚合功能支持双向NAT支持一对一、一对多核多对一等多种方式的地址转换支持基于源/目的IP地址、协议等自定义访问控制策略内置攻击规则特征库，规则库规则列表≥8000种支持用户自定义特征规则支持入侵规避发现，能发现躲避或欺骗检测的行为，如IP碎片重组，TCP流重组、协议端口重定位等等支持入侵拦截功能，丢弃攻击报文、TCPreset、log记录、alert告警等响应方式支持多种告警方式，至少包含声音告警、邮件告警、短信告警、snmptrap等支持黑白名单功能，可将攻击源加入黑名单，一段时间内禁止通行支持与防火墙联动防御功能支持与交换机联动防御功能支持多种日志方式：包括本地日志记录、日志导出（文本、excel等格式）、及自动Syslog远程服务器备份支持邮件警报、短信报警功能支持规则库手动、自动更新通过公安部组织测试的接入平台安全产品名单 4.网络安全攻防检测主机2台 CPU≥I78750H；内存≥16G；硬盘≥1TPCIE固态硬盘；P3200显卡；屏幕≥3840*2160100%色域 17英寸 5.卡口业务数据开发服务 1套 1、服务架构支持双主机架构，实现数据高效、安全传输交换。为外部应用提供安全接入通道，为此应用提供自动化的、安全的可信端与非可信端业务数据通讯交换服务。使用Java语言的响应式框架（ProjectreActor），使用异步的方式高效的实现数据流转，采用Netty网络框架实现高效的网络传输与控制。2、服务特性（1）适用性：可满足HTTP/HTTPS方式的数据交换，可对接图片云存储平台，支持301/302跳转。（2）安全性：所有数据都转化为加密文件后传输，中间数据不落地，不存储，无中间泄漏环节。（3）易用性：应用审核通过后不再需要人工操作，所有流程由系统自动完成。（4）稳定性：7*24全时段稳定运行能力。3、实现功能（1）支持可信端与非可信端的数据的实时访问（速度≤1s）（2）支持301/302跳转（3）支持云存储平台的对接（4）支持第三方应用接入审核（5）支持故障自动预警 社会企事业链路边界部分需求如下： 1.万兆安全数据交换系统2套 硬件和接口：产品形态：采用内外网双服务器主机架构，每个主机2U标准机架式机箱。网络接口：内外网主机分别标配2个100/1000M Base-TX网口，2个10000M SFP+多模光纤网口。（主机标配2个多模万兆模块及光纤） USB口：内外网主机分别标配6个。 电源：服务器专用冗余电源，支持100-240V交流电及110-240V直流电。 硬盘：内外网主机分别标配2TB企业级7200转硬盘。 CPU:内外网主机分别采用Intel至强8核处理器。 内存：内外网主机分别采用企业级ECC内存32GB。 具体参数如下： 交换能力：≥8000Mbps； 并发会话：50000个； 数据库到数据库交换记录数（>100Kb/记录）：≥20000条/秒； 文件数据处理数（>100Kb/个）：≥20000个/秒； 最大支持服务个数：≥80； 稳定性运行时间（MTBF）：>100000小时； 文件数据处理吞吐量：≥8000Mbps； 应用层数据交换速度（FTP）：≥8000Mbps； 最大数据文件：≥50G； 任务调度粒度：秒级； 目录监控触发时间：<1秒； 最大传输延时：<10ms； 文件交换性能应不低于10Gbps； 交换能力要求万兆通量 具备数据交换池化能力（即负载均衡）；需具备标准的Web Servive接口交换能力，实现请求服务功能（针对无法改造的应用系统对外提供实时性的信息共享服务）。 2.万兆可信边界安全网关1台 硬件和接口：千兆网络电口≥4个；万兆光口≥2（主机标配2个多模万兆模块及光纤） 具体参数如下： 冗余电源新建连接速度（次/秒）≥5000最大并发连接数≥25000吞吐率（Gbps）≥3G每秒认证数（TPS）≥25000支持串联和旁路部署的工作模式；支持IPSec协议，支持上网隔离功能，通过SSL 隧道访问边界平台网络，断开其它一切网络连接；证书认证、用户名口令认证通过扫描二维码方式实现用户身份信息的漫游功能除支持传统的PC终端上证书的认证外，还支持智能终端设备上的数字证书认证，如：手机、PAD等，满足移动办公认证需求无缝兼容公安现持有的PKI数字证书，不影响公安业务的正常开展。（中标后需提供相关材料，加盖厂商公章）系统支持自动更新动态黑名单功能，支持从WEB站点下载、从LDAP服务器下载以及手工导入黑名单三种模式。支持对终端设备的安全检查功能，不符合安全要求的客户端禁止连接系统执行认证业务。系统支持通过证书基本属性、证书扩展属性、用户属性、时间、终端地址、硬件设备特征以及信任域进行业务系统的授权和访问控制，通过不同条件的组合做到灵活授权系统支持多种基于TCP/UDP 的B/S或C/S结构的业务系统。系统也支持多种使用动态端口的应用协议，比如FTP、TFTP、Oracle、SQL Server等。支持向业务系统传递属性信息，应用插件支持主流WEB服务器类型，包括：IIS、apache、tomcat、Websphere、Weblogic、Jboss等系统，支持向业务系统传递各种属性信息，针对不同的业务系统可以灵活配置不同的传递信息。支持传递自定义信息。支持开通网段应用管理员所有操作都可以在WEB界面操作。支持系统备份、恢复功能，支持对系统所有配置、数据进行备份功能，支持备份到本地和FTP方式；同时系统支持自动备份功能，管理员可以设定自动备份策略。支持配置导入、导出功能支持将系统数据、配置导出并导入到其他设备，提升服务器实施效率 3.集中监控管理系统 1套 硬件和接口：标准机架式机箱；4个千兆网络接口，6个USB口；专用安全加固Linux操作系统；服务器专用冗余电源。 具体参数如下： 稳定性运行时间(MTBF)>100,000小时； 数据库容量≥2TB； 最大支持业务数量≥2,000； 最大监控并发用户数量≥10,000； 最大审计用户数量≥200,000； 最大业务审计记录数≥10,000,000。 提供边界接入不同层次的信息注册和管理，包括接入平台的基础信息、建设情况、使用单位、运维信息等信息。支持以拓扑图的形式直观实时展示接入链路设备运行状态及业务接入情况。支持业务应用和数据交换审计，即业务应用系统信息、数据传输量、文件类型、传输时间、传输的文件名或主键值等内容详细的审计，支持审计日志周期性自动备份或清空，具备按一定日志空间的大小进行日志轮循的功能，以提高系统的性能。支持对接入业务的一键巡检功能，通过点击按钮可主动刷新展示当前接入业务状态，并以列表形式展示。支持与市局边界接入平台现有建设无缝兼容，与省厅边界接入平台集控系统实现级联上报；同时也要实现功能上的全链路监管，包括后续与安全大数据平台的对接等。 支持对原有各条链路的监测管理（定制数据交换监测软件模块、视频交换软件模块等），与原有集控探针联动完成链路外网侧设备及业务信息的采集；支持与省厅集控系统的接口对接开发，预留后期安全大数据平台的开发接口，以及与其他第三方安全系统的对接开发等。 4.集控探针 1台 硬件和接口：标准机架式机箱，6个千兆网络接口，专用安全加固Linux操作系统。 具体参数：1、支持采集多种设备的运行状态信息。2、支持对多种设备的流量信息采集。3、支持SYSLOG协议。4、支持SNMP v2/SNMP v3协议。产品资质：计算机软件著作权登记证书产品原厂商具有CMMI3级或以上证书 5.万兆防火墙1台 硬件和接口：最大吞吐量：14Gbps 每秒新建连接数：500000 最大并发连接数：5000000 IPS吞吐量：4Gbps AV吞吐量：2Gbps VPN加密吞吐量：6Gbps VPN隧道数：6500条 VPN授权数：8000(缺省含5个授权) 接口：100/1000M电口≥4，千兆光口≥4（标配2个千兆多模光模块），万兆光口≥4（标配2个万兆多模光模块）；1个Console接口，2个管理口，2个USB接口 具体参数如下：支持桥接、路由、NAT、虚拟线等网络部署模式 支持PPPOE拨号设备接入，具备断线重连技术 支持静态路由；ECMP路由；OSPF、RIP、BGP动态路由功能；支持VLAN间路由；支持ISP路由，并内置ISP地址列表；IGMP V1、V2、V3组播路由协议 支持基于源、目的IP的策略路由；支持基于协议、端口或应用的策略路由 ；支持主备路由，支持配置路由优先级 支持端口镜像，将设备任一接口数据镜像到观察口，供用户分析 支持端口聚合功能，实现带宽扩展 6.万兆入侵防御系统IPS1台 硬件和接口：百兆/千兆自适应电口≥4，千兆光口≥4（标配2个千兆模块），万兆光口≥2（标配2个万兆模块及光纤）；1个Console接口，最大吞吐量：10Gbps每秒新建连接数：6万最大并发连接数：400万 具体参数如下：机架式硬件专业IPS入侵防御设备支持路由、透明、旁路、混合工作模式支持多网段、跨网段的多路混合部署检测防御支持双机热备，bypass功能（部分型号支持电口bypass）支持静态路由服务支持多端口链路聚合功能支持双向NAT支持一对一、一对多核多对一等多种方式的地址转换支持基于源/目的IP地址、协议等自定义访问控制策略内置攻击规则特征库，规则库规则列表≥8000种支持用户自定义特征规则支持入侵规避发现，能发现躲避或欺骗检测的行为，如IP碎片重组，TCP流重组、协议端口重定位等等支持入侵拦截功能，丢弃攻击报文、TCPreset、log记录、alert告警等响应方式支持多种告警方式，至少包含声音告警、邮件告警、短信告警、snmptrap等支持黑白名单功能，可将攻击源加入黑名单，一段时间内禁止通行支持与防火墙联动防御功能支持与交换机联动防御功能支持多种日志方式：包括本地日志记录、日志导出（文本、excel等格式）、及自动Syslog远程服务器备份支持邮件警报、短信报警功能支持规则库手动、自动更新通过公安部组织测试的接入平台安全产品名单。 7.万兆网闸 2台 硬件和接口：电口≥8个10/100/1000M自适应，，万兆光接口≥2；内外网主机系统分别具有独立的网络口、管理口、HA口（热备口）；内外网主机系统分别具有1个RJ45串口。 具体参数如下： 系统吞吐量≥15Gbps； 并发连接数≥100万； 延时<1ms。 主要功能： 1、支持IPv4、IPv6双协议栈接入； 2、支持支持oracle、Sql Server 、DB2、Sybase等主流数据库间的同种或异种数据库同步，支持单向和双向同步； 3、管理方式采用B/S架构的Web方式管理，基于数字证书管理；支持内外网分别采用独立管理口管理； 4、支持图表实时显示网口流量、CPU状态、内存状态信息； 5、实现安全的FTP访问，支持对访问用户、访问协议命令、上传下载文件类型等进行过滤控制； 6、支持病毒检测功能，支持邮件地址、附件、主题、内容等进行过滤； 7、支持文件类型（文件扩展名）过滤；MIME类型过滤；支持时间策略； 8、支持断点续传；支持对文件名关键字过滤，支持文件大小限制，支持时间策略。 8.万兆三层网络交换机2台 硬件和接口：48个10/100/1000以太网端口，4个SFP 千兆位以太网端口（Combo），两个扩展槽位；8口 10GE SFP+接口+光模块。 具体参数如下： VLAN特性：支持4K个VLAN支持Guest VLAN、Voice VLANs支持GVRP协议支持MUX VLAN功能支持基于MAC/协议/IP子网/策略/端口的VLAN支持VLAN Mapping功能IP路由：静态路由、RIP V1/2、RIPng、OSPF、OSPFv3、IS-IS、IS-ISv6、BGP、BGP4+、ECMP、路由策略环网保护技术：支持RRPP环型拓扑和RRPP多实例支持智能以太保护SEP协议支持ERPS以太环保护协议（G.8032）支持BFD For OSPF/ISIS/VRRP/PIM协议支持STP（IEEE 802.1d），RSTP（IEEE 802.1w）和MSTP（IEEE 802.1s）协议支持BPDU保护、根保护和环回保护 公安机关驻地外链路部分 1、可信边界安全网关2台 所供设备硬件及接口参数如下： 4个千兆网络电口；2个万兆光口（主机标配2个多模万兆模块及光纤）； 冗余电源； 新建连接速度（次/秒）≥5000； 最大并发连接数≥28000； 吞吐率（Gbps）≥3G； 每秒认证数（TPS）≥28000； 所供设备具备功能参数如下： 设备支持串联和旁路部署的工作模式； 设备支持IPSec协议； 设备支持上网隔离功能，通过SSL 隧道访问边界平台网络，断开其它一切网络连接； 设备支持认证方式：证书认证、用户名口令认证； 设备通过扫描二维码方式实现用户身份信息的漫游功能； 设备除支持传统的PC终端上证书的认证外，还支持智能终端设备上的数字证书认证，如：手机、PAD等，满足移动办公认证需求； 所供设备无缝兼容公安现持有的PKI数字证书，不影响公安业务的正常开展。（我们提供截图证明材料，并加盖厂商公章）； 设备系统支持自动更新动态黑名单功能，支持从WEB站点下载、从LDAP服务器下载以及手工导入黑名单三种模式； 设备支持对终端设备的安全检查功能，不符合安全要求的客户端禁止连接系统执行认证业务； 设备系统支持通过证书基本属性、证书扩展属性、用户属性、时间、终端地址、硬件设备特征以及信任域进行业务系统的授权和访问控制，通过不同条件的组合做到灵活授权； 设备系统支持多种基于TCP/UDP 的B/S或C/S结构的业务系统。系统也支持多种使用动态端口的应用协议，比如FTP、TFTP、Oracle、SQL Server等； 设备支持向业务系统传递属性信息，应用插件支持主流WEB服务器类型，包括：IIS、apache、tomcat、Websphere、Weblogic、Jboss等系统，支持向业务系统传递各种属性信息，针对不同的业务系统可以灵活配置不同的传递信息。支持传递自定义信息； 设备支持开通网段应用； 设备支持管理员所有操作都可以在WEB界面操作； 设备支持系统备份、恢复功能，支持对系统所有配置、数据进行备份功能，支持备份到本地和FTP方式；同时系统支持自动备份功能，管理员可以设定自动备份策略； 设备支持配置导入、导出功能支持将系统数据、配置导出并导入到其他设备，提升服务器实施效率； 设备系统支持在线升级功能，通过在线升级功能，可以将任何历史老版本升级到最新版本； 设备支持系统运行状态监控功能，通过图形方式展示当前设备运行状态，包括：CPU、内存、硬盘、网络等使用情况，同时支持对在线用户数、连接数进行实时监控。（我们提供产品功能界面截图，并加盖厂商公章）； 设备支持限定管理地址，限定管理地址后，管理员只能通过指定的终端进行管理； 设备支持双机热备功能，支持双机热备部署，保证用户业务不间断 所供产品支持端口聚合功能（我们提供产品功能界面截图，并加盖厂商公章）； 设备支持负载均衡功能，借助于第三方负载均衡设备配合自身的集群、数据同步功能，实现多台设备之间的负载均衡功能； 设备支持双网冗余功能，系统支持桥模式的配置部署方式，可以很好的适应有双网冗余灾备考虑的用户网络环境； 设备支持本地审计功能，系统支持对用户日常访问业务系统的行为进行集中审计功能，管理员可以登录系统进行查看、审计，同时支持根据不同条件精确定位相关审计信息。（我们提供产品功能界面截图，并加盖厂商公章）； 设备支持TOP N功能，通过TOP N功能，可以直观的了解到用户登录情况和业务系统访问情况。（我们提供产品功能界面截图，并加盖厂商公章）； 所供设备厂商具有计算机信息系统集成一级； 所供设备厂商涉密信息系统集成甲级； 所供设备厂商商用密码产品生产销售许可证； 所供设备厂商具有公安部销售许可证； 所供设备软件具有独立的知识产权； 所供设备厂商具有涉密信息系统检测证书； 所供设备厂商具有密码产品证书； 所供设备已通过公安部组织测试的接入平台安全产品名单； 2.万兆防火墙1台 所供设备性能参数：最大吞吐量：14Gbps、每秒新建连接数：500000、最大并发连接数：5000000、IPS吞吐量：4Gbps、AV吞吐量：2Gbps、VPN加密吞吐量：6Gbps、VPN隧道数：6500条、VPN授权数：8000(缺省含5个授权)； 所供设备硬件和接口参数：4个100/1000M电口，4个千兆光口（标配2个千兆多模光模块），4个万兆光口（标配2个万兆多模光模块）；1个Console接口，2个管理口，2个USB接口； 所供设备具体功能参数如下： 设备支持桥接、路由、NAT、虚拟线等网络部署模式 设备支持PPPOE拨号设备接入，具备断线重连技术 设备支持静态路由；ECMP路由；OSPF、RIP、BGP动态路由功能；设备支持VLAN间路由；支持ISP路由，并内置ISP地址列表；IGMP V1、V2、V3组播路由协议支持基于源、目的IP的策略路由；支持基于协议、端口或应用的策略路由 ；支持主备路由，支持配置路由优先级 设备支持端口镜像，将设备任一接口数据镜像到观察口，供用户分析支持端口聚合功能，实现带宽扩展； 设备支持双向NAT技术、静态NAT技术、动态NAT技术；支持多对一、一对多和一对一等多种方式的地址转换支持自定义安全策略，可基于MAC地址、源/目的IP地址、源/目的IP地址组、安全域、端口、服务、应用、时间计划定义安全策略； 设备支持配置保障通道和限制通道；支持限制同一用户组内单IP上下行带宽支持高、中、低三级通道优先级，支持动态调整带宽、利用空闲带宽支持实时监控所有流控通道状态信息：所属线路、瞬时速率、通道占用比例、用户数、保证带宽、最大带宽、优先级，启用状态等支持基于源IP/IP组配置URL访问控制策略；内置成人类、赌博类、娱乐类等63类常见URL类型组，用户可快速完成配置； 设备支持按系统备份历史记录回滚； 设备支持硬件bypass，支持物理设备状态监测，即主防火墙出现断电或其他故障时，备防火墙能及时发现并接管主防火墙的工作； 支持电源冗余电源；支持电源热插拔；支持业务接口卡热插拔； 所供设备已通过公安部组织测试的接入平台安全产品名单； 3.万兆入侵防御系统IPS1台 所供设备硬件接口性能参数如下： 网络接口：4个100/1000M自适应电口；4个千兆光口（标配2个千兆模块）；2个万兆光口（标配2个万兆模块及光纤）；1个Console接口；最大吞吐量：10Gbps；每秒新建连接数：6万；最大并发连接数：400万； 所供设备功能参数如下： 机架式硬件；专业IPS入侵防御设备；支持路由、透明、旁路、混合工作模式；支持多网段、跨网段的多路混合部署检测防御；支持双机热备，bypass功能（部分型号支持电口bypass）；支持静态路由服务；支持多端口链路聚合功能；支持双向NAT，支持一对一、一对多核多对一等多种方式的地址转换；支持基于源/目的IP地址、协议等自定义访问控制策略内置攻击规则特征库，规则库规则列表≥8000种；支持用户自定义特征规则；支持入侵规避发现，能发现躲避或欺骗检测的行为，如IP碎片重组，TCP流重组、协议端口重定位等等；支持入侵拦截功能，丢弃攻击报文、TCPreset、log记录、alert告警等响应方式；支持多种告警方式，至少包含声音告警、邮件告警、短信告警、snmptrap等；支持黑白名单功能，可将攻击源加入黑名单，一段时间内禁止通行；设备支持与防火墙联动防御功能；支持与交换机联动防御功能支持多种日志方式：包括本地日志记录、日志导出（文本、excel等格式）、及自动Syslog远程服务器备份；支持邮件警报、短信报警功能；支持规则库手动、自动更新。 所供设备已经通过公安部组织测试的接入平台安全产品名单 4.网络安全攻防检测主机2台 所供设备具体参数：CPU：I7-9850H2.6 GHz；内存:16G；硬盘:1T PCIE固态硬盘；显卡：NVIDIA Quadro RTX3000，带 6GB 独立 GDDR6 显存；显示屏：HP DreamColor 显示屏，39.62 厘米（17.3 英寸）超高清防眩光 WLED 背光，400 尼特，100% AdobeRGB，支持 10 位颜色 (3840 x 2160) 5.卡口业务数据开发服务 1套 1、服务架构支持双主机架构，实现数据高效、安全传输交换。为外部应用提供安全接入通道，为此应用提供自动化的、安全的可信端与非可信端业务数据通讯交换服务。使用Java语言的响应式框架（ProjectreActor），使用异步的方式高效的实现数据流转，采用Netty网络框架实现高效的网络传输与控制； 2、服务特性（1）适用性：可满足HTTP/HTTPS方式的数据交换，可对接图片云存储平台，支持301/302跳转；（2）安全性：所有数据都转化为加密文件后传输，中间数据不落地，不存储，无中间泄漏环节；（3）易用性：应用审核通过后不再需要人工操作，所有流程由系统自动完成；（4）稳定性：7*24全时段稳定运行能力； 3、实现功能：（1）支持可信端与非可信端的数据的实时访问（速度≤1s）；（2）支持301/302跳转；（3）支持云存储平台的对接；（4）支持第三方应用接入审核；（5）支持故障自动预警； 社会企事业链路边界部分 1.万兆安全数据交换系统2套 所供设备硬件参数： 设备形态：采用内外网双服务器主机架构，每个主机2U标准机架式机箱； 设备网络接口：内外网主机分别标配2个100/1000M Base-TX网口，2个10000M SFP+多模光纤网口；（主机标配2个多模万兆模块及光纤） USB口：内外网主机分别标配6个； 电源：服务器专用冗余电源，支持100-240V交流电及110-240V直流电； 硬盘：内外网主机分别标配2TB企业级7200转硬盘； CPU:内外网主机分别采用Intel至强8核处理器； 内存：内外网主机分别采用企业级ECC内存32GB； 所供设备性能参数如下： 交换能力：≥8000Mbps； 并发会话：≥50000个； 数据库到数据库交换记录数（>100Kb/记录）：≥20000条/秒； 文件数据处理数（>100Kb/个）：≥20000个/秒； 最大支持服务个数：≥80； 稳定性运行时间（MTBF）：>100000小时； 文件数据处理吞吐量：≥8000Mbps； 应用层数据交换速度（FTP）：≥8000Mbps； 最大数据文件：≥50G； 任务调度粒度：秒级； 目录监控触发时间：<1秒； 最大传输延时：<10ms； 文件交换性能：≥10Gbps； 交换能力：万兆通量 具备数据交换池化能力（即负载均衡）； 具备标准的Web Servive接口交换能力，实现请求服务功能（针对无法改造的应用系统对外提供实时性的信息共享服务）。 2.万兆可信边界安全网关1台 所供设备硬件参数：千兆网络电口4个；万兆光口2（主机标配2个多模万兆模块及光纤）； 所供设备功能参数如下： 冗余电源； 新建连接速度（次/秒）≥5000； 最大并发连接数≥28000； 吞吐率（Gbps）≥3G； 每秒认证数（TPS）≥28000； 设备支持串联和旁路部署的工作模式； 设备支持IPSec协议，支持上网隔离功能，通过SSL 隧道访问边界平台网络，断开其它一切网络连接； 设备认证方式支持证书认证、用户名口令认证； 设备通过扫描二维码方式实现用户身份信息的漫游功能； 设备除支持传统的PC终端上证书的认证外，还支持智能终端设备上的数字证书认证，如：手机、PAD等，满足移动办公认证需求； 所供设备无缝兼容公安现持有的PKI数字证书，不影响公安业务的正常开展。（我们提供截图证明材料，并加盖厂商公章）； 设备系统支持自动更新动态黑名单功能，支持从WEB站点下载、从LDAP服务器下载以及手工导入黑名单三种模式； 设备支持对终端设备的安全检查功能，不符合安全要求的客户端禁止连接系统执行认证业务； 设备系统支持通过证书基本属性、证书扩展属性、用户属性、时间、终端地址、硬件设备特征以及信任域进行业务系统的授权和访问控制，通过不同条件的组合做到灵活授权； 设备系统支持多种基于TCP/UDP 的B/S或C/S结构的业务系统。系统也支持多种使用动态端口的应用协议，比如FTP、TFTP、Oracle、SQL Server等； 设备支持向业务系统传递属性信息，应用插件支持主流WEB服务器类型，包括：IIS、apache、tomcat、Websphere、Weblogic、Jboss等系统，支持向业务系统传递各种属性信息，针对不同的业务系统可以灵活配置不同的传递信息。支持传递自定义信息； 设备支持开通网段应用； 设备支持管理员所有操作都可以在WEB界面操作； 设备支持系统备份、恢复功能，支持对系统所有配置、数据进行备份功能，支持备份到本地和FTP方式；同时系统支持自动备份功能，管理员可以设定自动备份策略； 设备支持配置导入、导出功能支持将系统数据、配置导出并导入到其他设备，提升服务器实施效率； 3.集中监控管理系统 1套 所供设备硬件参数： 标准机架式机箱；4个千兆网络接口，6个USB口；专用安全加固Linux操作系统；服务器专用冗余电源； 所供设备性能参数如下： 系统稳定性运行时间(MTBF)>100,000小时； 系统数据库容量≥2TB； 系统最大支持业务数量≥2,000； 系统最大监控并发用户数量≥10,000； 系统最大审计用户数量≥200,000； 系统最大业务审计记录数≥10,000,000； 系统提供边界接入不同层次的信息注册和管理，包括接入平台的基础信息、建设情况、使用单位、运维信息等信息；系统支持以拓扑图的形式直观实时展示接入链路设备运行状态及业务接入情况； 系统支持业务应用和数据交换审计，即业务应用系统信息、数据传输量、文件类型、传输时间、传输的文件名或主键值等内容详细的审计，支持审计日志周期性自动备份或清空，具备按一定日志空间的大小进行日志轮循的功能，以提高系统的性能； 系统支持对接入业务的一键巡检功能，通过点击按钮可主动系统刷新展示当前接入业务状态，并以列表形式展示； 系统支持与市局边界接入平台现有建设无缝兼容，与省厅边界接入平台集控系统实现级联上报；同时也要实现功能上的全链路监管，包括后续与安全大数据平台的对接等； 系统支持对原有各条链路的监测管理（定制数据交换监测软件模块、视频交换软件模块等），与原有集控探针联动完成链路外网侧设备及业务信息的采集； 系统支持与省厅集控系统的接口对接开发，预留后期安全大数据平台的开发接口，以及与其他第三方安全系统的对接开发等； 所供设备厂商已提供无缝兼容承诺函 4.集控探针 1台 所供设备参数： 产品采用标准机架式机箱，配置6个千兆网络接口，专用安全加固Linux操作系统； 设备功能参数如下： 1、支持采集多种设备的运行状态信息； 2、支持对多种设备的流量信息采集； 3、支持SYSLOG协议； 4、支持SNMP v2/SNMP v3协议； 所供设备计算机软件著作权登记证书； 所供设备原厂商CMMI3级证书； 5.万兆防火墙1台 所供设备性能参数如下： 最大吞吐量：14Gbps； 每秒新建连接数：500000； 最大并发连接数：5000000； IPS吞吐量：4Gbps； AV吞吐量：2Gbps； VPN加密吞吐量：6Gbps； VPN隧道数：6500条； VPN授权数：8000(缺省含5个授权)； 所供设备硬件接口参数如下： 4个100/1000M电口，4个千兆光口（标配2个千兆多模光模块），4个万兆光口（标配2个万兆多模光模块）；1个Console接口，2个管理口，2个USB接口； 所供设备功能参数如下： 设备支持桥接、路由、NAT、虚拟线等网络部署模式； 设备支持PPPOE拨号设备接入，具备断线重连技术； 设备支持静态路由；ECMP路由；OSPF、RIP、BGP动态路由功能；支持VLAN间路由；支持ISP路由，并内置ISP地址列表；IGMP V1、V2、V3组播路由协议； 设备支持基于源、目的IP的策略路由；支持基于协议、端口或应用的策略路由 ；支持主备路由，支持配置路由优先级； 设备支持端口镜像，将设备任一接口数据镜像到观察口，供用户分析； 设备支持端口聚合功能，实现带宽扩展； 设备支持双向NAT技术、静态NAT技术、动态NAT技术；支持多对一、一对多和一对一等多种方式的地址转换支持自定义安全策略，可基于MAC地址、源/目的IP地址、源/目的IP地址组、安全域、端口、服务、应用、时间计划定义安全策略； 设备支持配置保障通道和限制通道；支持限制同一用户组内单IP上下行带宽支持高、中、低三级通道优先级，支持动态调整带宽、利用空闲带宽支持实时监控所有流控通道状态信息：所属线路、瞬时速率、通道占用比例、用户数、保证带宽、最大带宽、优先级，启用状态等支持基于源IP/IP组配置URL访问控制策略；内置成人类、赌博类、娱乐类等63类常见URL类型组，用户可快速完成配置； 设备支持按系统备份历史记录回滚； 设备支持硬件bypass，支持物理设备状态监测，即主防火墙出现断电或其他故障时，备防火墙能及时发现并接管主防火墙的工作； 设备支持电源冗余电源；支持电源热插拔；支持业务接口卡热插拔； 6.万兆入侵防御系统IPS1台 所供设备硬件接口、性能参数如下： 网络接口：4个100/1000M自适应电口；4个千兆光口（标配2个千兆模块）；2个万兆光口（标配2个万兆模块及光纤）；1个Console接口；最大吞吐量：10Gbps；每秒新建连接数：6万；最大并发连接数：400万； 所供设备功能参数如下： 机架式硬件；专业IPS入侵防御设备；支持路由、透明、旁路、混合工作模式；支持多网段、跨网段的多路混合部署检测防御；支持双机热备，bypass功能（部分型号支持电口bypass）；支持静态路由服务；支持多端口链路聚合功能；支持双向NAT，支持一对一、一对多核多对一等多种方式的地址转换；支持基于源/目的IP地址、协议等自定义访问控制策略内置攻击规则特征库，规则库规则列表≥8000种；支持用户自定义特征规则；支持入侵规避发现，能发现躲避或欺骗检测的行为，如IP碎片重组，TCP流重组、协议端口重定位等等；支持入侵拦截功能，丢弃攻击报文、TCPreset、log记录、alert告警等响应方式；支持多种告警方式，至少包含声音告警、邮件告警、短信告警、snmptrap等；支持黑白名单功能，可将攻击源加入黑名单，一段时间内禁止通行；支持与防火墙联动防御功能；支持与交换机联动防御功能支持多种日志方式：包括本地日志记录、日志导出（文本、excel等格式）、及自动Syslog远程服务器备份；支持邮件警报、短信报警功能；支持规则库手动、自动更新； 所供设备已通过公安部组织测试的接入平台安全产品名单； 7.万兆网闸 2台 所供设备硬件接口参数如下： 8个10/100/1000M自适应电口，2个万兆光接口；内外网主机系统分别具有独立的网络口、管理口、HA口（热备口）；内外网主机系统分别具有1个RJ45串口； 性能参数如下： 系统吞吐量≥15Gbps；并发连接数≥120万；延时<1ms； 所供设备主要功能参数如下： 1、支持IPv4、IPv6双协议栈接入； 2、支持支持oracle、Sql Server 、DB2、Sybase等主流数据库间的同种或异种数据库同步，支持单向和双向同步； 3、管理方式采用B/S架构的Web方式管理，基于数字证书管理；支持内外网分别采用独立管理口管理； 4、支持图表实时显示网口流量、CPU状态、内存状态信息； 5、实现安全的FTP访问，支持对访问用户、访问协议命令、上传下载文件类型等进行过滤控制； 6、支持病毒检测功能，支持邮件地址、附件、主题、内容等进行过滤； 7、支持文件类型（文件扩展名）过滤；MIME类型过滤；支持时间策略； 8、支持断点续传；支持对文件名关键字过滤，支持文件大小限制，支持时间策略； 8.万兆三层网络交换机2台 所供设备硬件接口参数如下： 48个10/100/1000以太网端口；4个SFP 千兆位以太网端口（Combo）；两个扩展槽位；8口 10GE SFP+接口+光模块； 所供设备主功能参数如下： VLAN特性：支持4K个VLAN；支持Guest VLAN、Voice VLANs；支持GVRP协议；支持MUX VLAN功能；支持基于MAC/协议/IP子网/策略/端口的VLAN；支持VLAN Mapping功能； IP路由：静态路由、RIP V1/2、RIPng、OSPF、OSPFv3、IS-IS、IS-ISv6、BGP、BGP4+、ECMP、路由策略； 环网保护技术：支持RRPP环型拓扑和RRPP多实例；支持智能以太保护SEP协议；支持ERPS以太环保护协议（G.8032）；支持BFD For OSPF/ISIS/VRRP/PIM协议；支持STP（IEEE 802.1d），RSTP（IEEE 802.1w）和MSTP（IEEE 802.1s）协议；支持BPDU保护、根保护和环回保护； 正偏离 可信边界安全网关 最大并发连接数≥28000、每秒认证数（TPS）≥28000高于招标要求最大并发连接数≥25000、每秒认证数（TPS）≥25000 网络安全攻防检测主机 CPU：I7-9850H、RTX3000显卡、显示屏17.3英寸高于招标要求CPU：I7≥8750H、P3200显卡、显示屏17英寸 万兆网闸 并发连接数≥120万高于招标要求并发连接数≥100 盘锦市公共采购交易中心（盘锦市行政审批服务中心） 2020年06月18日",,,盘锦市公安局边界采购项目,,3070000.0,True,True,pydantic_direct
matched_row_328,328,call_1d456b29ee924b76,"医院名称：兴寿社区卫生服务中心,产品名称：生血宝合剂,商品名：无,剂型：合剂（含口服液）,规格：100ml（无糖型）,生产企业：清华德人西安幸福制药有限公司,配送企业：,订购数量：0,批准文号：国药准字Z20050770",,,生血宝合剂,0.0,,False,True,pydantic_direct
matched_row_329,329,call_8f8d82a692e64d29,江夏区大桥联投龙湾三期湖边塘清挖及外运工程 中标（成交）结果公告 一、项目编号 政府采购计划执行确认书夏财采计【2020】00290 项目编号：HBFRX-GC-[2020]00290 二、项目名称：江夏区大桥联投龙湾三期湖边塘清挖及外运工程 三、中标（成交）信息 供应商名称： 湖北宜建同创建筑工程有限公司 供应商地址：武汉市江夏区郑店街纸金路四号第九室 中标金额：人民币壹佰玖拾贰万陆仟元整（￥192.6万元） 四、主要标的信息 工程类 名称：江夏区大桥联投龙湾三期湖边塘清挖及外运工程 施工范围：详见招标文件 施工工期：30日历天 项目经理：王凯 市政贰级 执业证书信息：鄂242181995504 五、评审专家名单：高永华、赵春梅、宋琴； 六、代理服务收费标准及金额： 招标代理费：16482元 （参考国家发展计划委员会计价格[2002]1980号和发改办[2011]534号文件） 七、公告期限 自本公告发布之日起1个工作日。 八、其他补充事宜 各有关当事人对中标结果有异议的，可以在中标公告发布之日起七个工作日内以书面形式向本项目采购代理机构或采购人提出质疑，逾期将不再受理。 九、凡对本次公告内容提出询问，请按以下方式联系。 1.采购人信息 名 称：武汉江夏经济开发区管理委员会 联系人：朱 文 地 址：武汉市江夏区腾讯大道阳光创谷 联系电话：027-87992938 2.采购代理机构信息 名 称：湖北峰锐溪工程项目管理有限公司 地 址：武汉市江夏区联投广场商业区一期23栋802室 3.项目联系方式 项目联系人：熊 工 电 话： 15972168481 4、政府采购监督管理部门：武汉市江夏区政府采购办公室 联系方式：027-81363102 湖北峰锐溪工程项目管理有限公司 2020年07月06日,,,江夏区大桥联投龙湾三期湖边塘清挖及外运工程,,1926000.0,False,True,pydantic_direct
matched_row_330,330,call_1f52f13be89b4fab,"湖北大冶湖高新技术产业投资有限公司2020年非公开定向债务融资工具咨询服务项目中标公告 浙江方圆工程咨询有限公司受湖北大冶湖高新技术产业投资有限公司委托，于2019年12月27日就湖北大冶湖高新技术产业投资有限公司2020年非公开定向债务融资工具咨询服务项目进行公开招标采购，现就本次采购的中标结果公告如下： 一、采购项目名称：湖北大冶湖高新技术产业投资有限公司2020年非公开定向债务融资工具咨询服务项目 项目采购金额(即最高限制单价)：总费率不得高于2‰/年 ，承销费一次性按发行比例收取，按照发行金额、发行期限及中标费率据实计算。 二、采购项目编号：冶招【2019】352号 三、采购内容：PN 咨询服务机构，为湖北大冶湖高新技术产业投资有限公司在中国银行间市场交易商协会注册发行的PPN提供咨询服务，PPN发行金额不超过10亿元，期限不超过5年。 四、发布的网站及日期：湖北省政府采购网、黄石公共资源交易信息网、大冶政府网，2019年12月27日。 五、评标信息 评标日期：2020年1月17日 评标地点：大冶市公共资源交易中心405室 评标委员会负责人：梁艳红 评标小组成员：梁艳红,宋跃荣,石春喜,万建明,沈骁 六、中标信息 中标单位名称（联合体牵头人）：长城证券股份有限公司 中标单位地址（联合体牵头人）：深圳市福田区福田街道金田路2026号能源大厦南塔楼10-19层 中标单位代码（联合体牵头人）：91440300192431912U 中标单位名称（联合体成员）：中国民生银行股份有限公司长沙分行 中标单位地址（联合体成员）：湖南省长沙市岳麓区滨江路189号 中标单位代码（联合体成员）：914301006780288249 服务期限：期限不超过5年 中标金额: 承销费（费率） 1.2 ‰/年 七、公告期限：自公告发布之日起3个工作日 八、联系事项 采购人：湖北大冶湖高新技术产业投资有限公司 联系地址：湖北省大冶市总部经济中心 联系人：李部长 电话：0714-8872989 采购代理机构：浙江方圆工程咨询有限公司 联系地址：黄石市磁湖路152号 联系人：吴先生 电话：0714-6553646 各有关当事人对中标结果有质疑的，可以在中标公告发布之日起七个工作日内以书面形式向代理机构提出质疑，逾期将不再受理。 2020年1月19日",,,非公开定向债务融资工具咨询服务项目,,,False,True,pydantic_direct
matched_row_331,331,call_7600a44e4f484f74,"医院名称：东城区卫生局管理中心园恩寺社区卫生服务站,产品名称：铝碳酸镁,商品名：达喜,剂型：咀嚼片,规格：0.5g,生产企业：拜耳医药保健有限公司,配送企业：,订购数量：0,批准文号：国药准字H20013410",,,铝碳酸镁,0.0,,False,True,pydantic_direct
matched_row_332,332,call_9f0735e5d66a4f37,"医院名称：延庆区旧县镇社区卫生服务中心,产品名称：脑安滴丸,商品名：无,剂型：滴丸,规格：50mg,生产企业：安徽誉隆亚东药业有限公司,配送企业：,订购数量：0,批准文号：国药准字Z20030121",,,脑安滴丸,0.0,,False,True,pydantic_direct
matched_row_333,333,call_7598fc55b8c84e29,"医院名称：北京市怀柔区庙城镇两河社区卫生服务站,产品名称：腺苷钴胺,商品名：无,剂型：冻干粉针剂,规格：1.5mg,生产企业：河北智同生物制药股份有限公司,配送企业：,订购数量：0,批准文号：国药准字H20058604",,,腺苷钴胺,0.0,,False,True,pydantic_direct
matched_row_334,334,call_44fbf5a157b24c3a,芜湖市人民防空办公室警报设备采购（1包）（三次招标） 中标候选人公示 发布日期：2018-02-09 15:37 访问次数：91 中标候选人公示 项目编号 WH01CG2017HW342506 项目名称 芜湖市人民防空办公室警报设备采购（1包） 首选中标候选人 第二中标候选人 第三中标候选人 单位名称 三明电音企业(昆山)有限公司 星际控股集团有限公司 投标报价 630000元 573800元 供货（服务）期 30个日历天 30个日历天 授权代表 张恺 李,,,警报设备,,630000.0,True,True,pydantic_direct
matched_row_335,335,call_267db6001df94426,"医院名称：首都医科大学附属北京潞河医院,产品名称：布洛芬,商品名：芬必得,剂型：缓释胶囊,规格：0.3g,生产企业：中美天津史克制药有限公司,配送企业：,订购数量：0,批准文号：国药准字H10900089",,,布洛芬,0.0,,False,True,pydantic_direct
matched_row_336,336,call_aca509ac608240e1,"医院名称：北京市石景山区古城街道滨和园西社区卫生服务站,产品名称：珍珠明目滴眼液,商品名：无,剂型：滴眼剂,规格：15ml,生产企业：苏州工业园区天龙制药有限公司,配送企业：,订购数量：0,批准文号：国药准字Z32021196",,,珍珠明目滴眼液,0.0,,False,True,pydantic_direct
matched_row_337,337,call_4964b5cc2b744ac5,"医院名称：北京市顺义区牛栏山社区卫生服务中心荣各庄社区卫生服务站,产品名称：清脑复神液,商品名：无,剂型：合剂（含口服液）,规格：10ml,生产企业：广州花城药业有限公司,配送企业：,订购数量：0,批准文号：国药准字Z44020324",,,清脑复神液,0.0,,False,True,pydantic_direct
matched_row_338,338,call_dbe7cba9d8ba4091,"医院名称：北京大学第三医院,产品名称：艾拉莫德,商品名：艾得辛,剂型：素片,规格：25mg,生产企业：海南先声药业有限公司,配送企业：,订购数量：0,批准文号：国药准字H20110084",,,艾拉莫德,0.0,,False,True,pydantic_direct
matched_row_339,339,call_d55cf49bd67147ae,"医院名称：北京市门头沟区妙峰山镇社区卫生服务中心,产品名称：百令胶囊,商品名：无,剂型：胶囊剂,规格：0.5g,生产企业：杭州中美华东制药有限公司,配送企业：,订购数量：0,批准文号：国药准字Z10910036",,,百令胶囊,0.0,,False,True,pydantic_direct
matched_row_340,340,call_25e7d85836264757,"医院名称：北京市朝阳区将台社区卫生服务中心,产品名称：胃苏颗粒,商品名：无,剂型：颗粒剂,规格：5g,生产企业：扬子江药业集团江苏制药股份有限公司,配送企业：,订购数量：0,批准文号：国药准字Z10950007",,,胃苏颗粒,0.0,,False,True,pydantic_direct
matched_row_341,341,call_b51ae91979544520,"医院名称：北京市朝阳区小关街道惠新苑社区卫生服务站,产品名称：小檗碱,商品名：无,剂型：素片,规格：0.1g,生产企业：赤峰蒙欣药业有限公司,配送企业：,订购数量：0,批准文号：国药准字H15020568",,,小檗碱,0.0,,False,True,pydantic_direct
matched_row_342,342,call_aeae5e8fe8504a32,"医院名称：北京市朝阳区和平街社区卫生服务中心,产品名称：维生素B6,商品名：无,剂型：素片,规格：10mg,生产企业：天津力生制药股份有限公司,配送企业：,订购数量：0,批准文号：国药准字H12020170",,,维生素B6,0.0,,False,True,pydantic_direct
matched_row_343,343,call_a14a53a04cfb481c,"医院名称：北京市海淀区西北旺镇唐家岭社区卫生服务站,产品名称：阿司匹林,商品名：无,剂型：肠溶片,规格：0.1g,生产企业：意大利Bayer HealthCare Manufacturing S.r.L(拜耳医药保健有限公司分装),配送企业：,订购数量：0,批准文号：国药准字J20171021",,,阿司匹林,0.0,,False,True,pydantic_direct
matched_row_344,344,call_bbe56727be6a4cf5,"医院名称：中国科学院大学卫生所,产品名称：甲钴胺,商品名：无,剂型：分散片,规格：0.5mg,生产企业：江苏四环生物制药有限公司,配送企业：,订购数量：0,批准文号：国药准字H20080290",,,甲钴胺,0.0,,False,True,pydantic_direct
matched_row_345,345,call_708bcba73386479f,"医院名称：北京市通州区张家湾镇张家湾社区卫生服务中心,产品名称：百乐眠胶囊,商品名：无,剂型：胶囊剂,规格：0.27g,生产企业：扬子江药业集团有限公司,配送企业：,订购数量：0,批准文号：国药准字Z20020131",,,百乐眠胶囊,0.0,,False,True,pydantic_direct
matched_row_346,346,call_935fb74a14fd4334,"医院名称：北京市朝阳区东坝地区单店社区卫生服务站,产品名称：芪蓉润肠口服液,商品名：无,剂型：合剂（含口服液）,规格：20ml,生产企业：北京北卫药业有限责任公司,配送企业：,订购数量：0,批准文号：国药准字Z20000034",,,芪蓉润肠口服液,0.0,,False,True,pydantic_direct
matched_row_347,347,call_e2cc3f8addfc46ac,"医院名称：北京农学院校医院,产品名称：乳果糖,商品名：杜密克,剂型：口服溶液剂,规格：15ml:10g(667mg/ml),生产企业：荷兰雅培 Abbott Biologicals B.V.,配送企业：,订购数量：0,批准文号：H20120387",,,乳果糖,0.0,,False,True,pydantic_direct
matched_row_348,348,call_ffd5019704594a50,"医院名称：房山区大石窝惠南庄社区卫生服务站,产品名称：枣仁安神颗粒,商品名：无,剂型：颗粒剂,规格：5g,生产企业：陕西康惠制药股份有限公司,配送企业：,订购数量：0,批准文号：国药准字Z20055057",,,枣仁安神颗粒,0.0,,False,True,pydantic_direct
matched_row_349,349,call_9858d928e1914f88,"医院名称：门城地区社区卫生服务中心华新建社区卫生服务站,产品名称：云南白药胶囊,商品名：无,剂型：胶囊剂,规格：0.25g,生产企业：云南白药集团股份有限公司,配送企业：,订购数量：0,批准文号：国药准字Z53020799",,,云南白药胶囊,0.0,,False,True,pydantic_direct
matched_row_350,350,call_f7ec93f5151541a1,"医院名称：北京龙禧医院,产品名称：苯妥英,商品名：无,剂型：素片,规格：0.1g,生产企业：天津力生制药股份有限公司,配送企业：,订购数量：0,批准文号：国药准字H12020120",,,苯妥英,0.0,,False,True,pydantic_direct
matched_row_351,351,call_5ae28fb1de054b75,"医院名称：北京市石景山区妇幼保健院,产品名称：清宣止咳颗粒,商品名：无,剂型：颗粒剂,规格：10g,生产企业：江苏苏中药业集团股份有限公司,配送企业：,订购数量：0,批准文号：国药准字Z19990066",,,清宣止咳颗粒,0.0,,False,True,pydantic_direct
matched_row_352,352,call_bd7dee9e62024fa3,"医院名称：北京市朝阳区潘家园街道武圣东里社区卫生服务站,产品名称：麝香痔疮栓,商品名：无,剂型：栓剂,规格：每粒重1.5克,生产企业：马应龙药业集团股份有限公司,配送企业：,订购数量：0,批准文号：国药准字Z42021461",,,麝香痔疮栓,0.0,,False,True,pydantic_direct
matched_row_353,353,call_0149b819e85e4eec,"医院名称：北京中医药大学东直门医院,产品名称：达比加群酯,商品名：泰毕全,剂型：胶囊剂,规格：110mg,生产企业：德国勃林格殷格翰公司Boehringer Ingelheim Pharma GmbH & Co. KG(上海勃林格殷格翰药业有限公司分装),配送企业：,订购数量：0,批准文号：国药准字J20171035",,,达比加群酯,0.0,,False,True,pydantic_direct
matched_row_354,354,call_e80b875f78b34e73,"医院名称：北京市延庆区儒林社区卫生服务中心,产品名称：摩罗丹,商品名：无,剂型：浓缩丸,规格：1.84g/16丸(相当于生药材4.5g),生产企业：邯郸制药股份有限公司,配送企业：,订购数量：0,批准文号：国药准字Z20090013",,,摩罗丹,0.0,,False,True,pydantic_direct
matched_row_355,355,call_85f6e84eeda3433c,"医院名称：北京市平谷区马昌营镇社区卫生服务中心,产品名称：特布他林,商品名：博利康尼,剂型：雾化溶液剂,规格：2ml:5mg,生产企业：瑞典阿斯利康AstraZeneca AB,配送企业：,订购数量：0,批准文号：H20140108",,,特布他林,0.0,,False,True,pydantic_direct
matched_row_356,356,call_ff51d0a622f54c3c,"医院名称：北京市朝阳区芍药居南社区卫生服务站,产品名称：瑞格列奈,商品名：诺和龙,剂型：素片,规格：1.0mg,生产企业：德国Boehringer Ingelheim Pharma GmbH & Co.KG,配送企业：,订购数量：0,批准文号：H20171153",,,瑞格列奈,0.0,,False,True,pydantic_direct
matched_row_357,357,call_57bc84b7fef04ded,"医院名称：首都医科大学附属北京安贞医院,产品名称：托拉塞米,商品名：特苏敏,剂型：素片,规格：5mg,生产企业：南京正科医药股份有限公司,配送企业：,订购数量：0,批准文号：国药准字H20052495",,,托拉塞米,0.0,,False,True,pydantic_direct
matched_row_358,358,call_2f9768d6354a4b55,"医院名称：北京市石景山区苹果园社区卫生服务中心,产品名称：止嗽化痰颗粒,商品名：无,剂型：颗粒剂,规格：3g,生产企业：南京同仁堂药业有限责任公司,配送企业：,订购数量：0,批准文号：国药准字Z10950002",,,止嗽化痰颗粒,0.0,,False,True,pydantic_direct
matched_row_359,359,call_4cd029c9aeb349b5,"医院名称：北京石景山模式口中医医院,产品名称：五子衍宗丸,商品名：无,剂型：水蜜丸,规格：60g,生产企业：北京同仁堂股份有限公司同仁堂制药厂,配送企业：,订购数量：0,批准文号：国药准字Z11020188",,,五子衍宗丸,0.0,,False,True,pydantic_direct
matched_row_360,360,call_fcea5f88991a43e9,"医院名称：北京市朝阳区潘家园街道武圣西里社区卫生服务站,产品名称：养血清脑颗粒,商品名：无,剂型：颗粒剂,规格：4g,生产企业：天士力医药集团股份有限公司,配送企业：,订购数量：0,批准文号：国药准字Z10960082",,,养血清脑颗粒,0.0,,False,True,pydantic_direct
matched_row_361,361,call_31b3e1fb90e04221,"医院名称：中国民用航空总医院,产品名称：胶体果胶铋,商品名：无,剂型：胶囊剂,规格：50mg,生产企业：华北制药股份有限公司,配送企业：,订购数量：0,批准文号：国药准字H20063479",,,胶体果胶铋,0.0,,False,True,pydantic_direct
matched_row_362,362,call_1e7ea12ec16b43ae,"医院名称：北京市大兴区黄村镇社区卫生服务中心,产品名称：胰岛素,商品名：无,剂型：注射液,规格：10ml:400单位,生产企业：江苏万邦生化医药集团有限责任公司,配送企业：,订购数量：0,批准文号：国药准字H10890001",,,胰岛素,0.0,,False,True,pydantic_direct
matched_row_363,363,call_56baf6c0a4484507,"医院名称：北京市顺义区牛栏山社区卫生服务中心马坊社区卫生服务站,产品名称：伏格列波糖,商品名：无,剂型：胶囊剂,规格：0.2mg,生产企业：辰欣药业股份有限公司,配送企业：,订购数量：0,批准文号：国药准字H20070306",,,伏格列波糖,0.0,,False,True,pydantic_direct
matched_row_364,364,call_49e555a4198e47df,"医院名称：北京市怀柔区喇叭沟门满族乡社区卫生服务中心,产品名称：金莲花颗粒,商品名：无,剂型：颗粒剂,规格：8g,生产企业：承德天原药业有限公司,配送企业：,订购数量：0,批准文号：国药准字Z10920022",,,金莲花颗粒,0.0,,False,True,pydantic_direct
matched_row_365,365,call_ce2ae2748362400b,"医院名称：北京市朝阳区呼家楼街道东大桥社区卫生服务站,产品名称：舒肝丸,商品名：无,剂型：蜜丸,规格：6g,生产企业：北京同仁堂股份有限公司同仁堂制药厂,配送企业：,订购数量：0,批准文号：国药准字Z11020029",,,舒肝丸,0.0,,False,True,pydantic_direct
matched_row_366,366,call_b98e92bc10764517,"医院名称：北京市密云区果园社区卫生服务中心,产品名称：聚卡波非钙,商品名：无,剂型：素片,规格：0.5g,生产企业：苏州中化药品工业有限公司,配送企业：,订购数量：0,批准文号：国药准字H20110109",,,聚卡波非钙,0.0,,False,True,pydantic_direct
matched_row_367,367,call_62824fbd86b5456c,"医院名称：北京市朝阳区将台地区芳园里社区卫生服务站,产品名称：胆宁片,商品名：无,剂型：薄膜衣片,规格：0.36g,生产企业：上海和黄药业有限公司,配送企业：,订购数量：0,批准文号：国药准字Z10910040",,,胆宁片,0.0,,False,True,pydantic_direct
matched_row_368,368,call_2abf19f0102d4534,"医院名称：北京市丰台区铁营医院,产品名称：感冒清热颗粒,商品名：无,剂型：颗粒剂,规格：12g,生产企业：北京同仁堂科技发展股份有限公司制药厂,配送企业：,订购数量：0,批准文号：国药准字Z11020361",,,感冒清热颗粒,0.0,,False,True,pydantic_direct
matched_row_369,369,call_837af7bf58c5426b,"医院名称：北京市朝阳区东坝地区红松园社区卫生服务站,产品名称：腺苷钴胺,商品名：无,剂型：糖衣片,规格：0.25mg,生产企业：华北制药股份有限公司,配送企业：,订购数量：0,批准文号：国药准字H13020514",,,腺苷钴胺,0.0,,False,True,pydantic_direct
matched_row_370,370,call_bf2f046f166a4774,"医院名称：北京语言大学社区卫生服务中心,产品名称：美托洛尔,商品名：倍他乐克,剂型：素片,规格：50mg,生产企业：阿斯利康制药有限公司,配送企业：,订购数量：0,批准文号：国药准字H32025390",,,美托洛尔,0.0,,False,True,pydantic_direct
matched_row_371,371,call_deca6c0b34d34d64,"医院名称：北京九华医院有限公司,产品名称：牛黄解毒片,商品名：无,剂型：薄膜衣片,规格：无(小片),生产企业：北京同仁堂科技发展股份有限公司制药厂,配送企业：,订购数量：0,批准文号：国药准字Z11020452",,,牛黄解毒片,0.0,,False,True,pydantic_direct
matched_row_372,372,call_54977dd49e49464c,"医院名称：北京市房山区韩村河潘庄社区卫生服务站,产品名称：腰痹通胶囊,商品名：无,剂型：胶囊剂,规格：0.42g,生产企业：江苏康缘药业股份有限公司,配送企业：,订购数量：0,批准文号：国药准字Z20010045",,,腰痹通胶囊,0.0,,False,True,pydantic_direct
matched_row_373,373,call_3fca6ada40374a0d,"医院名称：北京市海淀区西北旺镇唐家岭社区卫生服务站,产品名称：青鹏软膏,商品名：无,剂型：软膏剂,规格：20g,生产企业：西藏奇正藏药股份有限公司,配送企业：,订购数量：0,批准文号：国药准字Z54020140",,,青鹏软膏,0.0,,False,True,pydantic_direct
matched_row_374,374,call_e0cbce7c151043a1,"医院名称：北京市朝阳区常营地区北辰福第社区卫生服务站,产品名称：心神宁片,商品名：无,剂型：薄膜衣片,规格：0.25g,生产企业：颈复康药业集团有限公司,配送企业：,订购数量：0,批准文号：国药准字Z20025588",,,心神宁片,0.0,,False,True,pydantic_direct
matched_row_375,375,call_bab501e90a0345be,"医院名称：通州区梨园社区群芳园社区卫生服务站,产品名称：氟比洛芬,商品名：无,剂型：凝胶膏剂,规格：12g:40mg(13.6cm×10cm),生产企业：日本MIKASA SEIYAKU CO.,LTD KAKEGAWA FACTORY(北京泰德制药股份有限公司分装),配送企业：,订购数量：0,批准文号：国药准字J20140168",,,氟比洛芬,0.0,,False,True,pydantic_direct
matched_row_376,376,call_503197f819a34d41,"医院名称：北京市海淀区羊坊店街道黄亭子社区卫生服务站,产品名称：牛黄上清丸,商品名：无,剂型：水蜜丸,规格：3.5g(3.5g/80丸)(体外培育牛黄),生产企业：国药集团中联药业有限公司,配送企业：,订购数量：0,批准文号：国药准字Z20023096",,,牛黄上清丸,0.0,,False,True,pydantic_direct
matched_row_377,377,call_647c32d6229446d0,"医院名称：北京市丰台区朱家坟社区卫生服务中心,产品名称：活血止痛膏,商品名：无,剂型：橡胶膏剂,规格：9cm×13cm,生产企业：安徽安科余良卿药业有限公司,配送企业：,订购数量：0,批准文号：国药准字Z34020905",,,活血止痛膏,0.0,,False,True,pydantic_direct
matched_row_378,378,call_f2011950bd264b88,"医院名称：北京市朝阳区麦子店街道霞光里社区卫生服务站,产品名称：川芎茶调,商品名：无,剂型：颗粒剂,规格：4g,生产企业：贵州威门药业股份有限公司,配送企业：,订购数量：0,批准文号：国药准字Z52020173",,,川芎茶调,0.0,,False,True,pydantic_direct
matched_row_379,379,call_c54eee14aad44c85,"邵武市桂林乡2019灾后基础设施修复工程 中标结果公示 邵武市桂林乡2019灾后基础设施修复工程已于2020年3月16日上午09时00分在邵武市公共资源交易中心公开开标,根据评标委员会对投标文件的有效性进行评审后,现将中标结果及有关事项公示如下: （一）招标人的名称、地址和联系方式： 招标人：邵武市桂林乡人民政府 地 址：邵武市 联系电话：18750972520 联系人：官先生 （二）招标项目名称、评标办法及质量要求 招标项目名称：邵武市桂林乡2019灾后基础设施修复工程 招标编号： FJWC闽招字[2020]004号 评标办法：简易评标法 质量要求：符合《工程施工质量验收规范》合格标准； （三）中标人名单、中标金额、工期及项目负责人： 中标人名称：福建越翔建设发展有限公司； 中标金额：捌拾陆万玖仟壹佰陆拾柒元整（￥869167元）； 工期要求：总工期为180个日历天 项目负责人：江松建; 注册编号：闽2352012201359993 （四）评标委员会成员名单：邓国平、林川、张荣华、钱建军、曾建军。 （五）公示时间：2020年3月17日～3月27日 根据《中华人民共和国招标投标法实施条例》第六十条：投标人或者其他利害关系人认为招标投标活动不符合法律、行政法规规定的，可以自知道或者应当知道之日起10日内向有关行政监督部门投诉。投诉应当有明确的请求和必要的证明材料。就本条例第二十二条、第四十四条、第五十四条规定事项投诉的，应当先向招标人提出异议，异议答复期间不计算在前款规定的期限内。（具体投诉必要材料请详见《工程建设项目招标投标活动投诉处理办法》） (六）联系方式： 招标代理机构：福建万川工程管理有限公司 地址：邵武市溪北路锦溪小区7栋 电话：18706006617 联系人：小林 （七）招投标监督机构名称：邵武市住房和城乡建设局 地址：邵武市五一九路392号 联系电话：0599-6323869 招标代理机构：福建万川工程管理有限公司 2020年3月17日",,,邵武市桂林乡2019灾后基础设施修复工程,,869167.0,False,True,pydantic_direct
matched_row_380,380,call_0f4c860b25c645d9,"医院名称：北京市朝阳区金盏第二社区卫生服务中心,产品名称：藿胆片,商品名：无,剂型：糖衣片,规格：片芯重0.2g,生产企业：吉林紫鑫药业股份有限公司,配送企业：,订购数量：0,批准文号：国药准字Z22024791",,,藿胆片,0.0,,False,True,pydantic_direct
matched_row_381,381,call_4d711de5875b4b4e,"医院名称：北京市朝阳区东湖社区卫生服务中心,产品名称：血塞通颗粒,商品名：无,剂型：颗粒剂,规格：每袋装1.5g(含三七总皂苷50mg,无蔗糖),生产企业：昆药集团血塞通药业股份有限公司,配送企业：,订购数量：0,批准文号：国药准字Z20113072",,,血塞通颗粒,0.0,,False,True,pydantic_direct
matched_row_382,382,call_8cc0282a134b48ee,"医院名称：北京市怀柔区喇叭沟门满族乡社区卫生服务中心,产品名称：异丙嗪,商品名：无,剂型：注射液,规格：2ml:50mg,生产企业：天津金耀药业有限公司,配送企业：,订购数量：0,批准文号：国药准字H12020969",,,异丙嗪,0.0,,False,True,pydantic_direct
matched_row_383,383,call_f1fa72df981f4ee5,"医院名称：首都医科大学附属北京潞河医院,产品名称：硝酸甘油,商品名：无,剂型：注射液,规格：1ml:5mg,生产企业：北京益民药业有限公司,配送企业：,订购数量：0,批准文号：国药准字H11020289",,,硝酸甘油,0.0,,False,True,pydantic_direct
matched_row_384,384,call_8783e5214f0c4097,"医院名称：北京市朝阳区王四营社区卫生服务中心,产品名称：益母草膏,商品名：无,剂型：煎膏剂,规格：125g,生产企业：江西和明制药有限公司,配送企业：,订购数量：0,批准文号：国药准字Z36021610",,,益母草膏,0.0,,False,True,pydantic_direct
matched_row_385,385,call_cc7941c0497946d3,"医院名称：北京市朝阳区酒仙桥街道高家园社区卫生服务站,产品名称：氟比洛芬,商品名：无,剂型：凝胶膏剂,规格：12g:40mg(13.6cm×10cm),生产企业：日本MIKASA SEIYAKU CO.,LTD KAKEGAWA FACTORY(北京泰德制药股份有限公司分装),配送企业：,订购数量：0,批准文号：国药准字J20140168",,,氟比洛芬,0.0,,False,True,pydantic_direct
matched_row_386,386,call_67f79403d1ba49d0,"医院名称：北京市怀柔区渤海镇社区卫生服务中心,产品名称：银杏叶片,商品名：无,剂型：薄膜衣片,规格：每片重0.21g(含总黄酮醇苷9.6mg、萜类内酯2.4mg),生产企业：广东一力罗定制药有限公司,配送企业：,订购数量：0,批准文号：国药准字Z20063136",,,银杏叶片,0.0,,False,True,pydantic_direct
matched_row_387,387,call_e726f7791b1342c1,"医院名称：房山区良乡地区西潞园社区卫生服务站,产品名称：连翘败毒丸,商品名：无,剂型：水丸,规格：6g(6g/100粒),生产企业：北京同仁堂科技发展股份有限公司制药厂,配送企业：,订购数量：0,批准文号：国药准字Z11020149",,,连翘败毒丸,0.0,,False,True,pydantic_direct
matched_row_388,388,call_2886e7a1294b43ba,"医院名称：首都医科大学附属北京安贞医院,产品名称：尼卡地平,商品名：佩尔,剂型：注射液,规格：10ml:10mg,生产企业：日本Nipro Pharma Corporation Ise Plant (安斯泰来制药(中国)有限公司分装),配送企业：,订购数量：0,批准文号：国药准字J20100074",,,尼卡地平注射液,0.0,,False,True,pydantic_direct
matched_row_389,389,call_e5811279cdbf4274,"医院名称：北京市通州区潞城镇甘棠社区卫生服务中心,产品名称：厄贝沙坦氢氯噻嗪,商品名：无,剂型：素片,规格：厄贝沙坦0.15g,氢氯噻嗪12.5mg,生产企业：浙江华海药业股份有限公司,配送企业：,订购数量：0,批准文号：国药准字H20058709",,,厄贝沙坦氢氯噻嗪,0.0,,False,True,pydantic_direct
matched_row_390,390,call_68871b40b7f042b8,"医院名称：北京市仁和医院,产品名称：沙格雷酯,商品名：安步乐克,剂型：薄膜衣片,规格：0.1g,生产企业：日本Mitsubishi Tanabe Pharma Factory Ltd., Yoshitomi Plant(天津田边制药有限公司分装),配送企业：,订购数量：0,批准文号：国药准字J20140058",,,沙格雷酯,0.0,,False,True,pydantic_direct
matched_row_391,391,call_9787ef4943274c3e,"医院名称：北京市房山区桥梁厂职工医院,产品名称：非那雄胺,商品名：保列治,剂型：薄膜衣片,规格：5mg,生产企业：波多黎各AIAC International Pharma LLC(杭州默沙东制药有限公司分装),配送企业：,订购数量：0,批准文号：国药准字J20120071",,,非那雄胺,0.0,,False,True,pydantic_direct
matched_row_392,392,call_b6f82c47810b47f5,"医院名称：北京市海淀区紫竹院街道农林科学院社区卫生服务站,产品名称：麝香保心丸,商品名：无,剂型：水丸,规格：22.5mg,生产企业：上海和黄药业有限公司,配送企业：,订购数量：0,批准文号：国药准字Z31020068",,,麝香保心丸,0.0,,False,True,pydantic_direct
matched_row_393,393,call_2f8da2e69cad432a,"医院名称：北京市石景山区古城街道滨和园东社区卫生服务站,产品名称：枣仁安神胶囊,商品名：无,剂型：胶囊剂,规格：0.45g,生产企业：国药集团同济堂(贵州)制药有限公司,配送企业：,订购数量：0,批准文号：国药准字Z20010033",,,枣仁安神胶囊,0.0,,False,True,pydantic_direct
matched_row_394,394,call_1a87a28107ef4b11,"医院名称：北京古城都市丽人医院,产品名称：黄芪片,商品名：无,剂型：薄膜衣片,规格：0.41g,生产企业：四川奇力制药有限公司,配送企业：,订购数量：0,批准文号：国药准字Z20090313",,,黄芪片,0.0,,False,True,pydantic_direct
matched_row_395,395,call_9ebfef4d9c2b4621,"医院名称：北京市东城区东花市社区卫生服务中心,产品名称：复方双花片,商品名：无,剂型：薄膜衣片,规格：0.62g,生产企业：陕西康惠制药股份有限公司,配送企业：,订购数量：0,批准文号：国药准字Z19990062",,,复方双花片,0.0,,False,True,pydantic_direct
matched_row_396,396,call_c4f8bf694d7c4601,"医院名称：北京石景山模式口中医医院,产品名称：越鞠保和丸,商品名：无,剂型：水丸,规格：6g,生产企业：北京同仁堂制药有限公司,配送企业：,订购数量：0,批准文号：国药准字Z11020510",,,越鞠保和丸,0.0,,False,True,pydantic_direct
matched_row_397,397,call_fd5052c4dbc24a05,"医院名称：北京市延庆区永宁镇社区卫生服务中心,产品名称：甲硝唑,商品名：无,剂型：注射液,规格：100ml:0.5g:0.9g,生产企业：辽宁海神联盛制药有限公司,配送企业：,订购数量：0,批准文号：国药准字H20083959",,,甲硝唑,0.0,,False,True,pydantic_direct
matched_row_398,398,call_64ba6f0311294815,"医院名称：北京市密云区大城子镇社区卫生服务中心,产品名称：花红颗粒,商品名：无,剂型：颗粒剂,规格：2.5g,生产企业：广西壮族自治区花红药业股份有限公司,配送企业：,订购数量：0,批准文号：国药准字Z20083350",,,花红颗粒,0.0,,False,True,pydantic_direct
matched_row_399,399,call_6f75a4d8f162434c,"医院名称：北京市顺义区牛栏山社区卫生服务中心魏家店社区卫生服务站,产品名称：强力定眩胶囊,商品名：无,剂型：胶囊剂,规格：0.4g,生产企业：江西银涛药业有限公司,配送企业：,订购数量：0,批准文号：国药准字Z20090189",,,强力定眩胶囊,0.0,,False,True,pydantic_direct
matched_row_400,400,call_c1b69246428e40bd,"医院名称：北京市朝阳区小关街道惠新北里社区卫生服务站,产品名称：氨氯地平,商品名：络活喜,剂型：素片,规格：5mg,生产企业：辉瑞制药有限公司,配送企业：,订购数量：0,批准文号：国药准字H10950224",,,氨氯地平,0.0,,False,True,pydantic_direct
matched_row_401,401,call_9e6c9061b8fd4ad6,"医院名称：北京市朝阳区劲松街道劲松一区社区卫生服务站,产品名称：参芪降糖胶囊,商品名：无,剂型：胶囊剂,规格：0.35g,生产企业：河南羚锐制药股份有限公司,配送企业：,订购数量：0,批准文号：国药准字Z10970002",,,参芪降糖胶囊,0.0,,False,True,pydantic_direct
matched_row_402,402,call_64cdb4dc3b8d46c4,"医院名称：北京丰益肛肠医院,产品名称：尼可刹米,商品名：无,剂型：注射液,规格：1.5ml:0.375g,生产企业：遂成药业股份有限公司,配送企业：,订购数量：0,批准文号：国药准字H41021044",,,尼可刹米,0.0,,False,True,pydantic_direct
matched_row_403,403,call_db695a83e0f2454a,"医院名称：北京市朝阳区奥运村街道林萃公寓社区卫生服务站,产品名称：瑞格列奈,商品名：诺和龙,剂型：素片,规格：1.0mg,生产企业：德国Boehringer Ingelheim Pharma GmbH & Co.KG,配送企业：,订购数量：0,批准文号：H20171153",,,瑞格列奈,0.0,,False,True,pydantic_direct
matched_row_404,404,call_dc2fa0086b9642ea,"医院名称：北京市怀柔区雁栖医院,产品名称：注射用血塞通,商品名：无,剂型：冻干粉针剂,规格：0.2g,生产企业：昆药集团股份有限公司,配送企业：,订购数量：0,批准文号：国药准字Z20026438",,,注射用血塞通,0.0,,False,True,pydantic_direct
matched_row_405,405,call_6802cb7dacba49ee,"医院名称：北京市朝阳区大屯街道慧忠北里社区卫生服务站,产品名称：二甲双胍,商品名：都乐宁,剂型：缓释片,规格：0.5g,生产企业：重庆康刻尔制药有限公司,配送企业：,订购数量：0,批准文号：国药准字H20052243",,,二甲双胍,0.0,,False,True,pydantic_direct
matched_row_406,406,call_3a5dadcee0894463,"医院名称：北京市延庆区大庄科乡社区卫生服务中心,产品名称：坎地沙坦酯,商品名：迪之雅,剂型：素片,规格：8mg,生产企业：迪沙药业集团有限公司,配送企业：,订购数量：0,批准文号：国药准字H20050343",,,坎地沙坦酯,0.0,,False,True,pydantic_direct
matched_row_407,407,call_cb5aef10ec0347c1,"医院名称：北京市朝阳区管庄地区建东苑社区卫生服务站,产品名称：非洛地平,商品名：波依定,剂型：缓释片,规格：5mg,生产企业：阿斯利康制药有限公司,配送企业：,订购数量：0,批准文号：国药准字H20030415",,,非洛地平,0.0,,False,True,pydantic_direct
matched_row_408,408,call_973d7b2aaa04407c,"医院名称：北京市朝阳区东坝社区卫生服务中心,产品名称：益心舒片,商品名：无,剂型：薄膜衣片,规格：0.6g,生产企业：颈复康药业集团有限公司,配送企业：,订购数量：0,批准文号：国药准字Z20070023",,,益心舒片,0.0,,False,True,pydantic_direct
matched_row_409,409,call_5ecf1613d5514ca1,"医院名称：北京市海淀区四季青镇常青园社区卫生服务站,产品名称：止嗽定喘丸,商品名：无,剂型：浓缩丸,规格：2.2g/10粒,生产企业：天津中新药业集团股份有限公司乐仁堂制药厂,配送企业：,订购数量：0,批准文号：国药准字Z12020637",,,止嗽定喘丸,0.0,,False,True,pydantic_direct
matched_row_410,410,call_94b4abeb41084e4b,"医院名称：北京市朝阳区高碑店街道甘露园社区卫生服务站,产品名称：心脑舒通片,商品名：无,剂型：薄膜衣片,规格：每片重0.26g,生产企业：吉林敖东洮南药业股份有限公司,配送企业：,订购数量：0,批准文号：国药准字Z20026319",,,心脑舒通片,0.0,,False,True,pydantic_direct
matched_row_411,411,call_a733266c4cd0469b,"医院名称：首都医科大学附属北京佑安医院,产品名称：肠内营养(整蛋白纤维型),商品名：瑞代,剂型：口服乳液,规格：500ml,生产企业：费森尤斯卡比华瑞制药有限公司,配送企业：,订购数量：0,批准文号：国药准字H20183301",,,肠内营养(整蛋白纤维型),0.0,,False,True,pydantic_direct
matched_row_412,412,call_da8afffb3af14605,"医院名称：中国航天科工集团七三一医院,产品名称：氟比洛芬酯,商品名：凯纷,剂型：注射液,规格：5ml:50mg,生产企业：北京泰德制药股份有限公司,配送企业：,订购数量：0,批准文号：国药准字H20041508",,,氟比洛芬酯,0.0,,False,True,pydantic_direct
matched_row_413,413,call_1470dd6165cb45dc,"医院名称：北京市朝阳区酒仙桥社区卫生服务中心,产品名称：咪康唑,商品名：达克宁,剂型：乳膏剂,规格：20g:0.4g(2%),生产企业：西安杨森制药有限公司,配送企业：,订购数量：0,批准文号：国药准字H61020001",,,咪康唑,0.0,,False,True,pydantic_direct
matched_row_414,414,call_dea21ffcf04c45fb,"医院名称：北京市丰台区南苑社区卫生服务中心,产品名称：地衣芽孢杆菌活菌,商品名：整肠生,剂型：胶囊剂,规格：0.25g,生产企业：东北制药集团沈阳第一制药有限公司,配送企业：,订购数量：0,批准文号：国药准字S10950019",,,地衣芽孢杆菌活菌,0.0,,False,True,pydantic_direct
matched_row_415,415,call_6e40ffad20214ee8,"医院名称：北京市昌平区汇仁医院,产品名称：消炎利胆片,商品名：无,剂型：薄膜衣片,规格：每片重0.24g,生产企业：广东一片天医药集团制药有限公司,配送企业：,订购数量：0,批准文号：国药准字Z20064268",,,消炎利胆片,0.0,,False,True,pydantic_direct
matched_row_416,416,call_f8c884ca03d8424b,"医院名称：北京市门头沟区潭柘寺镇社区卫生服务中心,产品名称：异山梨酯,商品名：无,剂型：缓释片,规格：40mg,生产企业：齐鲁制药有限公司,配送企业：,订购数量：0,批准文号：国药准字H20066717",,,异山梨酯,0.0,,False,True,pydantic_direct
matched_row_417,417,call_4a85e814f590473a,[其他]甘南州黄河上游5处露天废弃矿山整治项目设计公示 详情请访问原网页！,,,甘南州黄河上游5处露天废弃矿山整治项目设计,,,False,True,pydantic_direct
matched_row_418,418,call_15a9f49f58964418,"医院名称：北京市朝阳区和平街街道小黄庄社区卫生服务站,产品名称：前列舒通胶囊,商品名：无,剂型：胶囊剂,规格：0.4g,生产企业：保定天浩制药有限公司,配送企业：,订购数量：0,批准文号：国药准字Z20027140",,,前列舒通胶囊,0.0,,False,True,pydantic_direct
matched_row_419,419,call_6bbb7008f7b54d70,"医院名称：怀柔区龙山街道社区卫生服务中心东关社区卫生服务站,产品名称：脉管复康胶囊,商品名：无,剂型：胶囊剂,规格：0.45g,生产企业：陕西东泰制药有限公司,配送企业：,订购数量：0,批准文号：国药准字Z20050719",,,脉管复康胶囊,0.0,,False,True,pydantic_direct
matched_row_420,420,call_613fea33406b4b17,"医院名称：北京市海淀区四季青乡中心卫生院(北京四季青医院),产品名称：华佗再造丸,商品名：无,剂型：浓缩丸,规格：8g,生产企业：广州白云山奇星药业有限公司,配送企业：,订购数量：0,批准文号：国药准字Z44020748",,,华佗再造丸,0.0,,False,True,pydantic_direct
matched_row_421,421,call_8fd355cbf4ad4a2e,"医院名称：北京市海淀区花园路街道金尚嘉园社区卫生服务站,产品名称：甲硝唑维B6,商品名：无,剂型：素片,规格：0.2g(以甲硝唑计),生产企业：迪沙药业集团有限公司,配送企业：,订购数量：0,批准文号：国药准字H37023368",,,甲硝唑维B6,0.0,,False,True,pydantic_direct
matched_row_422,422,call_8c822c1af8e347f6,"医院名称：北京市昌平区南口社区卫生服务中心,产品名称：胰岛素,商品名：无,剂型：注射液,规格：3ml:300单位,生产企业：诺和诺德(中国)制药有限公司,配送企业：,订购数量：0,批准文号：国药准字S20153001",,,胰岛素,0.0,,False,True,pydantic_direct
matched_row_423,423,call_a1d6de85df6f4cdb,"医院名称：北京市朝阳区酒仙桥街道高家园社区卫生服务站,产品名称：奥美拉唑,商品名：无,剂型：肠溶片,规格：10mg,生产企业：山东新时代药业有限公司,配送企业：,订购数量：0,批准文号：国药准字H20044871",,,奥美拉唑,0.0,,False,True,pydantic_direct
matched_row_424,424,call_b1d0bb23dc55460d,"医院名称：北京市房山区阎村镇社区卫生服务中心,产品名称：百蕊颗粒,商品名：无,剂型：颗粒剂,规格：5g（每1g相当于饮片2.4g）,生产企业：安徽九华华源药业有限公司,配送企业：,订购数量：0,批准文号：国药准字Z20090694",,,百蕊颗粒,0.0,,False,True,pydantic_direct
matched_row_425,425,call_8f00d80811a64339,"医院名称：北京市海淀区四季青乡中心卫生院(北京四季青医院),产品名称：缬沙坦氢氯噻嗪,商品名：无,剂型：分散片,规格：缬沙坦80mg,氢氯噻嗪12.5mg,生产企业：山东司邦得制药有限公司,配送企业：,订购数量：0,批准文号：国药准字H20110092",,,缬沙坦氢氯噻嗪,0.0,,False,True,pydantic_direct
matched_row_426,426,call_d54c7c1bff594241,"医院名称：首都医科大学附属北京潞河医院,产品名称：多巴丝肼,商品名：美多芭,剂型：素片,规格：0.25g,生产企业：上海罗氏制药有限公司,配送企业：,订购数量：0,批准文号：国药准字H10930198",,,多巴丝肼,0.0,,False,True,pydantic_direct
matched_row_427,427,call_1dcf8e59933e46b4,"医院名称：北京市朝阳区团结湖社区卫生服务中心,产品名称：普罗帕酮,商品名：无,剂型：注射液,规格：10ml:35mg,生产企业：广州白云山明兴制药有限公司,配送企业：,订购数量：0,批准文号：国药准字H44020249",,,普罗帕酮,0.0,,False,True,pydantic_direct
matched_row_428,428,call_575476dcc55c4a1d,"医院名称：北京市石景山区古城街道滨和园西社区卫生服务站,产品名称：氨氯地平,商品名：络活喜,剂型：素片,规格：5mg,生产企业：辉瑞制药有限公司,配送企业：,订购数量：0,批准文号：国药准字H10950224",,,氨氯地平,0.0,,False,True,pydantic_direct
matched_row_429,429,call_b25c556454664386,"医院名称：北京市延庆区南菜园社区卫生服务中心,产品名称：复方α-酮酸,商品名：开同,剂型：薄膜衣片,规格：0.63g,生产企业：北京费森尤斯卡比医药有限公司,配送企业：,订购数量：0,批准文号：国药准字H20041442",,,复方α-酮酸,0.0,,False,True,pydantic_direct
matched_row_430,430,call_7f519632415643cf,"医院名称：北京北亚中医医院,产品名称：洛索洛芬,商品名：无,剂型：贴膏剂,规格：14cm×10cm,生产企业：湖南九典制药股份有限公司,配送企业：,订购数量：0,批准文号：国药准字H20173272",,,洛索洛芬,0.0,,False,True,pydantic_direct
matched_row_431,431,call_5b1a8a8adeaa4c0b,"医院名称：北京市朝阳区酒仙桥街道高家园社区卫生服务站,产品名称：叶酸,商品名：无,剂型：素片,规格：0.4mg,生产企业：江苏联环药业股份有限公司,配送企业：,订购数量：0,批准文号：国药准字H20044917",,,叶酸,0.0,,False,True,pydantic_direct
matched_row_432,432,call_895d834a35344361,"医院名称：北京市朝阳区王四营地区南花园社区卫生服务站,产品名称：双黄连口服液,商品名：无,剂型：合剂（含口服液）,规格：10ml,生产企业：黑龙江瑞格制药有限公司,配送企业：,订购数量：0,批准文号：国药准字Z10910017",,,双黄连口服液,0.0,,False,True,pydantic_direct
matched_row_433,433,call_f46fdac6ceb74f50,"医院名称：航空总医院,产品名称：丙卡特罗,商品名：美普清,剂型：口服溶液剂,规格：30ml:0.15mg,生产企业：广东大冢制药有限公司,配送企业：,订购数量：0,批准文号：国药准字H20053903",,,丙卡特罗,0.0,,False,True,pydantic_direct
matched_row_434,434,call_343a25f92d68444b,"医院名称：北京市海淀区甘家口社区卫生服务中心,产品名称：阿奇霉素,商品名：希舒美,剂型：干混悬剂,规格：0.1g,生产企业：辉瑞制药有限公司,配送企业：,订购数量：0,批准文号：国药准字H10960112",,,阿奇霉素,0.0,,False,True,pydantic_direct
matched_row_435,435,call_5fb71771809e433a,"医院名称：北京昌平普德中医药研究所西环里中医门诊部,产品名称：舒肝丸,商品名：无,剂型：蜜丸,规格：6g,生产企业：北京同仁堂股份有限公司同仁堂制药厂,配送企业：,订购数量：0,批准文号：国药准字Z11020029",,,舒肝丸,0.0,,False,True,pydantic_direct
matched_row_436,436,call_a3213bc853bc4dcc,"医院名称：北京市密云区十里堡镇社区卫生服务中心,产品名称：左氧氟沙星,商品名：无,剂型：薄膜衣片,规格：0.5g,生产企业：山东鲁抗医药集团赛特有限责任公司,配送企业：,订购数量：0,批准文号：国药准字H20067724",,,左氧氟沙星,0.0,,False,True,pydantic_direct
matched_row_437,437,call_915285c4dc93465b,"医院名称：北京市朝阳区酒仙桥社区卫生服务中心,产品名称：百乐眠胶囊,商品名：无,剂型：胶囊剂,规格：0.27g,生产企业：扬子江药业集团有限公司,配送企业：,订购数量：0,批准文号：国药准字Z20020131",,,百乐眠胶囊,0.0,,False,True,pydantic_direct
matched_row_438,438,call_5628bab44f794e8c,"医院名称：北京市朝阳区太阳宫地区芍药居北里社区卫生服务站,产品名称：胰激肽原酶,商品名：怡开,剂型：肠溶片,规格：120IU,生产企业：常州千红生化制药股份有限公司,配送企业：,订购数量：0,批准文号：国药准字H19993089",,,胰激肽原酶,0.0,,False,True,pydantic_direct
matched_row_439,439,call_06c9f226290f44d6,"医院名称：北京市朝阳区东风社区卫生服务中心泛海分中心,产品名称：布洛芬,商品名：无,剂型：缓释胶囊,规格：0.3g,生产企业：珠海联邦制药股份有限公司中山分公司,配送企业：,订购数量：0,批准文号：国药准字H19983137",,,布洛芬,0.0,,False,True,pydantic_direct
matched_row_440,440,call_d0523859c3464d3f,"医院名称：北京未来儿童医院,产品名称：,商品名：无,剂型：颗粒剂,规格：碳酸钙0.75g(相当于钙0.3g),维生素D3 100IU(2.5μg),生产企业：湖南华纳大药厂股份有限公司,配送企业：,订购数量：0,批准文号：国药准字H20193005",,,碳酸钙维生素D3颗粒剂,0.0,,False,True,pydantic_direct
matched_row_441,441,call_cd2ac358e8004c0f,"医院名称：北京市海淀区中央民族大学社区卫生服务中心,产品名称：双氯芬酸,商品名：芬迪,剂型：凝胶剂,规格：20g:0.2g,生产企业：马应龙药业集团股份有限公司,配送企业：,订购数量：0,批准文号：国药准字H10950214",,,双氯芬酸凝胶剂,0.0,,False,True,pydantic_direct
matched_row_442,442,call_c6e473987ea342fd,"医院名称：北京市朝阳区将台地区芳园里社区卫生服务站,产品名称：地衣芽孢杆菌活菌,商品名：整肠生,剂型：胶囊剂,规格：0.25g,生产企业：东北制药集团沈阳第一制药有限公司,配送企业：,订购数量：0,批准文号：国药准字S10950019",,,地衣芽孢杆菌活菌,0.0,,False,True,pydantic_direct
matched_row_443,443,call_4d51a70f324245be,"医院名称：阳坊社区卫生服务中心西马坊社区卫生服务站,产品名称：双黄连口服液,商品名：无,剂型：合剂（含口服液）,规格：10ml,生产企业：黑龙江瑞格制药有限公司,配送企业：,订购数量：0,批准文号：国药准字Z10910017",,,双黄连口服液,0.0,,False,True,pydantic_direct
matched_row_444,444,call_2cef93f3fc08463c,"医院名称：北京市朝阳区东风社区卫生服务中心泛海分中心,产品名称：玻璃酸钠,商品名：爱丽,剂型：滴眼剂,规格：5ml:5mg(0.1%),生产企业：日本参天制药株式会社能登工厂(Santen Pharmaceutical Co.,Ltd. Noto Plant),配送企业：,订购数量：0,批准文号：H20130583",,,玻璃酸钠,0.0,,False,True,pydantic_direct
matched_row_445,445,call_bbbee0b7be4e46e1,"医院名称：北京联科中医肾病医院,产品名称：复方α-酮酸,商品名：无,剂型：薄膜衣片,规格：0.63g,生产企业：河北天成药业股份有限公司,配送企业：,订购数量：0,批准文号：国药准字H20090263",,,复方α-酮酸,0.0,,False,True,pydantic_direct
matched_row_446,446,call_58d36e349a5e4e76,"医院名称：北京市朝阳区东坝地区红松园社区卫生服务站,产品名称：普罗布考,商品名：畅泰,剂型：薄膜衣片,规格：0.25g,生产企业：颈复康药业集团有限公司,配送企业：,订购数量：0,批准文号：国药准字H10960161",,,普罗布考,0.0,,False,True,pydantic_direct
matched_row_447,447,call_335d283ccb3545a8,"医院名称：北京市丰台区大红门街道南顶路社区卫生服务站,产品名称：心脑欣丸,商品名：无,剂型：浓缩丸,规格：每袋装1.0g(每30~40丸重约1g),生产企业：江苏康缘药业股份有限公司,配送企业：,订购数量：0,批准文号：国药准字Z20090349",,,心脑欣丸,0.0,,False,True,pydantic_direct
matched_row_448,448,call_5aabd9d0da894d4b,"医院名称：北京市朝阳区东坝社区卫生服务中心,产品名称：氨氯地平贝那普利,商品名：无,剂型：素片,规格：12.5mg(其中盐酸贝那普利10mg,氨氯地平2.5mg),生产企业：扬子江药业集团广州海瑞药业有限公司,配送企业：,订购数量：0,批准文号：国药准字H20110072",,,氨氯地平贝那普利,0.0,,False,True,pydantic_direct
matched_row_449,449,call_bdbc0ae991104f3c,"医院名称：中国民用航空总医院,产品名称：前列癃闭通胶囊,商品名：无,剂型：胶囊剂,规格：0.5g,生产企业：青海晶珠藏药高新技术产业股份有限公司,配送企业：,订购数量：0,批准文号：国药准字Z20025304",,,前列癃闭通胶囊,0.0,,False,True,pydantic_direct
matched_row_450,450,call_b7d570af4d9d4e13,"医院名称：北京王府中西医结合医院,产品名称：西酞普兰,商品名：喜普妙,剂型：薄膜衣片,规格：20mg,生产企业：丹麦灵北药厂H.Lundbeck A/S(西安杨森制药有限公司分装),配送企业：,订购数量：0,批准文号：国药准字J20130028",,,西酞普兰,0.0,,False,True,pydantic_direct
matched_row_451,451,call_35d0b0f5299e4b51,"医院名称：北京市朝阳区高碑店街道甘露园社区卫生服务站,产品名称：参桂胶囊,商品名：无,剂型：胶囊剂,规格：0.3g,生产企业：上海玉丹药业有限公司,配送企业：,订购数量：0,批准文号：国药准字Z20000060",,,参桂胶囊,0.0,,False,True,pydantic_direct
matched_row_452,452,call_cc8e4b825c914d5b,"医院名称：北京市怀柔区宝山镇卫生院,产品名称：麝香壮骨膏,商品名：无,剂型：橡胶膏剂,规格：8cm×13cm,生产企业：黄石卫生材料药业有限公司,配送企业：,订购数量：20,批准文号：国药准字Z42021305",,,麝香壮骨膏,20.0,,False,True,pydantic_direct
matched_row_453,453,call_d1ed77f87de24926,"医院名称：北京市朝阳区将台地区芳园里社区卫生服务站,产品名称：金水宝片,商品名：无,剂型：薄膜衣片,规格：0.42g(含发酵虫草菌粉0.25g),生产企业：江西济民可信药业有限公司,配送企业：,订购数量：0,批准文号：国药准字Z20163112",,,金水宝片,0.0,,False,True,pydantic_direct
matched_row_454,454,call_6875207a82d84ec4,"医院名称：北京市朝阳区和平街街道砖角楼社区卫生服务站,产品名称：醋酸钙,商品名：无,剂型：胶囊剂,规格：0.6g(按Ca152.1mg计),生产企业：昆明邦宇制药有限公司,配送企业：,订购数量：0,批准文号：国药准字H20100127",,,醋酸钙,0.0,,False,True,pydantic_direct
matched_row_455,455,call_f1d8fd02fbbd40c5,"医院名称：首都医科大学附属北京安贞医院,产品名称：氯沙坦钾氢氯噻嗪,商品名：无,剂型：薄膜衣片,规格：氯沙坦钾50mg,氢氯噻嗪12.5mg,生产企业：北京福元医药股份有限公司,配送企业：,订购数量：0,批准文号：国药准字H20074021",,,氯沙坦钾氢氯噻嗪,0.0,,False,True,pydantic_direct
matched_row_456,456,call_6d023cbae42d40d2,"医院名称：北京市朝阳区常营社区卫生服务中心,产品名称：埃索美拉唑,商品名：耐信,剂型：肠溶片,规格：20mg,生产企业：阿斯利康制药有限公司,配送企业：,订购数量：100,批准文号：国药准字H20046379",,,埃索美拉唑,100.0,,False,True,pydantic_direct
matched_row_457,457,call_d2b191579019409a,"医院名称：北京市朝阳区东坝社区卫生服务中心,产品名称：缬沙坦,商品名：平欣,剂型：分散片,规格：40mg,生产企业：鲁南贝特制药有限公司,配送企业：,订购数量：0,批准文号：国药准字H20051350",,,缬沙坦,0.0,,False,True,pydantic_direct
matched_row_458,458,call_9a3c846a0e4a4c32,"医院名称：北京市朝阳区呼家楼街道呼家楼西里社区卫生服务站,产品名称：贝尼地平,商品名：无,剂型：薄膜衣片,规格：4mg,生产企业：山东华素制药有限公司,配送企业：,订购数量：0,批准文号：国药准字H20184010",,,贝尼地平,0.0,,False,True,pydantic_direct
matched_row_459,459,call_8b73aec9d990408e,"医院名称：北京市朝阳区太阳宫地区芍药居北里社区卫生服务站,产品名称：伏格列波糖,商品名：无,剂型：咀嚼片,规格：0.2mg,生产企业：北京太洋药业股份有限公司,配送企业：,订购数量：0,批准文号：国药准字H20090045",,,伏格列波糖,0.0,,False,True,pydantic_direct
matched_row_460,460,call_8c418a43a96e4393,"医院名称：北京市昌平区汇仁医院,产品名称：卡维地洛,商品名：凯络,剂型：胶囊剂,规格：10mg,生产企业：北大医药股份有限公司,配送企业：,订购数量：0,批准文号：国药准字H20000568",,,卡维地洛,0.0,,False,True,pydantic_direct
matched_row_461,461,call_4d88395153b24a67,"医院名称：北京市房山区大石窝镇社区卫生服务中心,产品名称：聚维酮碘,商品名：无,剂型：溶液剂,规格：100ml:10g(10%),生产企业：江西银涛药业有限公司,配送企业：,订购数量：0,批准文号：国药准字H36020661",,,聚维酮碘,0.0,,False,True,pydantic_direct
matched_row_462,462,call_b54f7c9a90da4cd6,"医院名称：北京市崇文区天坛东里社区卫生服务站,产品名称：血府逐瘀胶囊,商品名：无,剂型：胶囊剂,规格：0.4g,生产企业：天津宏仁堂药业有限公司,配送企业：,订购数量：0,批准文号：国药准字Z12020223",,,血府逐瘀胶囊,0.0,,False,True,pydantic_direct
matched_row_463,463,call_428f5d48d1384510,"医院名称：北京市丰台区右安门街道玉林社区卫生服务站,产品名称：阿昔莫司,商品名：司里蒙,剂型：胶囊剂,规格：0.25g,生产企业：地奥集团成都药业股份有限公司,配送企业：,订购数量：50,批准文号：国药准字H20010087",,,阿昔莫司,50.0,,False,True,pydantic_direct
matched_row_464,464,call_841770225d204dd0,"医院名称：首都医科大学附属北京安贞医院,产品名称：维生素B2,商品名：无,剂型：素片,规格：5mg,生产企业：天津力生制药股份有限公司,配送企业：,订购数量：0,批准文号：国药准字H12020169",,,维生素B2,0.0,,False,True,pydantic_direct
matched_row_465,465,call_6d33af548d384c1b,"医院名称：北京市朝阳区和平街街道砖角楼社区卫生服务站,产品名称：麝香保心丸,商品名：无,剂型：水丸,规格：22.5mg,生产企业：上海和黄药业有限公司,配送企业：,订购数量：0,批准文号：国药准字Z31020068",,,麝香保心丸,0.0,,False,True,pydantic_direct
matched_row_466,466,call_d95141c38a394c48,"医院名称：朝阳区南磨房社区卫生服务中心西区,产品名称：甲钴胺,商品名：无,剂型：胶囊剂,规格：0.5mg,生产企业：北京春风药业有限公司,配送企业：,订购数量：0,批准文号：国药准字H20060828",,,甲钴胺,0.0,,False,True,pydantic_direct
matched_row_467,467,call_9dbbf1278be141a1,"医院名称：房山区燕山羊耳峪北里社区卫生服务站,产品名称：雷贝拉唑钠,商品名：安斯菲,剂型：肠溶片,规格：20mg,生产企业：成都迪康药业股份有限公司,配送企业：,订购数量：0,批准文号：国药准字H20040715",,,雷贝拉唑钠,0.0,,False,True,pydantic_direct
matched_row_468,468,call_49241fa755844f60,"医院名称：北京积水潭医院,产品名称：氯化钠,商品名：无,剂型：冲洗剂,规格：3000ml:27g(0.9%),生产企业：华润双鹤药业股份有限公司,配送企业：,订购数量：0,批准文号：国药准字H20023300",,,氯化钠,0.0,,False,True,pydantic_direct
matched_row_469,469,call_a1a90d7063fa4b9d,"医院名称：丰台区和义街道和义西里社区卫生服务站,产品名称：格列美脲,商品名：迪北,剂型：素片,规格：1mg,生产企业：北京北陆药业股份有限公司,配送企业：,订购数量：0,批准文号：国药准字H20010567",,,格列美脲,0.0,,False,True,pydantic_direct
matched_row_470,470,call_ec611c55c8304c99,"医院名称：延庆区千家店镇社区卫生服务中心（花盆社区服务站),产品名称：布洛芬,商品名：无,剂型：缓释胶囊,规格：0.3g,生产企业：珠海联邦制药股份有限公司中山分公司,配送企业：,订购数量：0,批准文号：国药准字H19983137",,,布洛芬,0.0,,False,True,pydantic_direct
matched_row_471,471,call_499ffe2ee36f4008,安巢经开区智能智造产业园设计项目中标候选人公示 一、项目相关情况项目名称：安巢经开区智能智造产业园设计 项目编号：2020BFKBZ00040 招标（采购）方式：公开招标 招标（采购）公告发布日期：2020年01月17日 开标（采购）日期：2020年03月17日 安巢经开区智能智造产业园设计项目中标候选人结果公示如下：第一中标（成交）候选人名称：西北综合勘察设计研究院 地址：陕西省西安市莲湖区习武园9号 投标报价：人民币 肆拾捌万捌仟捌佰元整（￥48880,,,安巢经开区智能智造产业园设计项目,,488800.0,False,True,pydantic_direct
matched_row_472,472,call_5229f9fb2f784802,项目编号 ND35090220200302002 项目名称 蕉城区苗圃 蕉城区八都镇何厝里58亩生产基地5年使用权租赁 交易方式 网络竞价 受让方名称 无受让方名称记录 转让标的评估值或账面净值 0元 人民币 成交金额 0元 人民币 成交日期 2020-03-17,,,蕉城区苗圃 蕉城区八都镇何厝里58亩生产基地5年使用权租赁,,0.0,False,True,pydantic_direct
matched_row_473,473,call_13cd6b52568a4f4f,"医院名称：北京市朝阳区劲松街道百环家园社区卫生服务站,产品名称：强力枇杷露,商品名：无,剂型：糖浆剂,规格：250ml,生产企业：哈尔滨市康隆药业有限责任公司,配送企业：,订购数量：0,批准文号：国药准字Z23023220",,,强力枇杷露,0.0,,False,True,pydantic_direct
matched_row_474,474,call_c18f46d3f76a4667,"项目编号 202001000192 项目名称 重庆飞亚实业有限公司建（构）筑物拆除及闲置机器设备一批 交易方式 网络竞价 受让方名称 重庆本瀚废旧物资回收有限公司 转让标的评估值或账面净值 2,361,300元 人民币 成交金额 3,141,300元 人民币 成交日期 2020-03-17",,,建（构）筑物拆除及闲置机器设备,,3141300.0,True,True,pydantic_direct
matched_row_475,475,call_042c0c1de9c040fc,"重庆市InSAR技术地质灾害识别项目(20C0024)结果公告 发布日期： 2020年3月17日 一、项目号：20C0024 采购执行编号：TC209D016 二、项目名称：重庆市InSAR技术地质灾害识别项目 三、采购方式：竞争性磋商 四、评审日期： 2020年3月11日 五、公告日期： 2020年3月17日 六、成交结果 分包号：1 分包内容 金额（元） 成交供应商 地址 服务要求 其他 渝东北城镇群InSAR技术地质灾害识别项目 ￥2,684,000",,,渝东北城镇群InSAR技术地质灾害识别项目,,2684000.0,False,True,pydantic_direct
matched_row_476,476,call_ff49b024cbe24cc7,"医院名称：北京丰台华山医院,产品名称：维生素B1,商品名：无,剂型：素片,规格：10mg,生产企业：天津金世制药有限公司,配送企业：,订购数量：0,批准文号：国药准字H12020317",,,维生素B1,0.0,,False,True,pydantic_direct
matched_row_477,477,call_076e428b06d54fa3,"医院名称：北京长城中医医院,产品名称：清热解毒口服液,商品名：无,剂型：合剂（含口服液）,规格：200ml,生产企业：武汉贝参药业股份有限公司,配送企业：,订购数量：0,批准文号：国药准字Z42021574",,,清热解毒口服液,0.0,,False,True,pydantic_direct
matched_row_478,478,call_cd8d5eadcc4c4ebf,石河子科技创业园物业服务中标公告 1、项目名称:石河子科技创业园物业服务 2、招标编号:BTJY08CGGK2019335 3、招标结果确定日期:2020年03月16日 4、中标情况:/ 分包名称 分包内容 中标供应商名称 中标供应商地址 中标金额(元) 石河子科技创业园物业服务 石河子科技创业园物业服务 乌鲁木齐准噶尔物业服务有限公司 乌鲁木齐市新市区温州街36号 1633350.00元 5、其他(协议供货、定点采购项目信息):/ 6、评标委员会成员名单 采购人代表:任雪 评审专家:李建江、闫铭、刘海琴、韩蕾、秦雪静 7、公告截止时间(1个工作日):2020年03月18日 备注: / 8、代理费收取标准:按石财建【2012】8号文计取 9、代理费金额:10033.00元 10、本项目采购人: 石河子市创新创业科技服务有限公司 地址: 石河子高新区 本项目采购人联系人: 秦雪静 本项目采购人电话: 09932813073 采购代理机构: 石河子天一工程建设服务有限责任公司 地址: 石河子开发区北四东路11-C2号 项目联系人: 汪芳 联系电话: 17709937881,,,石河子科技创业园物业服务,,1633350.0,False,True,pydantic_direct
matched_row_479,479,call_0422f27e8bd5405a,摘要信息 标题: 浙江中际工程项目管理有限公司关于衢江区住建局衢江区2020年度市政基础设施养护及防汛应急服务项目的中标(成交)结果公告 包件编码: D0191330000MA27U0684D202003178961925 公示开始时间: 2020-03-17 公示结束时间: 2020-03-17 中标人名称: 衢州市康达市政工程有限公司 中标价格: 4263224.00元 信息来源平台: 衢江区 信息来源时间: 2020-03-17,,,衢江区2020年度市政基础设施养护及防汛应急服务项目,,4263224.0,False,True,pydantic_direct
matched_row_480,480,call_337466276d81482c,"受广西武鸣乾鸣投资发展有限责任公司委托，重庆西恒工程咨询有限公司对灵水回建安置小镇路网茂岭路北段工程设计服务进行了竞争性磋商采购，现将中标/成交结果公告如下： 一、项目编号：CQXHGX-2020-001 项目名称：灵水回建安置小镇路网茂岭路北段工程设计服务 二、采购信息公告日期：2020年02月28日 定标日期：2020年03月10日 三、中标/成交供应商名称：广西汉和建筑规划设计有限公司 地址：广西-东盟经济技术开发区武华大道37号华强会展综合楼6楼608-1室 中标/成交金额：陆拾肆万伍仟元 成交标的的名称、规格型号、数量、单价、服务要求：1.成交供应商名称：广西汉和建筑规划设计有限公司。 2.成交供应商地址：广西-东盟经济技术开发区武华大道37号华强会展综合楼6楼608-1室。 3.成交金额：陆拾肆万伍仟元整（?645,000.00）。 4.提交服务成果时间 ：签订合同之日起15日历天内完成方案设计；设计方案经相关部门批准后15日历天内完成初步设计；初步设计审查批准后30日历天内完成所有施工图设计（含预算编制）；施工图设计经审查后30日历天内完成补充、修改。 5.主要成交标的名称、规格型号、数量、单价、服务要求（详见附件）。 评审专家名单：胡永瑰、杜霞、陈怫燃。 交货期/工期：签订合同之日起15日历天内完成方案设计；设计方案经相关部门批准后15日历天内完成初步设计；初步设计审查批准后30日历天内完成所有施工图设计（含预算编制）；施工图设计经审查后30日历天内完成补充、修改。 四、采购单位地址： 采购单位联系人姓名和电话：韦工 0771-6251058 采购代理机构：重庆西恒工程咨询有限公司 采购代理机构地址：贵港市港宁花园一区北面3栋43号（兴贵路137号） 采购代理机构电话和传真：15507855005 15507855005 采购代理机构项目负责人姓名和电话：邓工15507855005 五、监督部门：武鸣区财政局 质疑电话：0771-5595777 投诉电话：6236997 发布时间： 2020年03月17日 投标保证金的退还程序提示 1.非中标人的投标保证金退还。《中标通知书》发出后，招标人或招标代理机构应在3个工作 日内向交易中心提供《非中标人投标保证金退还通知书》，交易中心应在收到通知书之后的2 个工作日内办理非中标人的投标保证金退还手续。 2.中标人的投标保证金退还。招标人与中标人签订项目合同后，应在3个工作日向交易中心提 供《中标人投标保证金退还通知书》，交易中心在收到通知书之后的2个工作日内办理中标人 的投标保证金退还手续。",,,灵水回建安置小镇路网茂岭路北段工程设计服务,,645000.0,False,True,pydantic_direct
matched_row_481,481,call_a5cbb772ff0b47db,实施地：晋城市 所属行业：道路运输业 依据文件：关于高平经济技术开发区兴园路（米山工业大道-S331）道路工程可行性研究报告的批复 依据文号：高发改审字[2019]75号文 招标组织形式：委托招标 开标时间：2020-04-08 公示期： 2020-04-08至2020-04-11,,,高平经济技术开发区兴园路（米山工业大道-S331）道路工程,,,False,True,pydantic_direct
matched_row_482,482,call_1c8b070a226f48bd,"医院名称：北京市东城区体育馆路社区卫生服务中心,产品名称：复方鲜竹沥液,商品名：无,剂型：合剂（含口服液）,规格：20ml,生产企业：江西济民可信药业有限公司,配送企业：,订购数量：0,批准文号：国药准字Z36021946",,,复方鲜竹沥液,0.0,,False,True,pydantic_direct
matched_row_483,483,call_044af03fcf19471f,大理白族自治州中心血站采购检测试剂盒采购项目 中标公告 云南凯乐普招标代理有限公司受大理白族自治州中心血站的委托，组织的大理白族自治州中心血站采购检测试剂盒采购项目（招标编号：KCG202003007），于2020年4月14日上午9:30时在大理市下关万花路东段政务服务大楼4楼大理公共资源交易中心2号开标厅进行公开招标。经评标委员会综合评审推荐，招标人确认后，现将中标结果公告如下： 中标单位：昆明伽美仪经贸有限公司 投标总报价：6220800.00元 采购,,,检测试剂盒,,6220800.0,False,True,pydantic_direct
matched_row_484,484,call_11b09b5ef58349fa,"医院名称：沙河社区卫生服务中心,产品名称：妇科千金胶囊,商品名：无,剂型：胶囊剂,规格：0.4g,生产企业：株洲千金药业股份有限公司,配送企业：,订购数量：0,批准文号：国药准字Z20020024",,,妇科千金胶囊,0.0,,False,True,pydantic_direct
matched_row_485,485,call_52109499963d4f29,"医院名称：北京北亚中医医院,产品名称：地高辛,商品名：无,剂型：素片,规格：0.25mg,生产企业：上海上药信谊药厂有限公司,配送企业：,订购数量：0,批准文号：国药准字H31020678",,,地高辛,0.0,,False,True,pydantic_direct
matched_row_486,486,call_c31fdcbb255e47ca,"医院名称：北京市朝阳区呼家楼街道金台北街社区卫生服务站,产品名称：坎地沙坦酯,商品名：奥必欣,剂型：分散片,规格：8mg,生产企业：昆明源瑞制药有限公司,配送企业：,订购数量：0,批准文号：国药准字H20133028",,,坎地沙坦酯,0.0,,False,True,pydantic_direct
matched_row_487,487,call_125913ac1c8e4fa2,"医院名称：北京市怀柔区庙城镇卫生院,产品名称：氨氯地平,商品名：压氏达,剂型：素片,规格：5mg,生产企业：华润赛科药业有限责任公司,配送企业：,订购数量：0,批准文号：国药准字H20010700",,,氨氯地平,0.0,,False,True,pydantic_direct
matched_row_488,488,call_9a65a436f9824192,"医院名称：北京市海淀区上地社区卫生服务中心,产品名称：氨基葡萄糖,商品名：维固力,剂型：胶囊剂,规格：0.25g(以硫酸氨基葡萄糖计),生产企业：爱尔兰罗达药厂(Rottapharm Ltd),配送企业：,订购数量：0,批准文号：H20090797",,,氨基葡萄糖,0.0,,False,True,pydantic_direct
matched_row_489,489,call_ee70b19f55364e21,"医院名称：北京市崇文区新景家园社区卫生服务站,产品名称：清热解毒口服液,商品名：无,剂型：合剂（含口服液）,规格：10ml,生产企业：江西济民可信药业有限公司,配送企业：,订购数量：0,批准文号：国药准字Z19993096",,,清热解毒口服液,0.0,,False,True,pydantic_direct
matched_row_490,490,call_a57f7d7a74e74360,"医院名称：北京市朝阳区十八里店地区十八里店社区卫生服务站,产品名称：开胸顺气丸,商品名：无,剂型：水丸,规格：6g,生产企业：北京同仁堂科技发展股份有限公司制药厂,配送企业：,订购数量：0,批准文号：国药准字Z11020148",,,开胸顺气丸,0.0,,False,True,pydantic_direct
matched_row_491,491,call_1f1629e71f4d415e,"医院名称：中日友好医院,产品名称：喜炎平注射液,商品名：无,剂型：注射液,规格：5ml:125mg,生产企业：江西青峰药业有限公司,配送企业：,订购数量：0,批准文号：国药准字Z20026249",,,喜炎平注射液,0.0,,False,True,pydantic_direct
matched_row_492,492,call_c49e6a2b5191475b,"医院名称：北京市房山区阎村镇社区卫生服务中心,产品名称：康复新液,商品名：无,剂型：合剂（含口服液）,规格：120ml,生产企业：湖南科伦制药有限公司,配送企业：,订购数量：0,批准文号：国药准字Z43020995",,,康复新液,0.0,,False,True,pydantic_direct
matched_row_493,493,call_7b56deb98fc045f6,"医院名称：北京市朝阳区豆各庄社区卫生服务中心,产品名称：雪山金罗汉止痛涂膜剂,商品名：无,剂型：涂膜剂,规格：45ml,生产企业：西藏诺迪康药业股份有限公司,配送企业：,订购数量：0,批准文号：国药准字Z20010095",,,雪山金罗汉止痛涂膜剂,0.0,,False,True,pydantic_direct
matched_row_494,494,call_3f3d320cfd034a0f,"1、项目名称： 福建信息职业技术学院图书档案设备采购项目 2、项目编号： [3500]ZY[CS]2020001 3、采购人名称： 福建信息职业技术学院 地址： 福州市鼓楼区福飞路106号 项目负责人： 张冬 联系电话： 0591－87866002 4、代理机构名称： 福建省中亿通招标咨询有限公司 地址： 福州市鼓楼区南街街道杨桥路99号三友大厦13B单元 经办人： 黄静 联系电话： 0591-87527653 5、采购公告日期： 2020-03-03 6、采购结果确定日期： 2020-03-16 7、资格性及符合性审查情况： 各供应商均通过符合性和资格性审查。 8、成交情况： 包2 合同包 品目号 品目编号 品目名称 商品名称 品牌 规格型号 数量 单价 总价 2 2-1 A020499 其他图书档案设备 图书档案消毒设备 超越 CY-1601 6 49650元 297900元 服务要求或标的的基本概况 2-1详见磋商响应文件 中标供应商名称 福州天益达信息技术有限公司 中标供应商地址 福建省福州市仓山区建新镇闽江大道116号正祥香槟风范9号楼1层09店面-2 中标金额 297900.0000元 9、收费金额：0.44685万元 收费标准：1）以成交通知书规定的成交金额作为收费的计算基数,按差额定率累进法计算。2）收费费率标准：成交金额（万元）100以下，收费费率标准1.50％；成交金额（万元）100－500，收费费率标准1.1％；中标金额（万元）500－1000，收费费率标准0.8％；成交金额（万元）1000－5000，收费费率标准0.5％…… 3）代理服务费的缴纳方式：a.成交人应在领取中标通知书的同时按规定的标准一次性向采购代理机构缴纳代理服务费。b.代理服务费以银行转账、电汇、汇票或现金等付款方式交纳。4）代理服务费缴交账号：开户名：福建省中亿通招标咨询有限公司，开户行：中国工商银行股份有限公司福州屏山支行，账号：1402201009600007936。 10、其他（协议供货、定点采购项目信息）：/ 11、磋商小组成员名单 采购人代表： 张冬 (包2) 评审专家： 陈秀莹,张玉源 12、公告期限为本公告之日起1个工作日。 福建省中亿通招标咨询有限公司 2020年03月17日",,,图书档案消毒设备,6.0,297900.0,True,True,pydantic_direct
matched_row_495,495,call_c9a1c7bfd23949f8,1、项目名称:高新区沙文园区市政排水管道普查检测项目 2、项目编号: DSX-2020-002 3、项目序列号: 2020-ZFCG-0210 4、项目联系人: 付港宪 5、项目联系人电话: 13967486325 6、项目用途、简要技术要求及合同履行日期: 详见采购文件 7、采购方式: 公开招标 8、采购日期 2020-03-17 9、公告媒体 中国政府采购网、贵州省政府采购网、贵阳市政府采购网、贵阳市公共资源交易中心网站 10、评审时间: 2020-0,,,高新区沙文园区市政排水管道普查检测项目,,,False,True,pydantic_direct
matched_row_496,496,call_241c121cb1154bb1,青海祁连山生态保护与建设综合治理工程2019年度德令哈市沙化草地治理项目监理中标结果公示 （招标编号：E6301000076019009001） 公示发布时间：2020年03月17日 一、中标人信息： 中标人：青海兴青工程监理咨询有限公司 中标价格：167400.000元 二、招标文件规定公示的其他内容： 三、监督部门 本招标项目的监督部门为：海西州林业和草原局 四 、联系方式 招标人：德令哈市林业和草原局 招标代理机构：青海正佳工程项目管理有限公司 地 ,,,沙化草地治理项目监理,,167400.0,False,True,pydantic_direct
matched_row_497,497,call_30ce9e0085f34a7a,"医院名称：北京市通州区漷县镇觅子店社区卫生服务中心,产品名称：布洛芬,商品名：无,剂型：缓释胶囊,规格：0.3g,生产企业：珠海联邦制药股份有限公司中山分公司,配送企业：,订购数量：0,批准文号：国药准字H19983137",,,布洛芬,0.0,,False,True,pydantic_direct
matched_row_498,498,call_08b9fa54982d496f,"医院名称：北京市丰台区南苑社区卫生服务中心,产品名称：银丹心脑通软胶囊,商品名：无,剂型：软胶囊(胶丸),规格：0.4g,生产企业：贵州百灵企业集团制药股份有限公司,配送企业：,订购数量：0,批准文号：国药准字Z20027144",,,银丹心脑通软胶囊,0.0,,False,True,pydantic_direct
matched_row_499,499,call_66b5684bc6274562,"医院名称：北京市石景山区妇幼保健院,产品名称：缩宫素,商品名：无,剂型：注射液,规格：1ml:10IU,生产企业：南京新百药业有限公司,配送企业：,订购数量：0,批准文号：国药准字H32025281",,,缩宫素,0.0,,False,True,pydantic_direct
matched_row_500,500,call_05e8cd6e26734f8b,"医院名称：北京安达医院,产品名称：解郁安神颗粒,商品名：无,剂型：颗粒剂,规格：5g,生产企业：北京亚东生物制药有限公司,配送企业：,订购数量：0,批准文号：国药准字Z20055540",,,解郁安神颗粒,0.0,,False,True,pydantic_direct
matched_row_501,501,call_b88d2b56e5f84799,"医院名称：北京市丰台区朱家坟社区卫生服务中心,产品名称：复方甘草,商品名：无,剂型：素片,规格：复方,生产企业：广州粤华制药有限公司,配送企业：,订购数量：0,批准文号：国药准字H44021404",,,复方甘草,0.0,,False,True,pydantic_direct
matched_row_502,502,call_1183158fb9b04844,"医院名称：北京市海淀区上地社区卫生服务中心,产品名称：仁青芒觉丸,商品名：无,剂型：水丸,规格：1g-1.5g,生产企业：西藏甘露藏药股份有限公司,配送企业：,订购数量：0,批准文号：国药准字Z54020055",,,仁青芒觉丸,0.0,,False,True,pydantic_direct
matched_row_503,503,call_46f87d9064ca4362,"所属区域： 黑龙江-齐齐哈尔-龙江县 中标商： 加入时间： 2018.10.17 中标金额： 摘要：本公告受业主方委托发布，发布日期：2018-10-18，公告主要内容为：黑龙江齐齐哈尔宁安市高效节水灌溉项目2018年度第五标段三次项目宁安市高效节水灌溉项目2018年度第五标段三次标段交易证明书，所属区域：黑龙江-齐齐哈尔-龙江县，所属行业分类：其他，公告类型：中标公告。 黑龙江公共资源交易平台 Platform Of Public Resources Trading 交易证明书 Trading Certificate 宁安市高效节水灌溉项目（2018年度）第五标段（三次）项目 宁安市高效节水灌溉项目（2018年度）第五标段（三次）标段（包）在黑龙江公共资源交易平台完成交易。成交金额（元）： 1435780。 甲方： 宁安市高效节水灌溉项目建设管理处 乙方： 北京慧图科技股份有限公司 特此证明。 2018年10月17日 关键字：其他,黑龙江",,,宁安市高效节水灌溉项目（2018年度）第五标段（三次）,,1435780.0,True,True,pydantic_direct
matched_row_504,504,call_4d7dfdb75ac841f4,清丰县第六批小型农田水利重点县2016年度结余资金项目 第五标段(三次)评标结果公示 清丰县第六批小型农田水利重点县2016年度结余资金项目第五标段（三次）开标会议于2017年10月19日上午09时（北京时间）在濮阳市公共资源交易中心三楼开标室准时召开。 一、招标项目名称及编号 项目名称：清丰县第六批小型农田水利重点县2016年度结余资金项目第五标段（三次） 招标编号：DZ(2017)0061 二、评审结果 评标委员会按照招标文件要求对各投标人的投标文件认真评审，推荐中标候选人如下： 第五标段：地下水远程智能控制系统中标候选人： 第一中标候选人：河南四通复合材料有限公司 中标金额：754776.81元 中标工期：70日历天 第二中标候选人：河南四通精密模具有限公司 中标金额：760048.38元 中标工期：70日历天 第三中标候选人：河南省五方农田灌溉机电设备有限公司 中标金额：765312.07元 中标工期：70日历天 三、评标结果公示期： 2017年10月20日至2017年10月24日（不少于3日，法定节假日除外） 四、异议和投诉 投标人或者其他利害关系人对依法必须进行招标的项目的评标结果有异议的，应在公示期内以书面形式向招标人提出异议；招标人应自收到异议之日起3日内进行书面答复；作出答复前，应当暂停招标投标活动。异议书可同时抄送该招标项目的行政监督部门。 投标人或者其他利害关系人对异议答复不满，认为招标投标活动不符合法律、行政法规规定的，应自评标结果公示之日起10内（异议答复期间不计算在内），按照《中华人民共和国招标投标法实施条例》、《工程建设项目招标投标活动投诉处理办法》（七部委第11号令：2004年8月施行，九部委23号令修改）等规定向有关行政监督部门提出书面投诉。 未先进行异议的，投诉不予受理。 四、行政监督部门及联系方式： 水行政监督部门：清丰县水利局 电 话：0393-7238517 地 址：清丰县城秀水路18号 五、招标人及联系方式 招 标 人：清丰县小型农田水利工程建设管理局 联 系 人： 李先生 联系电话： 0393-7238770 招标代理机构：陕西鼎正项目管理有限公司 联系人：赵先生 联系电话：15083233199 2017年10月20日,,,地下水远程智能控制系统,,754776.81,True,True,pydantic_direct
matched_row_505,505,call_b07c2c945ec94ea5,东乌珠穆沁旗2019年饮水安全巩固提升工程（二次）项目中标公示 根据《中华人民共和国建筑法》、《中华人民共和国招投标法》等有关法律、法规依法组成评标委员会，评标委员会根据招标文件、评标办法、定标的有关规定，严格按照开、评标的法定程序，确定招标结果，现予以公示。 在公示期内，如对本项目招投标过程及结果有质疑的，应以书面形式（署名）向招标人（招标代理机构）提出；如发现本项目招投标过程中有违法违规行为，向有关行政监督部门投诉。 招标人：东乌珠穆沁旗水利建设综合工,,,东乌珠穆沁旗2019年饮水安全巩固提升工程（二次）项目,,,False,True,pydantic_direct
matched_row_506,506,call_e25ee9d5f47a442b,项目名称：邢台市地下水超采综合治理试点项目水资源监控系统建设工程第五标段、第十三标段（二次）招标 项目编号：HBZC-XTS150205 采购人名称：邢台市水资源监控系统建设管理处 采购人联系人：张殿相 0319-2210191 采购代理机构全称：河北至成招标有限公司 采购代理机构地址：石家庄市新石中路375号 采购代理机构联系方式：曹京 0311-83806708-807 采购内容： 第5标段：内丘县，8个监测站，进尺数为1374米。 第13标段：任县，,,,监测站,8.0,,True,True,pydantic_direct
matched_row_507,507,call_e93da60e6388469d,"医院名称：北京市平谷区平谷镇社区卫生服务中心,产品名称：替米沙坦,商品名：尼德舒,剂型：素片,规格：40mg,生产企业：南通华山药业有限公司,配送企业：,订购数量：0,批准文号：国药准字H20080114",,,替米沙坦,0.0,,False,True,pydantic_direct
matched_row_508,508,call_ab6709efdd2249d8,"医院名称：北京德尔康尼骨科医院有限公司,产品名称：低分子肝素,商品名：无,剂型：注射液,规格：0.4ml:4100IU,生产企业：南京健友生化制药股份有限公司,配送企业：,订购数量：0,批准文号：国药准字H20153092",,,低分子肝素,0.0,,False,True,pydantic_direct
matched_row_509,509,call_85e9d95144c74d25,河南中天招标代理有限公司受中牟县官渡镇人民政府的委托，就其中牟县官渡镇周庄社区外网工程二期项目第二标段（三次）以公开招标的方式进行招标，现就本次招标的评标结果公布如下： 一、项目概况： 项目名称：中牟县官渡镇周庄社区外网工程二期项目 第二标段（三次） 招标编号：中牟政采公开-2018-04-24 项目编号：牟公资建-2018-0620-139 二、发布招标公告的日期：2018年06月26日 三、评标信息： 评标时间：2018年08月09日 评标地点：中牟县公共资源交易中心第二评标室 评标委员会名单：李秀菊、候艳惠、李旗征、徐进、吴士杰 四、评审结果： 第一中标候选人：启晗电力建设集团有限公司 中标报价：2830586.74元 工期：90日历天 质量标准：达到国家质量验收规范合格标准 第二中标候选人：河南恒电昌景电力工程有限公司 中标报价：2834226.57元 工期：90日历天 质量标准：达到国家质量验收规范合格标准 第三中标候选人：河南博元电力科技股份有限公司 中标报价：2795385.12元 工期：90日历天 质量标准：达到国家质量验收规范合格标准 五、发布媒介： 本次公告在《中国招标投标公共服务平台》、《河南省政府采购网》、《中牟县公共资源交易中心》、《中牟县政府采购网》上发布。 六、本次招标联系事项： 招标人：中牟县官渡镇人民政府 联系人：吴老师 联系电话：15990136182 招标代理机构：河南中天招标代理有限公司 联系人：王先生 联系电话：0371—63288040 联系地址：郑州市金水区姚砦路133号金成时代广场9号楼2502室 各有关当事人对评标结果有异议的，可以在结果公示发布之日起三个工作日内以书面形式同时向招标人和招标代理机构提出质疑（加盖单位公章且法人签字），有法定代表人或其授权代表携带企业营业执照复印件（加盖公章）及本人身份证（原件）一并提交（邮寄、传真件不予受理），并以质疑函接受确认日期作为受理时间。逾期未提交或未按照要求提交的质疑函将不予受理。 2018年8月10日 中牟县官渡镇周庄社区外网工程二期项目第二标段（三次）: 启晗电力建设集团有限公司； 河南恒电昌景电力工程有限公司； 河南博元电力科技股份有限公司； 河南安卓电气有限公司；,,,中牟县官渡镇周庄社区外网工程二期项目 第二标段,,2830586.74,False,True,pydantic_direct
matched_row_510,510,call_0685151d04fa460d,科浦佳苑安置房一期工程（1#、2#、3#、4#、5#及地下室）供配电工程设计施工总承包中标结果公示 项目名称：科浦佳苑安置房一期工程（1#、2#、3#、4#、5#及地下室）供配电工程设计施工总承包。 招标人：漳州市龙文区城市建设开发中心，联系人及电话：陈先生，0596-2128375。 招标代理单位：青岛信达工程管理有限公司，联系人及电话:小何，0596-2021133。 交易地点：漳州市新华南路工会大厦行政服务中心四楼-漳州市工程项目交易中心。 招标方式：公开招标。 评标办法：综合评估法。 开标时间：2020年01月21日北京时间08:30时。 中标人: 华中建设开发集团有限公司＆福建鑫仁和电力发展有限公司。 中标价：①设计费（含勘察费）的费率报价为大写百分之贰点玖贰（小写2.92%）；②建安费的费率报价为大写百分之玖拾点捌（小写90.8%）。 项目负责人：胡金龙，级别：壹级，证书编号：湘143161770478。 设计负责人：蔡有志，证书编号：闽z109-74318。 施工负责人：宋亮松，证书编号：A08031919936000792。 建设工期：合同签订后 30 日历天内提供通过国网龙文区供电有限公司审查合格的正式施工图；合同签订后120日历天内完成本项目小区配电室所有工程量且通过电力部门验收并顺利送电。 质量要求：（1）工程设计质量要求满足国家及行业标准，达到国家现行设计规范及相关法律法规的要求；（2）工程施工质量要求符合现行《工程施工质量验收规范》合格要求且通过电力部门验收并送电；（3）需配合项目相关消防、环保验收合格。 评委名称：赖明阳（组长）、陈开亮、曾龙泉、叶少青、郑丽凤。 公示日期：2020年01月22日起至2020年01月31日止 。 招标人：漳州市龙文区城市建设开发中心 招标代理机构：青岛信达工程管理有限公司 2020年01月22日,,,科浦佳苑安置房一期工程（1#、2#、3#、4#、5#及地下室）供配电工程设计施工总承包,,,False,True,pydantic_direct
matched_row_511,511,call_bd14b4b7091e4a70,"医院名称：航空总医院,产品名称：尪痹片,商品名：无,剂型：薄膜衣片,规格：0.5g,生产企业：辽宁上药好护士药业(集团)有限公司,配送企业：,订购数量：0,批准文号：国药准字Z20044066",,,尪痹片,0.0,,False,True,pydantic_direct
matched_row_512,512,call_1869197ed4b34a60,"医院名称：北京市海淀区四季青镇常青园社区卫生服务站,产品名称：胰岛素,商品名：无,剂型：注射液,规格：3ml:300单位,生产企业：诺和诺德(中国)制药有限公司,配送企业：,订购数量：0,批准文号：国药准字S20153001",,,胰岛素,0.0,,False,True,pydantic_direct
matched_row_513,513,call_79c27a848a3443b4,"医院名称：北京市丰台区右安门街道玉林社区卫生服务站,产品名称：血塞通软胶囊,商品名：无,剂型：软胶囊(胶丸),规格：每粒装0.33g(含三七总皂苷60mg),生产企业：昆明华润圣火药业有限公司,配送企业：,订购数量：240,批准文号：国药准字Z19990022",,,血塞通软胶囊,240.0,,False,True,pydantic_direct
matched_row_514,514,call_1400e6cb1a714c84,广西正东工程咨询有限公司受南丹县教育局的委托，就“南丹县六寨中学教学楼工程施工图设计服务”项目（项目编号：HCZC2019-C3-70060-GXZD）组织采购，评标工作已经结束，成交结果如下： 一、项目信息 项目编号：HCZC2019-C3-70060-GXZD 项目名称：南丹县六寨中学教学楼工程施工图设计服务 项目联系人：韦工 联系方式：0778-2290801；18977806623 二、采购单位信息 采购单位名称：南丹县教育局 采购单位地址：南丹县民生街 采购单位联系方式：石老师 联系电话：0778-7232017 三、采购代理机构信息 采购代理机构全称：广西正东工程咨询有限公司 采购代理机构地址：韦工 联系电话：0778-2290801；18977806623 采购代理机构联系方式：金城江区金旅国际投资大厦第15层2单元2-1501 四、成交信息 招标文件编号：HCZC2019-C3-70060-GXZD 本项目招标公告日期：2019年12月19日 成交日期：2019年12月31日 总成交金额：24.0 万元（人民币） 成交供应商名称、地址及成交金额： 序号 成交供应商名称 成交供应商联系地址 成交金额(万元) 1 广西恒企工程技术集团有限公司 南宁市兴宁区望州南路83号二楼 24.000000 本项目代理费总金额：0.36 万元（人民币） 本项目代理费收费标准： 以采购人与采购代理机构签订的代理协议收费 谈判小组、询价小组、磋商小组成员名单及单一来源采购人员名单： 兰冬冬、兰艳琴、邹新峰 五、项目用途、简要技术要求及合同履行日期： / 六、成交标的名称、规格型号、数量、单价、服务要求： 一、成交标的名称：南丹县六寨中学教学楼工程施工图设计服务 二、项目编号：HCZC2019-C3-70060-GXZD 三、成交内容：南丹县六寨中学教学楼工程方案设计、初步设计、施工图设计及施工配合服务。如需进一步了解详细内容，详见磋商采购文件。 四、设计服务期：15日历天（完成方案设计、初步设计、施工图设计，并提交成果文件，工程竣工验收前提供设计技术咨询服务）。 五、质量要求：⑴应严格执行国家、自治区有关法律法规、标准规范和各类工程建设强制性标准进行设计。⑵应当对其设计数据和设计报告的真实性和准确性负责。⑶不得转包工程设计业务，也不能给第三者挂靠。 七、其它补充事宜 广西正东工程咨询有限公司 南丹县六寨中学教学楼工程施工图设计服务 （项目编号：HCZC2019-C3-70060-GXZD） 成交结果公告 广西正东工程咨询有限公司受南丹县教育局的委托，根据《中华人民共和国政府采购法》等有关规定，于2019年12月31日就南丹县六寨中学教学楼工程施工图设计服务采用竞争性磋商进行采购，现就本次磋商的成交结果公告如下： 采购项目名称及编号：项目名称：南丹县六寨中学教学楼工程施工图设计服务 项目编号：HCZC2019-C3-70060-GXZD 二、采购项目简要说明： 采购内容：南丹县六寨中学教学楼工程方案设计、初步设计、施工图设计及施工配合服务。 设计服务期：15日历天（完成方案设计、初步设计、施工图设计，并提交成果文件，工程竣工验收前提供设计技术咨询服务）。 质量要求：⑴应严格执行国家、自治区有关法律法规、标准规范和各类工程建设强制性标准进行设计。⑵应当对其设计数据和设计报告的真实性和准确性负责。⑶不得转包工程设计业务，也不能给第三者挂靠。 三、公告媒体及日期：2019年12月19日 中国政府采购网（http://www.ccgp.gov.cn/）、 广西壮族自治区政府采购网（http://zfcg.gxzf.gov.cn/）、 南丹县政府网（http://www.gxnd.gov.cn/）。 四、评标日期：2019年12月31日 评标地点：广西正东工程咨询有限公司（金城江区金旅国际投资大厦第15层2单元2-1501）。 磋商小组成员名单：兰冬冬、兰艳琴、邹新峰。 五、成交信息： 1.成交供应商名称：广西恒企工程技术集团有限公司 2.成交供应商地址：南宁市兴宁区望州南路83号二楼 3.成交金额：贰拾肆万元整（￥240000.00元） 4.主要成交标的名称、项目编号、成交内容、设计服务期及质量要求（见附件2） 六、联系事项： 1.采购人名称：南丹县教育局 地址：南丹县民生街 联系人及电话：石老师，0778-7232017 2.采购代理机构名称：广西正东工程咨询有限公司 地址：金城江区金旅国际投资大厦第15层2单元2-1501 项目联系人：韦工 联系电话:0778-2301599 3.监督部门: 南丹县政府采购领导小组办公室 电话:0778-7215214 七、服务费： 招标代理服务费：按照“计价格[2002] 1980号文”以及“发改价格[2011]534号文”收费标准，在成交单位领取成交通知书时，由成交单位一次性向采购代理机构支付完毕。 收费金额：3600.00元。 八、成交结果公告期限：自成交结果公告发布之日起一个工作日。 供应商认为成交结果使自己的权益受到损害的，可以在成交结果公告期限届满之日起七个工作日内以书面形式向采购人南丹县教育局或受托代理机构广西正东工程咨询有限公司提出质疑，逾期将不再受理。 附：1.竞争性磋商文件 2.主要成交标的名称、项目编号、成交内容、设计服务期及质量要求 广西正东工程咨询有限公司 2020年1月2日,,,南丹县六寨中学教学楼工程施工图设计服务,,240000.0,False,True,pydantic_direct
matched_row_515,515,call_eac645cdfc554062,"医院名称：房山区良乡地区西街社区卫生服务站,产品名称：开塞露(含甘油),商品名：无,剂型：溶液剂,规格：20ml,生产企业：绵阳一康制药有限公司,配送企业：,订购数量：0,批准文号：国药准字H51021642",,,开塞露(含甘油),0.0,,False,True,pydantic_direct
matched_row_516,516,call_b16e1cef67f8488c,"医院名称：北京市房山区燕山地区社区卫生服务中心,产品名称：补中益气合剂,商品名：无,剂型：合剂（含口服液）,规格：10ml,生产企业：江西济民可信药业有限公司,配送企业：,订购数量：0,批准文号：国药准字Z36020467",,,补中益气合剂,0.0,,False,True,pydantic_direct
matched_row_517,517,call_c012b316f6a54c29,"医院名称：北京市丰台区卢沟桥乡太平桥村社区卫生服务站,产品名称：福辛普利,商品名：蒙诺,剂型：素片,规格：10mg,生产企业：中美上海施贵宝制药有限公司,配送企业：,订购数量：0,批准文号：国药准字H19980197",,,福辛普利,0.0,,False,True,pydantic_direct
matched_row_518,518,call_b13a18dcdf804fad,"医院名称：北京市海淀区四季青镇常青园社区卫生服务站,产品名称：格列美脲,商品名：亚莫利,剂型：素片,规格：2mg,生产企业：赛诺菲(北京)制药有限公司,配送企业：,订购数量：0,批准文号：国药准字H20057672",,,格列美脲,0.0,,False,True,pydantic_direct
matched_row_519,519,call_e00a5be9d76e4f01,平和县安厚镇鸽溪桥危桥改造工程 中标结果公示 工程名称：平和县安厚镇鸽溪桥危桥改造工程 招标人：平和县安厚镇龙门村民委员 联系方式：赖先生 13607553878 代理单位：福建正恒工程项目管理有限公司 联系方式：小孙0596-2036508 项目的规模：本项目桥梁长度66.04米，桥宽组成：0.5米（防撞墙）+5.0米（行车道）+0.5米（防撞墙）=6.0米。下部结构采用桩接盖梁式桥台、直径120cm钻孔灌注桩基础，桥墩采用双柱式桥墩、柱径120cm、桩,,,平和县安厚镇鸽溪桥危桥改造工程,,,False,True,pydantic_direct
matched_row_520,520,call_66f541185f0e4c65,"1、项目名称： 莆田市秀屿国家级木材贸易加工示范区管理委员会园区安保服务采购 2、项目编号： [350305]B[GK]2019001 3、采购人名称： 莆田市秀屿国家级木材贸易加工示范区管理委员会 地址： 莆田市秀屿区东峤镇前沁村 项目负责人： 陈先生 联系电话： 18059972208 4、代理机构名称： 福建立信招投标管理有限公司 地址： 莆田市荔城区镇海街道丰美开发小区702室 评审部经办人： 杨志鹏 联系电话： 0594-2290239 5、招标公告日期： 2019-07-31 6、招标结果确定日期： 2019-08-26 7、资格性及符合性审查情况： 截至投标有效时间止，共收到福建省万亿保安服务有限公司、莆田市神盾保安服务有限公司和莆田市安盾保安服务有限公司这三家公司所递交的投标材料。经过评审，三家公司的资格及符合性审查均满足招标要求。 8、中标情况： 包1 合同包 品目号 品目编号 品目名称 商品名称 品牌 规格型号 数量 单价 总价 1 1-1 C0810 安全服务 园区安保服务采购项目 福建省万亿保安服务有限公司 / 1 360000元 360000元 服务要求或标的的基本概况 详见投标文件 中标供应商名称 福建省万亿保安服务有限公司 中标供应商地址 福建省沙县水南生态新城迎宾大道三明市电商产业园A7#商墅3层2单元-1 中标金额 360000.00元 9、收费金额：0.54万元 收费标准：中标金额的1.5% 10、其他（协议供货、定点采购项目信息）：无。 11、评标委员会成员名单 采购人代表： 陈庆来 (包1) 评审专家： 王娟,王金本,黄绳炳,李雪梅 12、公告期限为本公告之日起1个工作日。 福建立信招投标管理有限公司 2019年08月26日",,,园区安保服务采购项目,1.0,360000.0,False,True,pydantic_direct
matched_row_521,521,call_4ea58f8addfd4a45,中标结果公示 招标编号：E3502030201147520001 的白鹭洲酒店装修工程（设计）（重新招标）建设项 目的设计招标，招标人根据评标委员会推荐的中标候选人，于 2020年 3月 3 日至 2020年 3 月 5 日止，将评标结果进行了公示。公示期间结束后招标人已确定排名第一的中标候选人 为中标人。中标人的中标情况公布如下： 中标人 北京中外建建筑设计有限公司 投资额（万元） 4839.82 设计取费 (元) 1889800 项目设计负责人 姓名：,,,白鹭洲酒店装修工程（设计）,,1889800.0,False,True,pydantic_direct
matched_row_522,522,call_1d43bd901551463c,"标段编号: E5301000003021991001001 评标结束时间: --> 评标结果: 评标结果公示--> 评标结果公示正文: 评标结果公示 备案登记编号：KMJK2020020007 招标人 昆明创新园物业服务有限公司 联系电话 15925149333 招标代理机构 中科标禾工程项目管理有限公司 联系电话 15288453949 工程名称 中国能源建设集团云南火电建设有限公司职工家属区物业管理职能分离移交项目 开标时间 2020-03-12 09:30 开标地点 昆明市公共资源交易中心 招标方式 公开招标 评标办法 综合评估法 中标候选人名称 项目负责人 项目负责人相关证书名称和编号 技术负责人 技术负责人相关证书名称和编号 投标报价（元） 其他报价 综合评分得分 失信惩戒情况 工期（交货期） 质量 响应招标文件要求的资格能力条件 其他 投标人资质登记 信誉要求 企业业绩 项目经理业绩 技术负责人业绩 其他响应条件 第一中标候选人 云南启昌建设有限公司 崔春丽 贰级注册建造师证书（建筑工程）（滇201141534436）；安全生产考核合格B证（云建安B（2016）0000310-01） 王友全 工程师职称证书（14Y2017S083933） 6576606 / 89.44 无 90日历天 执行国家及地方相关验收标准，一次性验收合格。符合设计文件要求，满足国家现行规范及验收标准，按国家现行的质量标准《建筑工程施工质量验收统一标准》（GB50300-2013）一次验收合格（绿化工程按国家现行《城市绿化工程施工及验收规范》（CJJ/T82-99）、《昆明市城市园林绿化植物栽植工程技术规范（试行）》、《昆明市园林绿化养护技术规范》、《昆明市公园绿化规划种植设计导则（试行）》、《建设工程施工质量验收统一标准》（GB50300-2013）及国家其他现行相关技术标准、规范一次验收合格）。以上标准在验收时与最新实施的标准、规范不一致的，以最新实施的标准、规范为准。 / 在中华人民共和国境内依法成立，具有独立法人资格，具备有效的营业执照，且投标人名称与营业执照一致。具备建设行政主管部门核发的建筑工程施工总承包贰级资质和市政公用工程施工总承包贰级资质，并具备建设行政主管部门颁发的安全生产许可证（在有效期内），且投标人名称与资质证书、安全生产许可证一致。 信誉良好，无处于被责令停业，投标资格被取消，财产被接管、冻结、破产状态；自2017年1月1日起至今没有骗取中标和严重违约及重大工程质量、安全事故记录，且在全国各级信用信息共享平台无失信行为（提供承诺书及失信查询资料）。 1. 公寓管理中心2019年房屋维修、基建处一期食堂二楼卫生间改造项目；2.巍山县2017年度电子商务进农村综合示范项目一县级公共服务中心装修改造工程、县级物流配送服务中心改扩建工程；3.武警大理支队机关营房整治项目（二次招标）；4.嵩明县小街正东矿线路器材厂厂区零星维修改造工程；5.云南来源包装箱有限公司厂区零星维修改造工程； 未要求。 未要求。 技术负责人具备工程师职称。近年财务状况良好,提供近2年经审计的完整的财务报表及审计报告。 第二中标候选人 云南元九建筑工程有限公司 刘辛成 贰级注册建造师证书（建筑工程）（滇203111533269）；安全生产考核合格B证（云建安B（2012）0081585-11） 赵光朴 工程师职称证书（2011A001369） 6542542 / 84.88 无 90日历天 执行国家及地方相关验收标准，一次性验收合格。符合设计文件要求，满足国家现行规范及验收标准，按国家现行的质量标准《建筑工程施工质量验收统一标准》（GB50300-2013）一次验收合格（绿化工程按国家现行《城市绿化工程施工及验收规范》（CJJ/T82-99）、《昆明市城市园林绿化植物栽植工程技术规范（试行）》、《昆明市园林绿化养护技术规范》、《昆明市公园绿化规划种植设计导则（试行）》、《建设工程施工质量验收统一标准》（GB50300-2013）及国家其他现行相关技术标准、规范一次验收合格）。以上标准在验收时与最新实施的标准、规范不一致的，以最新实施的标准、规范为准 / 在中华人民共和国境内依法成立，具有独立法人资格，具备有效的营业执照，且投标人名称与营业执照一致。具备建设行政主管部门核发的建筑工程施工总承包叁级资质和市政公用工程施工总承包叁级资质，并具备建设行政主管部门颁发的安全生产许可证（在有效期内），且投标人名称与资质证书、安全生产许可证一致。 信誉良好，无处于被责令停业，投标资格被取消，财产被接管、冻结、破产状态；自2017年1月1日起至今没有骗取中标和严重违约及重大工程质量、安全事故记录，且在全国各级信用信息共享平台无失信行为（提供承诺书及失信查询资料）。 1、曲靖市烟草公司马龙分公司“三供一业”分离移交物业维修改造工程；2、曲烟小区二生活区物业维修改造项目；3、绿春县旧城临街建筑立面改造建设工程（县医院路口至卫生局路口片区涉及24幢建筑立面改造—第九标）施工招标；4、麒麟区北关小学室内维修；5、宣威分公司杨柳烟叶站围仗烟点大修理项目； 未要求。 未要求。 技术负责人具备工程师职称。近年财务状况良好,提供近3年经审计的完整的财务报表及审计报告。 第三中标候选人 云南欣宇建筑工程有限公司 李丹 贰级注册建造师证书（市政工程）（滇210171866356）；安全生产考核合格B证（云建安B（2018）0001796-00） 周俊松 工程师职称证书（01001102170129） 6610671 / 84.28 有 90日历天 执行国家及地方相关验收标准，一次性验收合格。符合设计文件要求，满足国家现行规范及验收标准，按国家现行的质量标准《建筑工程施工质量验收统一标准》（GB50300-2013）一次验收合格（绿化工程按国家现行《城市绿化工程施工及验收规范》（CJJ/T82-99）、《昆明市城市园林绿化植物栽植工程技术规范（试行）》、《昆明市园林绿化养护技术规范》、《昆明市公园绿化规划种植设计导则（试行）》、《建设工程施工质量验收统一标准》（GB50300-2013）及国家其他现行相关技术标准、规范一次验收合格）。以上标准在验收时与最新实施的标准、规范不一致的，以最新实施的标准、规范为准。 / 在中华人民共和国境内依法成立，具有独立法人资格，具备有效的营业执照，且投标人名称与营业执照一致。具备建设行政主管部门核发的建筑工程施工总承包贰级资质和市政公用工程施工总承包叁级资质，并具备建设行政主管部门颁发的安全生产许可证（在有效期内），且投标人名称与资质证书、安全生产许可证一致。 信誉良好，无处于被责令停业，投标资格被取消，财产被接管、冻结、破产状态；自2017年1月1日起至今没有骗取中标和严重违约及重大工程质量、安全事故记录，且在全国各级信用信息共享平台无失信行为（提供承诺书及失信查询资料）。 1、景东县老运输公司家属老小区维修改造项目；2、中国石化集团西南石油局有限公司云南石油基地服务中心大石坝家属区物业维修改造项目；3、新厂区、车间办公室改造维修项目；4、老厂生活区改造维修项目；5、新厂区、改造维修项目； 未要求。 未要求。 技术负责人具备工程师职称。近年财务状况良好,提供近3年经审计的完整的财务报表及审计报告。 备注 本项目对项目经理、技术负责人业绩无相关要求。 招标人审核意见 同意发布。审核人：赵能 此公示期为3日，若对上述公示有异议，可在公示期内向招标人进行质疑，对质疑答复不满的，可到同级监管部门、行业主管部门投诉。",,,中国能源建设集团云南火电建设有限公司职工家属区物业管理职能分离移交项目,,6576606.0,False,True,pydantic_direct
matched_row_523,523,call_af1256ef34b044ab,"医院名称：北京市海淀区学院路街道建清园社区卫生服务站,产品名称：比索洛尔,商品名：博苏,剂型：素片,规格：5mg,生产企业：北京华素制药股份有限公司,配送企业：,订购数量：0,批准文号：国药准字H10970082",,,比索洛尔,0.0,,False,True,pydantic_direct
matched_row_524,524,call_5ac17020c6f64590,江苏省工程建设项目中标候选人公示 编号：E3206820342000011004001 根据工程招标投标的有关法律、法规、规章和该工程招标文件的规定，如皋市下原镇人民政府的如皋市2019年下原镇高标准农田建设项目（财政补助）及项目区地方增加投资建设项目节余资金增做GB20标工程的评标工作已经结束，中标候选人已经确定。本项目采用随机抽取的评标办法，现将中标候选人公示如下： 1、中标候选人情况 第一名 第二名 第三名 中标候选人名称 南通志业建设工程有限公司 ,,,如皋市2019年下原镇高标准农田建设项目（财政补助）及项目区地方增加投资建设项目节余资金增做GB20标工程,,,False,True,pydantic_direct
matched_row_525,525,call_6fa79b616a864699,三明大厦装修改造工程空调货物及安装项目（二次招标） 中标候选人公示 三明大厦装修改造工程空调货物及安装项目（二次招标）招标于2020年3月16日9:30在三明市公共资源交易中心公开开标，经评标委员评审，现将中标候选人及有关事项公示如下： 一、招标人名称：三明市城市建设投资集团有限公司 地址：三明市梅列区乾龙新村348幢3-4层 电话：18659863177联系人：张先生。 二、中标候选人名称及相关内容： 第一中标候选人：科宇智能环境技术服务有限公司；投标报,,,空调货物及安装,,,True,True,pydantic_direct
matched_row_526,526,call_49245f918b104fe7,"医院名称：首都医科大学附属北京天坛医院,产品名称：云南白药胶囊,商品名：无,剂型：胶囊剂,规格：0.25g,生产企业：云南白药集团股份有限公司,配送企业：,订购数量：0,批准文号：国药准字Z53020799",,,云南白药胶囊,0.0,,False,True,pydantic_direct
matched_row_527,527,call_4739df581e364ac9,"医院名称：平谷区南独乐河镇南独乐河社区卫生服务站,产品名称：二甲双胍,商品名：君力达,剂型：肠溶胶囊,规格：0.5g,生产企业：北京圣永制药有限公司,配送企业：,订购数量：0,批准文号：国药准字H20058567",,,二甲双胍,0.0,,False,True,pydantic_direct
matched_row_528,528,call_f15cc6a375fe43fc,中标结果公告 施工 项目编号： BTJY00GCGK2020017 项目名称： 第五师2020年农网改造升级110千伏变电站无人值守改造项目 招标人： 新疆生产建设兵团农五师电力公司 招标代理： 新疆生产建设兵团招标有限公司 项目类别： 施工 招标方式： 公开招标 项目地点： 第五师双河市 项目所在区域： 本级 标段（包）编号 标段（包）名称 中标单位 项目负责人 中标价(元) 工期(天） BTJY00GCGK2020017-01-06 第五师2020年农网改造升级110千伏变电站无人值守改造项目（六标段：辅助系统及安装） 西安立人科技股份有限公司 3391780.00(元) 45 公告开始时间： 2020年05月14日 公告结束时间： 2020年05月18日 受理异议人： 康皓 受理异议人联系方式： 0909-2276350 受理投诉部门： 新疆生产建设兵团第五师发展和改革委员会 受理投诉部门联系方式： 0909-7696716 定标办法： 评标委员会推荐的中标候选人为确定中标人,,,第五师2020年农网改造升级110千伏变电站无人值守改造项目（六标段：辅助系统及安装）,,3391780.0,True,True,pydantic_direct
matched_row_529,529,call_04847414f76c4c32,"医院名称：北京市大兴区黄村镇社区卫生服务中心,产品名称：复方甘草,商品名：无,剂型：素片,规格：复方,生产企业：南京白敬宇制药有限责任公司,配送企业：,订购数量：0,批准文号：国药准字H32024076",,,复方甘草,0.0,,False,True,pydantic_direct
matched_row_530,530,call_d087e941576e4d84,西安国际港务区苏宁西侧规划路等道路和配套管线工程施工项目中标候选人公示 详细内容请访问原网页！,,,西安国际港务区苏宁西侧规划路等道路和配套管线工程施工项目,,,False,True,pydantic_direct
matched_row_531,531,call_a6fc776d9aa3447c,"公告信息： 采购项目名称 临潭县农业农村局临潭县2020年农业保险遴选保险经办机构服务项目 品目 服务/金融服务/保险服务/其他保险服务 采购单位 临潭县农业农村局 行政区域 临潭县 公告时间 2020年03月20日 15:28 本项目招标公告日期 2020年03月04日 成交日期 2020年03月16日 谈判小组、询价小组成员、磋商小组成员名单及单一来源采购人员名单 陈玉花, 胡再青, 王卓才, 宋俊艳, 李建业 总成交金额 ￥2393.169000 万元（人民币） 联系人及联系方式： 项目联系人 杨伟峰 项目联系电话 18294780170 采购单位 临潭县农业农村局 采购单位地址 临潭县城关镇西大街158号 采购单位联系方式 13893935972 代理机构名称 甘肃正煜项目管理有限公司 代理机构地址 甘肃省兰州市城关区红星国际广场第B71002002幢2422室 代理机构联系方式 19909425678 附件： 附件1 临潭县农业农村局临潭县2020年农业保险遴选保险经办机构服务项目磋商文件(1).pdf 甘肃正煜项目管理有限公司受临潭县农业农村局的委托,对“临潭县农业农村局临潭县2020年农业保险遴选保险经办机构服务项目”以竞争性磋商方式进行采购，评审委员会于2020年03月16日确定成交供应商，现将成交结果公布如下： 1、项目预算：2393.169万元 2、项目编号：GSZY-GNZC173 3、成交结果内容： 包号 序号 品种 单位保额（元） 费率% 单位保费（元） 投标数量（亩/头/只） 保险费金额（元） 第 一 包 1 马铃薯 700 3.0% 21 11000 231000 2 青稞 400 3.5% 14 13030 182420 3 牦牛 2000 6.0% 120 29262 3511440 4 藏系羊 400 6.0% 24 33324 799776 5 能繁母猪 1500 5.0% 75 1838 137850 6 奶牛(荷斯坦) 10000 5.0% 500 92 46000 7 奶牛(西门塔尔及其他) 8000 5.0% 400 1506 602400 8 冬小麦 300 4.0% 12 1100 13200 9 育肥猪 1000 5.0% 50 5475 273750 10 当归 3300 5.0% 165 31019 5118135 11 党参 3000 5.0% 150 10591 1588650 12 黄芪 2800 5.0% 140 9677 1354780 13 肉牛 7000 4.0% 280 3352 938560 14 肉羊 700 4.0% 28 5200 145600 15 高原夏菜 2500 4.5% 112.5 22932 2579850 16 鸡 40 5% 2 44245 88490 17 黑驴 7000 4.5% 315 640 201600 18 油菜 400 4% 16 14301 228816 19 大豆 500 4.5% 22.5 22371 503347.5 20 藜麦 1200 4.0% 48 2400 115200 21 蜜蜂 1000 4.0% 40 3923 156920 合计金额：壹仟捌佰捌拾壹万柒仟柒佰捌拾肆元伍角整（￥：18817784.50元整） 包号 序号 品种 单位保额（元） 费率（%） 单位保费（元） 投标数量 （亩/头/只） 保险费金额 （元） 第 二 包 1 马铃薯 700 3.0 21 2200 46200 2 青稞 600 3.5 14 4494 62916 3 牦牛 2000 6.0 120 825 99000 4 藏系羊 400 6.0 24 5996 143904 5 能繁母猪 1500 5.0 75 147 11025 6 奶牛（荷斯坦） 10000 5.0 500 100 50000 7 奶牛（西门塔尔） 8000 5.0 400 214 85600 8 育肥猪 1000 5.0 50 715 35750 9 中药材（当归） 3300 5.0 165 6559 1082235 10 中药材（党参） 3000 5.0 150 4091 613650 11 中药材（黄芪） 2800 5.0 140 4188 586320 12 肉牛 7000 4.0 280 630 176400 13 肉羊 700 4.0 28 1100 30800 14 鸡 40 5.0 2 1487 2974 15 黑驴 13000 4.5 315 80 25200 16 油菜 400 4.0 16 4483 71728 17 大豆 500 4.5 22.5 5446 122535 18 藜麦 1200 4.0 48 600 28800 19 蜜蜂 1000 4.0 40 846 33840 合计金额：叁佰叁拾万零捌仟捌佰柒拾柒元整（￥：3308877.00元整） 包号 序号 品种 单位保额（元） 费率（%） 单位保费（元） 投标数量 （亩/头/只） 保险费金额 （元） 第 三 包 1 马铃薯（成本保险） 700 3.00% 21 1800 37800 2 青稞（成本保险） 400 3.50% 14 2476 34664 3 牦牛（成本保险） 2000 6.00% 120 1913 229560 4 藏系羊（成本保险） 400 6.00% 24 1680 40320 5 能繁母猪（成本保险） 1000 5.00% 75 15 1125 6 奶牛（荷斯坦） 10000 5.00% 500 108 54000 7 奶牛（西门塔尔及其他） 8000 5.00% 400 280 112000 8 育肥猪（成本+目标价格保险） 1000 5.00% 50 310 15500 9 党参（收入保险） 3000 5.00% 150 318 47700 10 黄芪（收入保险） 2800 5.00% 140 1135 158900 11 当归（收入保险） 3300 5.00% 165 2422 399630 12 肉羊（成本保险） 700 4.00% 28 4700 131600 13 肉牛（成本保险） 7000 4.00% 280 18 5040 14 高原夏菜（成本+目标价格保险） 2500 4.50% 112.5 68 7650 15 鸡（收入保险） 40 5% 2 263 526 16 黑驴（收入保险） 13000 4.50% 315 580 182700 17 大豆（收入保险） 500 4.50% 22.5 2183 49117.5 18 蜜蜂（收入保险） 1000 4.00% 40 231 9240 19 油菜（收入保险） 400 4.00% 16 1216 19456 20 公益林 500 2.00% 1 268500 268500 合计金额：壹佰捌拾万零伍仟零贰拾捌元伍角整（￥：1805028.50元整） 4、成交日期：2020年03月16日 5、公告日期：2020年03月03日 6、成交单位及成交金额： 第一包： 成交单位：中国人民财产保险股份有限公司临潭支公司 成交金额：壹仟捌佰捌拾壹万柒仟柒佰捌拾肆元伍角整（￥：18817784.50元整） 成交单位地址：甘肃省甘南州临潭县城关西大街 26 号 成交单位联系人：郭亚忠 成交单位联系电话：0941-3123180 第二包： 成交单位：中华联合财产保险股份有限公司临潭县支公司 成交金额：叁佰叁拾万零捌仟捌佰柒拾柒元整（￥：3308877.00元整） 成交单位地址：甘肃省甘南州临潭县城关镇下古城一社（东环路） 成交单位联系人：吴润 成交单位联系电话：0941-3133310 第三包： 成交单位：中国大地财产保险股份有限公司甘南中心支公司 成交金额：壹佰捌拾万零伍仟零贰拾捌元伍角整（￥：1805028.50元整） 成交单位地址：甘肃省甘南州合作市绍玛路30号塞纳商贸有限公司办公楼二楼 成交单位联系人：刘彦博 成交单位联系电话：18719808750 7、评审委员会成员名单：陈玉花胡再青王卓才宋俊艳李建业 8、采购项目联系人姓名和电话： （1）采购单位：临潭县农业农村局 联 系 人：杨伟峰 联系电话：18294780170 （2）代理机构：甘肃正煜项目管理有限公司 联 系 人：邵洁 联系电话：19909425678 （3）监管部门：临潭县财政局政府采购办公室 联系电话：0941-3122472 甘肃正煜项目管理有限公司 2020年03月17日",,,临潭县2020年农业保险遴选保险经办机构服务项目,,23931690.0,False,True,pydantic_direct
matched_row_532,532,call_9c39a9d690fb45eb,"医院名称：北京市通州区北苑街道怡佳家园社区卫生服务站,产品名称：氯沙坦,商品名：科素亚,剂型：薄膜衣片,规格：50mg,生产企业：英国Merck Sharp & Dohme Limited(杭州默沙东制药有限公司分装),配送企业：,订购数量：0,批准文号：国药准字J20130148",,,氯沙坦,0.0,,False,True,pydantic_direct
matched_row_533,533,call_8abb839f23f84227,"医院名称：北京市丰台区南苑医院,产品名称：异丙肾上腺素,商品名：无,剂型：注射液,规格：2ml:1mg,生产企业：上海禾丰制药有限公司,配送企业：,订购数量：0,批准文号：国药准字H31021344",,,异丙肾上腺素,0.0,,False,True,pydantic_direct
matched_row_534,534,call_6160fd4c59cf4e33,"医院名称：北京市丰台区马家堡社区卫生服务中心,产品名称：精蛋白生物合成人胰岛素(预混50R),商品名：诺和灵50R,剂型：注射用混悬剂,规格：3ml:300IU,生产企业：诺和诺德(中国)制药有限公司,配送企业：,订购数量：0,批准文号：国药准字H20184041",,,精蛋白生物合成人胰岛素(预混50R),0.0,,False,True,pydantic_direct
matched_row_535,535,call_0c68cf2367544e02,"医院名称：北京市第六医院,产品名称：精蛋白锌重组人胰岛素混合,商品名：优泌林70/30,剂型：注射用混悬剂,规格：3ml:300IU,生产企业：法国礼来(礼来苏州制药有限公司分装),配送企业：,订购数量：0,批准文号：国药准字J20170018",,,精蛋白锌重组人胰岛素混合,0.0,,False,True,pydantic_direct
matched_row_536,536,call_1759394f2e284c68,"医院名称：丰台区长辛店大街社区卫生服务站,产品名称：普罗布考,商品名：之乐,剂型：薄膜衣片,规格：0.125g,生产企业：齐鲁制药有限公司,配送企业：,订购数量：0,批准文号：国药准字H10980054",,,普罗布考,0.0,,False,True,pydantic_direct
matched_row_537,537,call_83f23bf200004108,"医院名称：北京市朝阳区香河园街道西坝河东里社区卫生服务站,产品名称：叶酸,商品名：无,剂型：素片,规格：0.4mg,生产企业：北京麦迪海药业有限责任公司,配送企业：,订购数量：0,批准文号：国药准字H11020317",,,叶酸,0.0,,False,True,pydantic_direct
matched_row_538,538,call_140c1c0f0960468a,"医院名称：延庆区八达岭镇社区卫生服务中心（里炮社区服务站),产品名称：金匮肾气丸,商品名：无,剂型：水蜜丸,规格：72g(20g/100粒),生产企业：北京同仁堂科技发展股份有限公司制药厂,配送企业：,订购数量：0,批准文号：国药准字Z11020147",,,金匮肾气丸,0.0,,False,True,pydantic_direct
matched_row_539,539,call_7439184dc78b43a6,"医院名称：北京市昌平区沙河中西医结合医院,产品名称：肝素,商品名：无,剂型：注射液,规格：2ml:1.25万IU,生产企业：江苏万邦生化医药集团有限责任公司,配送企业：,订购数量：0,批准文号：国药准字H32020612",,,肝素,0.0,,False,True,pydantic_direct
matched_row_540,540,call_a34672cbd87648ae,"医院名称：北京市昌平区沙河中西医结合医院,产品名称：黄芪片,商品名：无,剂型：薄膜衣片,规格：0.55g,生产企业：四川国康药业有限公司,配送企业：,订购数量：0,批准文号：国药准字Z20090761",,,黄芪片,0.0,,False,True,pydantic_direct
matched_row_541,541,call_da1a1a8fb25f49ae,"医院名称：北京京煤集团总医院,产品名称：氨碘肽,商品名：舒视明,剂型：滴眼剂,规格：5ml,生产企业：杭州国光药业股份有限公司,配送企业：,订购数量：0,批准文号：国药准字H33022084",,,氨碘肽,0.0,,False,True,pydantic_direct
matched_row_542,542,call_c5f37962946643a8,"医院名称：北京市朝阳区东坝地区高杨树社区卫生服务站,产品名称：八宝丹胶囊,商品名：无,剂型：胶囊剂,规格：0.3g,生产企业：厦门中药厂有限公司,配送企业：,订购数量：0,批准文号：国药准字Z10940006",,,八宝丹胶囊,0.0,,False,True,pydantic_direct
matched_row_543,543,call_323ff2d8fe8e48b5,"医院名称：沙河社区卫生服务中心松兰堡社区卫生服务站,产品名称：脉血康胶囊,商品名：无,剂型：肠溶胶囊,规格：0.25g,生产企业：重庆多普泰制药股份有限公司,配送企业：,订购数量：0,批准文号：国药准字Z10970056",,,脉血康胶囊,0.0,,False,True,pydantic_direct
matched_row_544,544,call_83db699012dd4822,"医院名称：平谷区王辛庄社区服务中心王辛庄镇井峪社区卫生服务站,产品名称：银丹心脑通软胶囊,商品名：无,剂型：软胶囊(胶丸),规格：0.4g,生产企业：贵州百灵企业集团制药股份有限公司,配送企业：,订购数量：0,批准文号：国药准字Z20027144",,,银丹心脑通软胶囊,0.0,,False,True,pydantic_direct
matched_row_545,545,call_f6572cdde47148fa,"医院名称：门城地区社区卫生服务中心三家店社区卫生服务站,产品名称：莫米松,商品名：无,剂型：乳膏剂,规格：20g:20mg(0.1%),生产企业：上海通用药业股份有限公司,配送企业：,订购数量：0,批准文号：国药准字H20040853",,,莫米松,0.0,,False,True,pydantic_direct
matched_row_546,546,call_4c8285a909b14d46,"医院名称：北京市通州区梨园镇梨园社区卫生服务中心,产品名称：金水宝片,商品名：无,剂型：薄膜衣片,规格：0.42g(含发酵虫草菌粉0.25g),生产企业：江西济民可信药业有限公司,配送企业：,订购数量：0,批准文号：国药准字Z20163112",,,金水宝片,0.0,,False,True,pydantic_direct
matched_row_547,547,call_e0a9d7baf89f4cfa,"医院名称：北京中医药大学东直门医院,产品名称：重组牛碱性成纤维细胞生长因子,商品名：贝复舒,剂型：眼用凝胶剂,规格：5g:21000IU,生产企业：珠海亿胜生物制药有限公司,配送企业：,订购数量：0,批准文号：国药准字S20050100",,,重组牛碱性成纤维细胞生长因子,0.0,,False,True,pydantic_direct
matched_row_548,548,call_b6b8d0ca7c4a418f,"医院名称：北京市海淀区羊坊店社区卫生服务中心,产品名称：肿痛安胶囊,商品名：无,剂型：胶囊剂,规格：0.28g,生产企业：河北奥星集团药业有限公司,配送企业：,订购数量：0,批准文号：国药准字Z13021496",,,肿痛安胶囊,0.0,,False,True,pydantic_direct
matched_row_549,549,call_d423cc7b99714f18,"医院名称：北京市丰台区南苑社区卫生服务中心,产品名称：奥美拉唑,商品名：绅丽雨,剂型：肠溶片,规格：20mg,生产企业：北京太洋药业股份有限公司,配送企业：,订购数量：0,批准文号：国药准字H19990114",,,奥美拉唑,0.0,,False,True,pydantic_direct
matched_row_550,550,call_e0c334fce7b84f86,"医院名称：北京博爱医院,产品名称：硫酸依替米星,商品名：创成,剂型：注射液,规格：2ml:0.1g(10万IU),生产企业：常州方圆制药有限公司,配送企业：,订购数量：0,批准文号：国药准字H20020128",,,硫酸依替米星,0.0,,False,True,pydantic_direct
matched_row_551,551,call_30de1380c3044a54,"医院名称：北京市朝阳区麦子店街道枣营北里社区卫生服务站,产品名称：银杏叶软胶囊,商品名：无,剂型：软胶囊(胶丸),规格：0.5g(相当于银杏叶提取物40mg),生产企业：石家庄市华新药业有限责任公司,配送企业：,订购数量：0,批准文号：国药准字Z20040082",,,银杏叶软胶囊,0.0,,False,True,pydantic_direct
matched_row_552,552,call_37002d6d51564234,"医院名称：北京市朝阳区三间房地区定福庄西街社区卫生服务站,产品名称：铝碳酸镁,商品名：达喜,剂型：咀嚼片,规格：0.5g,生产企业：拜耳医药保健有限公司,配送企业：,订购数量：0,批准文号：国药准字H20013410",,,铝碳酸镁,0.0,,False,True,pydantic_direct
matched_row_553,553,call_c560387ba2254b12,"医院名称：北京京煤集团总医院,产品名称：特拉唑嗪,商品名：泰乐,剂型：胶囊剂,规格：2mg,生产企业：扬子江药业集团江苏制药股份有限公司,配送企业：,订购数量：0,批准文号：国药准字H20000094",,,特拉唑嗪,0.0,,False,True,pydantic_direct
matched_row_554,554,call_376e5ea044d24a6f,"医院名称：航空总医院,产品名称：蛋白琥珀酸铁,商品名：无,剂型：口服溶液剂,规格：15ml:40mg,生产企业：济川药业集团有限公司,配送企业：,订购数量：0,批准文号：国药准字H20143055",,,蛋白琥珀酸铁,0.0,,False,True,pydantic_direct
matched_row_555,555,call_f8d7684ea69f48be,"医院名称：中国中医科学院眼科医院,产品名称：重组人表皮生长因子(酵母),商品名：易孚,剂型：凝胶剂,规格：20g/10万IU(200μg),生产企业：桂林华诺威基因药业有限公司,配送企业：,订购数量：0,批准文号：国药准字S20020112",,,重组人表皮生长因子(酵母),0.0,,False,True,pydantic_direct
matched_row_556,556,call_b11613d572e04e32,"医院名称：北京市石景山区五里坨街道社区卫生服务中心,产品名称：强力定眩胶囊,商品名：无,剂型：胶囊剂,规格：0.4g,生产企业：江西银涛药业有限公司,配送企业：,订购数量：0,批准文号：国药准字Z20090189",,,强力定眩胶囊,0.0,,False,True,pydantic_direct
matched_row_557,557,call_8bd33ef422824887,"医院名称：首都医科大学附属北京地坛医院,产品名称：复方聚乙二醇电解质,商品名：和爽,剂型：散剂,规格：137.15g:聚乙二醇4000 118g,生产企业：深圳万和制药有限公司,配送企业：,订购数量：0,批准文号：国药准字H20030828",,,复方聚乙二醇电解质,0.0,,False,True,pydantic_direct
matched_row_558,558,call_6176bc55ff2a4f80,"医院名称：北京市朝阳区亚运村社区卫生服务中心,产品名称：三拗片,商品名：无,剂型：薄膜衣片,规格：0.5g,生产企业：济川药业集团有限公司,配送企业：,订购数量：0,批准文号：国药准字Z20090708",,,三拗片,0.0,,False,True,pydantic_direct
matched_row_559,559,call_40c858671ebe4a8d,"医院名称：北京市通州区通大家园社区卫生服务站,产品名称：当归龙荟胶囊,商品名：无,剂型：胶囊剂,规格：0.4g,生产企业：保和堂(焦作)制药有限公司,配送企业：,订购数量：0,批准文号：国药准字Z20080324",,,当归龙荟胶囊,0.0,,False,True,pydantic_direct
matched_row_560,560,call_e0a8e61ab18444bb,"医院名称：北京市通州区梨园社区中心第四诊区,产品名称：九味肝泰胶囊,商品名：无,剂型：胶囊剂,规格：0.35g,生产企业：湖南康尔佳制药股份有限公司,配送企业：,订购数量：0,批准文号：国药准字Z20025173",,,九味肝泰胶囊,0.0,,False,True,pydantic_direct
matched_row_561,561,call_876067f343314519,"医院名称：北京市朝阳区东湖社区卫生服务中心,产品名称：聚维酮碘,商品名：怡速欣,剂型：含漱液,规格：250ml:2.5g,生产企业：杭州民生药业有限公司,配送企业：,订购数量：0,批准文号：国药准字H20061090",,,聚维酮碘,0.0,,False,True,pydantic_direct
matched_row_562,562,call_1bcea5e49bd24bbe,"医院名称：北京市朝阳区东坝地区高杨树社区卫生服务站,产品名称：醋酸钙,商品名：无,剂型：胶囊剂,规格：0.6g(按Ca152.1mg计),生产企业：昆明邦宇制药有限公司,配送企业：,订购数量：0,批准文号：国药准字H20100127",,,醋酸钙,0.0,,False,True,pydantic_direct
matched_row_563,563,call_1517cf41e1844009,"医院名称：北京市朝阳区劲松街道百环家园社区卫生服务站,产品名称：人参归脾丸,商品名：无,剂型：蜜丸,规格：9g,生产企业：北京同仁堂股份有限公司同仁堂制药厂,配送企业：,订购数量：0,批准文号：国药准字Z11020104",,,人参归脾丸,0.0,,False,True,pydantic_direct
matched_row_564,564,call_d6f803eb5e0a4b2c,"医院名称：北京市房山区燕山地区社区卫生服务中心,产品名称：心脑舒通片,商品名：无,剂型：薄膜衣片,规格：每片重0.26g,生产企业：吉林敖东洮南药业股份有限公司,配送企业：,订购数量：0,批准文号：国药准字Z20026319",,,心脑舒通片,0.0,,False,True,pydantic_direct
matched_row_565,565,call_75760e185e0147aa,"医院名称：北京市朝阳区常营地区民族家园社区卫生服务站,产品名称：硝苯地平,商品名：拜新同,剂型：控释片,规格：30mg,生产企业：德国Bayer AG(拜耳医药保健有限公司分装),配送企业：,订购数量：0,批准文号：国药准字J20180025",,,硝苯地平,0.0,,False,True,pydantic_direct
matched_row_566,566,call_d4943b2d54454b4d,"医院名称：北京市海淀区青龙桥社区卫生服务中心,产品名称：连翘败毒丸,商品名：无,剂型：水丸,规格：6g(6g/100粒),生产企业：北京同仁堂科技发展股份有限公司制药厂,配送企业：,订购数量：0,批准文号：国药准字Z11020149",,,连翘败毒丸,0.0,,False,True,pydantic_direct
matched_row_567,567,call_162ae7c583104146,"医院名称：北京市丰台区马家堡社区卫生服务中心,产品名称：曲美他嗪,商品名：无,剂型：薄膜衣片,规格：20mg,生产企业：瑞阳制药有限公司,配送企业：,订购数量：0,批准文号：国药准字H20066534",,,曲美他嗪,0.0,,False,True,pydantic_direct
matched_row_568,568,call_383cad2258d54acc,"医院名称：通州区梨园社区卫生服务中心分部,产品名称：牛黄降压丸,商品名：无,剂型：蜜丸,规格：1.6g,生产企业：北京同仁堂科技发展股份有限公司制药厂,配送企业：,订购数量：0,批准文号：国药准字Z11020199",,,牛黄降压丸,0.0,,False,True,pydantic_direct
matched_row_569,569,call_48a7aa0e2e564c69,"医院名称：中国农业机械化科学研究院卫生所,产品名称：,商品名：无,剂型：薄膜衣片,规格：10mg,生产企业：浙江京新药业股份有限公司,配送企业：,订购数量：0,批准文号：国药准字H20080483",,,薄膜衣片,0.0,,False,True,pydantic_direct
matched_row_570,570,call_a6b4c96f447c4c38,"医院名称：北京大学第一医院,产品名称：甲巯咪唑,商品名：赛治,剂型：薄膜衣片,规格：10mg,生产企业：德国默克Merck KGaA（默克制药（江苏）有限公司分装）,配送企业：,订购数量：0,批准文号：国药准字J20171078",,,甲巯咪唑,0.0,,False,True,pydantic_direct
matched_row_571,571,call_7064b29376fd402c,"医院名称：北京市房山区良乡地区社区卫生服务中心,产品名称：精蛋白生物合成人胰岛素(预混50R),商品名：诺和灵50R,剂型：注射用混悬剂,规格：3ml:300IU,生产企业：诺和诺德(中国)制药有限公司,配送企业：,订购数量：0,批准文号：国药准字H20184041",,,精蛋白生物合成人胰岛素(预混50R),0.0,,False,True,pydantic_direct
matched_row_572,572,call_8ce8578945244911,"医院名称：北京市西城区新街口街道西三条社区卫生服务站,产品名称：金果饮,商品名：无,剂型：合剂（含口服液）,规格：15ml,生产企业：江西济民可信药业有限公司,配送企业：,订购数量：0,批准文号：国药准字Z19993095",,,金果饮,0.0,,False,True,pydantic_direct
matched_row_573,573,call_43f561d234c24696,"医院名称：大兴区清源街道社区卫生服务中心福苑社区卫生服务站,产品名称：,商品名：无,剂型：素片,规格：5mg,生产企业：浙江京新药业股份有限公司,配送企业：,订购数量：0,批准文号：国药准字H20103356",,,药品,0.0,,False,True,pydantic_direct
matched_row_574,574,call_0e3ce0c8dccd428f,"医院名称：北京市监狱管理局中心医院,产品名称：开塞露(含甘油),商品名：无,剂型：溶液剂,规格：20ml,生产企业：北京麦迪海药业有限责任公司,配送企业：,订购数量：0,批准文号：国药准字H11021175",,,开塞露(含甘油),0.0,,False,True,pydantic_direct
matched_row_575,575,call_7126aedc79e847e1,"医院名称：北京市朝阳区麦子店街道枣营北里社区卫生服务站,产品名称：氯沙坦,商品名：无,剂型：薄膜衣片,规格：50mg,生产企业：浙江华海药业股份有限公司,配送企业：,订购数量：0,批准文号：国药准字H20070264",,,氯沙坦,0.0,,False,True,pydantic_direct
matched_row_576,576,call_115f42547ded4550,"医院名称：首都医科大学附属北京潞河医院,产品名称：半胱氨酸,商品名：无,剂型：薄膜衣片,规格：0.6g,生产企业：海南赞邦制药有限公司,配送企业：,订购数量：0,批准文号：国药准字H20080326",,,半胱氨酸,0.0,,False,True,pydantic_direct
matched_row_577,577,call_76fa890bdcf34b53,"医院名称：沙河社区卫生服务中心,产品名称：复方鲜竹沥液,商品名：无,剂型：合剂（含口服液）,规格：20ml,生产企业：江西济民可信药业有限公司,配送企业：,订购数量：0,批准文号：国药准字Z36021946",,,复方鲜竹沥液,0.0,,False,True,pydantic_direct
matched_row_578,578,call_66f53f3bd7064cbf,"医院名称：北京德尔康尼骨科医院有限公司,产品名称：坤宝丸,商品名：无,剂型：水蜜丸,规格：5g(10g/100粒),生产企业：北京同仁堂股份有限公司同仁堂制药厂,配送企业：,订购数量：0,批准文号：国药准字Z11020185",,,坤宝丸,0.0,,False,True,pydantic_direct
matched_row_579,579,call_daf7a8b187b9417c,"医院名称：北京市顺义区牛栏山社区卫生服务中心魏家店社区卫生服务站,产品名称：复方丹参片,商品名：无,剂型：薄膜衣片,规格：0.32g,生产企业：北京同仁堂科技发展股份有限公司制药厂,配送企业：,订购数量：0,批准文号：国药准字Z11021185",,,复方丹参片,0.0,,False,True,pydantic_direct
matched_row_580,580,call_b2eb54c3ab6e4f2c,"医院名称：房山区大石窝南河社区卫生服务站,产品名称：乌灵胶囊,商品名：无,剂型：胶囊剂,规格：0.33g,生产企业：浙江佐力药业股份有限公司,配送企业：,订购数量：0,批准文号：国药准字Z19990048",,,乌灵胶囊,0.0,,False,True,pydantic_direct
matched_row_581,581,call_7ddb438e177a4948,"医院名称：北京市朝阳区三里屯街道中纺里社区卫生服务站,产品名称：阿卡波糖,商品名：拜唐苹,剂型：素片,规格：50mg,生产企业：拜耳医药保健有限公司,配送企业：,订购数量：0,批准文号：国药准字H19990205",,,阿卡波糖,0.0,,False,True,pydantic_direct
matched_row_582,582,call_86c18b3e971341e0,"医院名称：北京语言大学社区卫生服务中心,产品名称：红花逍遥胶囊,商品名：无,剂型：胶囊剂,规格：0.4g,生产企业：云南楚雄天利药业有限公司,配送企业：,订购数量：0,批准文号：国药准字Z20026107",,,红花逍遥胶囊,0.0,,False,True,pydantic_direct
matched_row_583,583,call_1b7a2e6ec6fa4e21,"医院名称：北京市平谷区社区服务中心诊所,产品名称：天丹通络片,商品名：无,剂型：薄膜衣片,规格：0.415g,生产企业：山东凤凰制药股份有限公司,配送企业：,订购数量：0,批准文号：国药准字Z20090152",,,天丹通络片,0.0,,False,True,pydantic_direct
matched_row_584,584,call_9edf5e9079994e58,"医院名称：北京市海淀区北下关街道皂君庙社区卫生服务站,产品名称：活血止痛膏,商品名：无,剂型：橡胶膏剂,规格：9cm×12cm,生产企业：湖北舒尔迈康药业有限公司,配送企业：,订购数量：0,批准文号：国药准字Z42021573",,,活血止痛膏,0.0,,False,True,pydantic_direct
matched_row_585,585,call_2bf48e3397434678,"医院名称：北京市朝阳区小关街道惠新北里社区卫生服务站,产品名称：安神补脑颗粒,商品名：无,剂型：颗粒剂,规格：1g,生产企业：广东百科制药有限公司,配送企业：,订购数量：0,批准文号：国药准字Z20080086",,,安神补脑颗粒,0.0,,False,True,pydantic_direct
matched_row_586,586,call_7a5abd1472f04f46,"医院名称：北京普祥中医肿瘤医院,产品名称：左旋氨氯地平,商品名：无,剂型：素片,规格：2.5mg,生产企业：贵州联盛药业有限公司,配送企业：,订购数量：0,批准文号：国药准字H20083574",,,左旋氨氯地平,0.0,,False,True,pydantic_direct
matched_row_587,587,call_791d3128de8b471d,"医院名称：北京大学首钢医院,产品名称：珍珠通络丸,商品名：无,剂型：水丸,规格：2g/10粒,生产企业：乌兰浩特中蒙制药有限公司,配送企业：,订购数量：0,批准文号：国药准字Z20083022",,,珍珠通络丸,0.0,,False,True,pydantic_direct
matched_row_588,588,call_cd5414bac59246b6,"医院名称：北京市房山区大石窝镇社区卫生服务中心,产品名称：缬沙坦氢氯噻嗪,商品名：无,剂型：分散片,规格：缬沙坦80mg,氢氯噻嗪12.5mg,生产企业：江苏万高药业股份有限公司,配送企业：,订购数量：0,批准文号：国药准字H20090262",,,缬沙坦氢氯噻嗪,0.0,,False,True,pydantic_direct
matched_row_589,589,call_d708b507aa6b4240,"医院名称：首都医科大学附属北京同仁医院,产品名称：多烯磷脂酰胆碱,商品名：无,剂型：注射液,规格：5ml:232.5mg,生产企业：成都天台山制药有限公司,配送企业：,订购数量：0,批准文号：国药准字H20057684",,,多烯磷脂酰胆碱,0.0,,False,True,pydantic_direct
matched_row_590,590,call_60f4924687934a76,"医院名称：北京市朝阳区三里屯社区卫生服务中心,产品名称：七叶神安分散片,商品名：无,剂型：分散片,规格：0.28g(含三七叶总皂苷50mg),生产企业：浙江维康药业股份有限公司,配送企业：,订购数量：0,批准文号：国药准字Z20080320",,,七叶神安分散片,0.0,,False,True,pydantic_direct
matched_row_591,591,call_0a9e8555fa894e6d,"医院名称：北京市海淀区羊坊店社区卫生服务中心,产品名称：复方金钱草颗粒,商品名：无,剂型：颗粒剂,规格：每袋装3g(相当于饮片4.9g),生产企业：广西万通制药有限公司,配送企业：,订购数量：0,批准文号：国药准字Z45021680",,,复方金钱草颗粒,0.0,,False,True,pydantic_direct
matched_row_592,592,call_3a14818879c94720,"医院名称：中日友好医院,产品名称：瘀血痹胶囊,商品名：无,剂型：胶囊剂,规格：0.4g,生产企业：辽宁上药好护士药业(集团)有限公司,配送企业：,订购数量：0,批准文号：国药准字Z20044071",,,瘀血痹胶囊,0.0,,False,True,pydantic_direct
matched_row_593,593,call_0e659f0059614f93,"医院名称：北京市昌平区南口社区卫生服务中心,产品名称：左氧氟沙星,商品名：联邦左福康,剂型：滴眼剂,规格：5ml:15mg,生产企业：珠海联邦制药股份有限公司中山分公司,配送企业：,订购数量：0,批准文号：国药准字H20020327",,,左氧氟沙星滴眼剂,0.0,,False,True,pydantic_direct
matched_row_594,594,call_e52b0cd24f304ec1,"医院名称：北京市昌平区城北街道一街社区卫生服务站,产品名称：愈风宁心滴丸,商品名：无,剂型：滴丸,规格：每丸重33mg,生产企业：北京同仁堂股份有限公司同仁堂制药厂,配送企业：,订购数量：0,批准文号：国药准字Z20040022",,,愈风宁心滴丸,0.0,,False,True,pydantic_direct
matched_row_595,595,call_e7b827474e894165,"医院名称：北京市海淀区中央民族大学社区卫生服务中心,产品名称：法莫替丁,商品名：无,剂型：素片,规格：20mg,生产企业：湖南迪诺制药股份有限公司,配送企业：,订购数量：0,批准文号：国药准字H43020667",,,法莫替丁,0.0,,False,True,pydantic_direct
matched_row_596,596,call_66eae95912f5438a,"医院名称：北京市平谷区马坊镇社区卫生服务中心,产品名称：曲安奈德,商品名：无,剂型：注射用混悬剂,规格：1ml:40mg,生产企业：昆明积大制药股份有限公司,配送企业：,订购数量：0,批准文号：国药准字H53021604",,,曲安奈德,0.0,,False,True,pydantic_direct
matched_row_597,597,call_c284e22cf0b04f20,"医院名称：应急总医院,产品名称：更昔洛韦,商品名：丽科乐,剂型：胶囊剂,规格：0.25g,生产企业：湖北科益药业股份有限公司,配送企业：,订购数量：0,批准文号：国药准字H20030817",,,更昔洛韦,0.0,,False,True,pydantic_direct
matched_row_598,598,call_60fef29d7f0f43e0,"医院名称：北京市垂杨柳医院,产品名称：氯沙坦钾氢氯噻嗪,商品名：海捷亚,剂型：薄膜衣片,规格：氯沙坦钾50mg,氢氯噻嗪12.5mg,生产企业：英国Merck Sharp & Dohme Limited(杭州默沙东制药有限公司分装),配送企业：,订购数量：0,批准文号：国药准字J20130035",,,氯沙坦钾氢氯噻嗪,0.0,,False,True,pydantic_direct
matched_row_599,599,call_b788e65f1b224c0b,"医院名称：北京市西城区什刹海街道德内社区卫生服务站,产品名称：二甲双胍,商品名：卜可,剂型：缓释片,规格：0.5g,生产企业：北京万辉双鹤药业有限责任公司,配送企业：,订购数量：0,批准文号：国药准字H20041986",,,二甲双胍,0.0,,False,True,pydantic_direct
matched_row_600,600,call_7b6925b613934595,"医院名称：北京太申祥和中医医院,产品名称：杞菊地黄丸,商品名：无,剂型：水蜜丸,规格：6g,生产企业：爱民药业集团股份有限公司,配送企业：,订购数量：0,批准文号：国药准字Z41020110",,,杞菊地黄丸,0.0,,False,True,pydantic_direct
matched_row_601,601,call_65a42165b5484923,"医院名称：北京市平谷区峪口社区卫生服务中心,产品名称：枣仁安神胶囊,商品名：无,剂型：胶囊剂,规格：0.45g,生产企业：国药集团同济堂(贵州)制药有限公司,配送企业：,订购数量：0,批准文号：国药准字Z20010033",,,枣仁安神胶囊,0.0,,False,True,pydantic_direct
matched_row_602,602,call_75bd57b603c745d3,"医院名称：中国民用航空总医院,产品名称：乌苯美司,商品名：百士欣,剂型：胶囊剂,规格：10mg,生产企业：浙江普洛康裕制药有限公司,配送企业：,订购数量：0,批准文号：国药准字H19980092",,,乌苯美司,0.0,,False,True,pydantic_direct
matched_row_603,603,call_5106efc601ef4688,"医院名称：北京京北医院,产品名称：藿香正气软胶囊,商品名：无,剂型：软胶囊(胶丸),规格：0.45g,生产企业：神威药业集团有限公司,配送企业：,订购数量：0,批准文号：国药准字Z13020797",,,藿香正气软胶囊,0.0,,False,True,pydantic_direct
matched_row_604,604,call_f91908798af2474f,"医院名称：北京市朝阳区香河园街道柳芳南里社区卫生服务站,产品名称：血塞通软胶囊,商品名：无,剂型：软胶囊(胶丸),规格：0.1g,生产企业：昆药集团股份有限公司,配送企业：,订购数量：0,批准文号：国药准字Z20040016",,,血塞通软胶囊,0.0,,False,True,pydantic_direct
matched_row_605,605,call_d8225553e5684d1c,"医院名称：南口社区卫生服务中心桃洼社区卫生服务站,产品名称：倍他司汀,商品名：敏使朗,剂型：素片,规格：6mg,生产企业：卫材(中国)药业有限公司,配送企业：,订购数量：0,批准文号：国药准字H20040130",,,倍他司汀,0.0,,False,True,pydantic_direct
matched_row_606,606,call_ae96d34b57ac4ae9,"医院名称：房山区长沟镇北甘池村卫生室,产品名称：维生素B2,商品名：无,剂型：素片,规格：5mg,生产企业：天津力生制药股份有限公司,配送企业：,订购数量：0,批准文号：国药准字H12020169",,,维生素B2,0.0,,False,True,pydantic_direct
matched_row_607,607,call_cd36ecdf16ab497d,"医院名称：北京市密云区太师屯镇社区卫生服务中心,产品名称：曲安奈德,商品名：无,剂型：注射用混悬剂,规格：1ml:40mg,生产企业：昆明积大制药股份有限公司,配送企业：,订购数量：0,批准文号：国药准字H53021604",,,曲安奈德,0.0,,False,True,pydantic_direct
matched_row_608,608,call_ac381da227e74e62,"医院名称：北京大学第一医院,产品名称：多巴胺,商品名：无,剂型：注射液,规格：2ml:20mg,生产企业：上海禾丰制药有限公司,配送企业：,订购数量：0,批准文号：国药准字H31021174",,,多巴胺,0.0,,False,True,pydantic_direct
matched_row_609,609,call_7dc8bf924ab44cad,"医院名称：北京市海淀区青龙桥社区卫生服务中心,产品名称：小檗碱,商品名：无,剂型：素片,规格：0.1g,生产企业：赤峰蒙欣药业有限公司,配送企业：,订购数量：0,批准文号：国药准字H15020568",,,小檗碱,0.0,,False,True,pydantic_direct
matched_row_610,610,call_b9288e5bbb474aec,"医院名称：北京市朝阳区呼家楼第二社区卫生服务中心,产品名称：柴银口服液,商品名：无,剂型：合剂（含口服液）,规格：20ml,生产企业：鲁南厚普制药有限公司,配送企业：,订购数量：0,批准文号：国药准字Z20010124",,,柴银口服液,0.0,,False,True,pydantic_direct
matched_row_611,611,call_7264455183b9402a,"医院名称：北京市房山区韩村河西南章社区卫生服务站,产品名称：阿魏酸哌嗪,商品名：无,剂型：素片,规格：50mg,生产企业：湖南千金湘江药业股份有限公司,配送企业：,订购数量：0,批准文号：国药准字H43021825",,,阿魏酸哌嗪,0.0,,False,True,pydantic_direct
matched_row_612,612,call_2d27a69346324e26,"医院名称：北京市丰台区马家堡社区卫生服务中心,产品名称：银丹心脑通软胶囊,商品名：无,剂型：软胶囊(胶丸),规格：0.4g,生产企业：贵州百灵企业集团制药股份有限公司,配送企业：,订购数量：0,批准文号：国药准字Z20027144",,,银丹心脑通软胶囊,0.0,,False,True,pydantic_direct
matched_row_613,613,call_1b9219d24f2d4415,"医院名称：北京市朝阳区酒仙桥社区卫生服务中心,产品名称：利脑心片,商品名：无,剂型：薄膜衣片,规格：0.42g,生产企业：吉林省通化博祥药业股份有限公司,配送企业：,订购数量：0,批准文号：国药准字Z20090470",,,利脑心片,0.0,,False,True,pydantic_direct
matched_row_614,614,call_011e2ab9895648db,"医院名称：北京市大兴区黄村镇社区卫生服务中心,产品名称：血栓通胶囊,商品名：无,剂型：胶囊剂,规格：0.18g(含三七总皂苷0.1g),生产企业：哈尔滨珍宝制药有限公司,配送企业：,订购数量：0,批准文号：国药准字Z20025972",,,血栓通胶囊,0.0,,False,True,pydantic_direct
matched_row_615,615,call_98354e587ec04287,"医院名称：中国兵器工业第二○八研究所医务室,产品名称：阿魏酸哌嗪,商品名：无,剂型：素片,规格：50mg,生产企业：湖南千金湘江药业股份有限公司,配送企业：,订购数量：0,批准文号：国药准字H43021825",,,阿魏酸哌嗪,0.0,,False,True,pydantic_direct
matched_row_616,616,call_baa8d3f45abc4221,"医院名称：北京市西城区德胜街道裕中东里社区卫生服务站,产品名称：普乐安片,商品名：无,剂型：薄膜衣片,规格：每片重0.57g(含油菜花粉0.5g),生产企业：浙江康恩贝制药股份有限公司,配送企业：,订购数量：0,批准文号：国药准字Z33020303",,,普乐安片,0.0,,False,True,pydantic_direct
matched_row_617,617,call_9d6abe7f697d49d7,"医院名称：北京市门头沟区大台社区卫生服务中心,产品名称：维生素B2,商品名：无,剂型：素片,规格：5mg,生产企业：天津力生制药股份有限公司,配送企业：,订购数量：0,批准文号：国药准字H12020169",,,维生素B2,0.0,,False,True,pydantic_direct
matched_row_618,618,call_b5ea43a96db94771,"医院名称：中国医学科学院北京协和医院,产品名称：伊立替康,商品名：艾力,剂型：冻干粉针剂,规格：40mg,生产企业：江苏恒瑞医药股份有限公司,配送企业：,订购数量：0,批准文号：国药准字H20020687",,,伊立替康,0.0,,False,True,pydantic_direct
matched_row_619,619,call_a603ca70f9434e61,"医院名称：北京市朝阳区香河园街道西坝河中里社区卫生服务站,产品名称：双氯芬酸,商品名：扶他林,剂型：乳胶剂,规格：20g:0.2g(1%),生产企业：北京诺华制药有限公司,配送企业：,订购数量：0,批准文号：国药准字H19990291",,,双氯芬酸,0.0,,False,True,pydantic_direct
matched_row_620,620,call_15f727b92df0454e,"医院名称：北京市丰台区马家堡社区卫生服务中心,产品名称：阿司匹林,商品名：无,剂型：肠溶片,规格：0.1g,生产企业：意大利Bayer HealthCare Manufacturing S.r.L(拜耳医药保健有限公司分装),配送企业：,订购数量：0,批准文号：国药准字J20171021",,,阿司匹林,0.0,,False,True,pydantic_direct
matched_row_621,621,call_f5475c7d68ba4bc5,"医院名称：北京市西城区展览路医院,产品名称：葡萄糖,商品名：无,剂型：注射液,规格：500ml:50g(10%),生产企业：华润双鹤药业股份有限公司,配送企业：,订购数量：0,批准文号：国药准字H11020626",,,葡萄糖,0.0,,False,True,pydantic_direct
matched_row_622,622,call_6cd188be50554953,"医院名称：北京市门头沟区大峪街道高层社区卫生服务站,产品名称：雷贝拉唑钠,商品名：安斯菲,剂型：肠溶片,规格：20mg,生产企业：成都迪康药业股份有限公司,配送企业：,订购数量：0,批准文号：国药准字H20040715",,,雷贝拉唑钠,0.0,,False,True,pydantic_direct
matched_row_623,623,call_d4dd4a6971fe401b,"医院名称：北京市东城区永定门外社区卫生服务中心,产品名称：舒肝止痛丸,商品名：无,剂型：浓缩丸,规格：4.5g(12g/100粒),生产企业：北京同仁堂科技发展股份有限公司制药厂,配送企业：,订购数量：20,批准文号：国药准字Z11020072",,,舒肝止痛丸,20.0,,False,True,pydantic_direct
matched_row_624,624,call_d2913e83db044712,"医院名称：北京市朝阳区芍药居南社区卫生服务站,产品名称：阿利沙坦酯,商品名：信立坦,剂型：薄膜衣片,规格：0.24g,生产企业：深圳信立泰药业股份有限公司,配送企业：,订购数量：0,批准文号：国药准字H20138002",,,阿利沙坦酯,0.0,,False,True,pydantic_direct
matched_row_625,625,call_1a5bbb5ec9744c3c,"医院名称：北京市大兴区庞各庄镇中心卫生院,产品名称：阿奇霉素,商品名：无,剂型：胶囊剂,规格：0.25g(25万单位),生产企业：苏州二叶制药有限公司,配送企业：,订购数量：0,批准文号：国药准字H20083315",,,阿奇霉素,0.0,,False,True,pydantic_direct
matched_row_626,626,call_cdf60ef63bf94492,"医院名称：北京通州中医门诊部,产品名称：非洛地平,商品名：无,剂型：缓释片,规格：5mg,生产企业：合肥立方制药股份有限公司,配送企业：,订购数量：0,批准文号：国药准字H20040773",,,非洛地平,0.0,,False,True,pydantic_direct
matched_row_627,627,call_10dcfdbe17b14081,"医院名称：通州区梨园社区卫生服务中心分部,产品名称：坦索罗辛,商品名：齐索,剂型：缓释胶囊,规格：0.2mg,生产企业：浙江海力生制药有限公司,配送企业：,订购数量：0,批准文号：国药准字H20020623",,,坦索罗辛缓释胶囊,0.0,,False,True,pydantic_direct
matched_row_628,628,call_2d0f2c4857d341ad,"医院名称：北京市顺义区牛栏山社区卫生服务中心李各庄社区卫生服务站,产品名称：替米沙坦,商品名：欣益尔,剂型：胶囊剂,规格：40mg,生产企业：北京双鹭药业股份有限公司,配送企业：,订购数量：0,批准文号：国药准字H20051671",,,替米沙坦,0.0,,False,True,pydantic_direct
matched_row_629,629,call_338356fa39b943a4,"医院名称：北京中医药大学东直门医院（通州院区）,产品名称：埃索美拉唑,商品名：耐信,剂型：肠溶片,规格：20mg,生产企业：阿斯利康制药有限公司,配送企业：,订购数量：0,批准文号：国药准字H20046379",,,埃索美拉唑,0.0,,False,True,pydantic_direct
matched_row_630,630,call_f3430571c1f94676,"医院名称：北京市仁和医院,产品名称：地尔硫卓,商品名：合贝爽,剂型：缓释胶囊,规格：90mg,生产企业：天津田边制药有限公司,配送企业：,订购数量：0,批准文号：国药准字H19990388",,,地尔硫卓,0.0,,False,True,pydantic_direct
matched_row_631,631,call_21b3b00a4b3649b6,"医院名称：北京市海淀区青龙桥社区卫生服务中心,产品名称：聚乙烯醇,商品名：无,剂型：滴眼剂,规格：0.5ml:7mg,生产企业：信东生技股份有限公司,配送企业：,订购数量：0,批准文号：国药准字2018B02307",,,聚乙烯醇,0.0,,False,True,pydantic_direct
matched_row_632,632,call_9b526e8c1c5d461d,"医院名称：北京市朝阳区将台第二社区卫生服务中心,产品名称：维格列汀,商品名：佳维乐,剂型：素片,规格：50mg,生产企业：西班牙诺华Novartis Farmaceutica S.A.,配送企业：,订购数量：0,批准文号：H20110358",,,维格列汀,0.0,,False,True,pydantic_direct
matched_row_633,633,call_f749069830cc4850,"医院名称：北京市朝阳区东坝第二社区卫生服务中心,产品名称：氯沙坦钾氢氯噻嗪,商品名：无,剂型：薄膜衣片,规格：氯沙坦钾50mg,氢氯噻嗪12.5mg,生产企业：北京福元医药股份有限公司,配送企业：,订购数量：0,批准文号：国药准字H20074021",,,氯沙坦钾氢氯噻嗪,0.0,,False,True,pydantic_direct
matched_row_634,634,call_db84a56794254242,"医院名称：首都医科大学附属北京潞河医院,产品名称：噻托溴铵,商品名：思力华,剂型：吸入剂,规格：18μg,生产企业：德国Boehringer Ingelheim Pharma GmbH & Co.KG,配送企业：,订购数量：0,批准文号：H20140933",,,噻托溴铵,0.0,,False,True,pydantic_direct
matched_row_635,635,call_08b62f9eb52c4809,"医院名称：北京市丰台区南苑社区卫生服务中心,产品名称：洛芬待因,商品名：思为普,剂型：缓释片,规格：0.2g(以布洛芬计),生产企业：西南药业股份有限公司,配送企业：,订购数量：0,批准文号：国药准字H20010516",,,洛芬待因,0.0,,False,True,pydantic_direct
matched_row_636,636,call_2fba8d2b84754352,"医院名称：北京语言大学社区卫生服务中心,产品名称：坦索罗辛,商品名：齐索,剂型：缓释胶囊,规格：0.2mg,生产企业：浙江海力生制药有限公司,配送企业：,订购数量：0,批准文号：国药准字H20020623",,,坦索罗辛,0.0,,False,True,pydantic_direct
matched_row_637,637,call_ed02e366e06246dd,"医院名称：北京大学首钢医院,产品名称：阿卡波糖,商品名：卡博平,剂型：素片,规格：50mg,生产企业：杭州中美华东制药有限公司,配送企业：,订购数量：0,批准文号：国药准字H20020202",,,阿卡波糖,0.0,,False,True,pydantic_direct
matched_row_638,638,call_a52a048acc2b40e2,"医院名称：北京市朝阳区将台地区芳园里社区卫生服务站,产品名称：氯沙坦钾氢氯噻嗪,商品名：海捷亚,剂型：薄膜衣片,规格：氯沙坦钾50mg,氢氯噻嗪12.5mg,生产企业：英国Merck Sharp & Dohme Limited(杭州默沙东制药有限公司分装),配送企业：,订购数量：0,批准文号：国药准字J20130035",,,氯沙坦钾氢氯噻嗪,0.0,,False,True,pydantic_direct
matched_row_639,639,call_055de90388194661,"医院名称：北京市昌平区中西医结合医院,产品名称：孟鲁司特,商品名：顺尔宁,剂型：薄膜衣片,规格：10mg,生产企业：英国Merck Sharp & Dohme Limited(杭州默沙东制药有限公司分装),配送企业：,订购数量：0,批准文号：国药准字J20130047",,,孟鲁司特,0.0,,False,True,pydantic_direct
matched_row_640,640,call_56558212e2834b65,"医院名称：北京中能建医院,产品名称：解郁安神颗粒,商品名：无,剂型：颗粒剂,规格：5g,生产企业：北京亚东生物制药有限公司,配送企业：,订购数量：0,批准文号：国药准字Z20055540",,,解郁安神颗粒,0.0,,False,True,pydantic_direct
matched_row_641,641,call_1044cc0f63d94449,"医院名称：北京市西城区月坛街道社会路社区卫生服务站,产品名称：参松养心胶囊,商品名：无,剂型：胶囊剂,规格：0.4g,生产企业：北京以岭药业有限公司,配送企业：,订购数量：0,批准文号：国药准字Z20103032",,,参松养心胶囊,0.0,,False,True,pydantic_direct
matched_row_642,642,call_06a620890ffa439f,"医院名称：首都医科大学附属北京潞河医院,产品名称：贝那普利,商品名：洛汀新,剂型：薄膜衣片,规格：10mg,生产企业：北京诺华制药有限公司,配送企业：,订购数量：0,批准文号：国药准字H20030514",,,贝那普利,0.0,,False,True,pydantic_direct
matched_row_643,643,call_97714a91b9c043f6,"医院名称：北京市海淀区北太平庄社区卫生服务中心,产品名称：阿奇霉素,商品名：希舒美,剂型：干混悬剂,规格：0.1g,生产企业：辉瑞制药有限公司,配送企业：,订购数量：0,批准文号：国药准字H10960112",,,阿奇霉素,0.0,,False,True,pydantic_direct
matched_row_644,644,call_5047503ca0de4dcd,"医院名称：北京市朝阳区高碑店地区兴隆家园社区卫生服务站,产品名称：氯化钾,商品名：无,剂型：缓释片,规格：0.5g,生产企业：上海海虹实业(集团)巢湖今辰药业有限公司,配送企业：,订购数量：0,批准文号：国药准字H34021120",,,氯化钾,0.0,,False,True,pydantic_direct
matched_row_645,645,call_da78623e1fb34f8e,"医院名称：北京京煤集团总医院木城涧医院,产品名称：缬沙坦氢氯噻嗪,商品名：复欣,剂型：素片,规格：每片含:缬沙坦80mg与氢氯噻嗪12.5mg,生产企业：鲁南贝特制药有限公司,配送企业：,订购数量：0,批准文号：国药准字H20060578",,,缬沙坦氢氯噻嗪,0.0,,False,True,pydantic_direct
matched_row_646,646,call_971e9021efdf48b2,"医院名称：房山区青龙湖镇坨里社区卫生服务站,产品名称：保妇康栓,商品名：无,剂型：栓剂,规格：1.74g,生产企业：海南碧凯药业有限公司,配送企业：,订购数量：0,批准文号：国药准字Z46020058",,,保妇康栓,0.0,,False,True,pydantic_direct
matched_row_647,647,call_3c45325c7f3e4e54,"医院名称：北京市丰台区铁营医院,产品名称：伤湿祛痛膏,商品名：无,剂型：橡胶膏剂,规格：11cm×15cm,生产企业：重庆陪都药业股份有限公司,配送企业：,订购数量：0,批准文号：国药准字Z50020475",,,伤湿祛痛膏,0.0,,False,True,pydantic_direct
matched_row_648,648,call_f2f84cd0bd3d4e01,"医院名称：北京市怀柔区北房镇韦里社区服务站,产品名称：同仁牛黄清心丸,商品名：无,剂型：蜜丸,规格：3g,生产企业：北京同仁堂股份有限公司同仁堂制药厂,配送企业：,订购数量：0,批准文号：国药准字Z11020025",,,同仁牛黄清心丸,0.0,,False,True,pydantic_direct
matched_row_649,649,call_a8b5991d05ce4314,"医院名称：北京市朝阳区小红门社区卫生服务中心,产品名称：愈伤灵胶囊,商品名：无,剂型：胶囊剂,规格：0.3g,生产企业：湖南汉森制药股份有限公司,配送企业：,订购数量：0,批准文号：国药准字Z43020436",,,愈伤灵胶囊,0.0,,False,True,pydantic_direct
matched_row_650,650,call_1a470553f3b14c2d,"医院名称：北京长城中医医院,产品名称：琥珀酸亚铁,商品名：无,剂型：薄膜衣片,规格：0.1g,生产企业：湖南华纳大药厂股份有限公司,配送企业：,订购数量：0,批准文号：国药准字H20133230",,,琥珀酸亚铁,0.0,,False,True,pydantic_direct
matched_row_651,651,call_d4b107ed3e7c4dbb,"医院名称：门城地区社区卫生服务中心三家店社区卫生服务站,产品名称：莫沙必利,商品名：快力,剂型：素片,规格：5mg,生产企业：鲁南贝特制药有限公司,配送企业：,订购数量：0,批准文号：国药准字H19990317",,,莫沙必利,0.0,,False,True,pydantic_direct
matched_row_652,652,call_e34e43c1315b4f71,"医院名称：怀柔区龙山街道社区卫生服务中心青春苑社区卫生服务站,产品名称：强力定眩片,商品名：无,剂型：糖衣片,规格：0.35g,生产企业：陕西汉王药业股份有限公司,配送企业：,订购数量：0,批准文号：国药准字Z61020139",,,强力定眩片,0.0,,False,True,pydantic_direct
matched_row_653,653,call_6f73a180a64f4d91,"医院名称：北京市朝阳区和平街社区卫生服务中心,产品名称：格列美脲,商品名：亚莫利,剂型：素片,规格：2mg,生产企业：赛诺菲(北京)制药有限公司,配送企业：,订购数量：0,批准文号：国药准字H20057672",,,格列美脲,0.0,,False,True,pydantic_direct
matched_row_654,654,call_4156bc3ef2a341e0,"医院名称：北京市门头沟区清水镇社区卫生服务中心,产品名称：胞磷胆碱,商品名：无,剂型：薄膜衣片,规格：0.1g,生产企业：华润双鹤利民药业（济南）有限公司,配送企业：,订购数量：0,批准文号：国药准字H20080745",,,胞磷胆碱,0.0,,False,True,pydantic_direct
matched_row_655,655,call_ff51a80684c141ed,"医院名称：北京市门头沟区雁翅镇社区卫生服务中心,产品名称：清脑复神液,商品名：无,剂型：合剂（含口服液）,规格：10ml,生产企业：广州花城药业有限公司,配送企业：,订购数量：20,批准文号：国药准字Z44020324",,,清脑复神液,20.0,,False,True,pydantic_direct
matched_row_656,656,call_a46d4a272b6e47d7,"医院名称：中国空间技术研究院门诊部,产品名称：舒眠胶囊,商品名：无,剂型：胶囊剂,规格：0.4g,生产企业：贵州大隆药业有限责任公司,配送企业：,订购数量：0,批准文号：国药准字Z20000105",,,舒眠胶囊,0.0,,False,True,pydantic_direct
matched_row_657,657,call_ce0267e3b60945c3,"医院名称：北京市房山区阎村镇社区卫生服务中心,产品名称：银黄颗粒,商品名：无,剂型：颗粒剂,规格：4g,生产企业：回音必集团安徽制药有限公司,配送企业：,订购数量：0,批准文号：国药准字Z20055020",,,银黄颗粒,0.0,,False,True,pydantic_direct
matched_row_658,658,call_1b10598dedb84c3a,"医院名称：北京市石景山区五里坨街道社区卫生服务中心,产品名称：异山梨酯,商品名：欣康,剂型：分散片,规格：20mg,生产企业：鲁南贝特制药有限公司,配送企业：,订购数量：0,批准文号：国药准字H20052095",,,异山梨酯,0.0,,False,True,pydantic_direct
matched_row_659,659,call_73472f7fff5d4988,"医院名称：丰台区长辛店大街社区卫生服务站,产品名称：安脑丸,商品名：无,剂型：蜜丸,规格：3g(3g/11粒),生产企业：哈尔滨蒲公英药业有限公司,配送企业：,订购数量：0,批准文号：国药准字Z23021691",,,安脑丸,0.0,,False,True,pydantic_direct
matched_row_660,660,call_e8eba8d0e5df4252,"医院名称：平谷区东高村镇社区卫生服务中心东高村社区卫生服务站,产品名称：颈复康颗粒,商品名：无,剂型：颗粒剂,规格：5g,生产企业：颈复康药业集团有限公司,配送企业：,订购数量：0,批准文号：国药准字Z13022204",,,颈复康颗粒,0.0,,False,True,pydantic_direct
matched_row_661,661,call_88f3d0722da14b78,"医院名称：北京市朝阳区麦子店街道枣营北里社区卫生服务站,产品名称：熊胆滴眼液,商品名：无,剂型：滴眼剂,规格：10ml,生产企业：云南傣药有限公司,配送企业：,订购数量：0,批准文号：国药准字Z20025416",,,熊胆滴眼液,0.0,,False,True,pydantic_direct
matched_row_662,662,call_a38a6527434b46e3,"医院名称：北京世纪兴华医院,产品名称：卡马西平,商品名：得理多,剂型：素片,规格：0.2g,生产企业：北京诺华制药有限公司,配送企业：,订购数量：0,批准文号：国药准字H11022279",,,卡马西平,0.0,,False,True,pydantic_direct
matched_row_663,663,call_13130b15f4f244fd,"医院名称：北京市朝阳区双井第二社区卫生服务中心,产品名称：普罗帕酮,商品名：无,剂型：素片,规格：50mg,生产企业：常州制药厂有限公司,配送企业：,订购数量：0,批准文号：国药准字H32023905",,,普罗帕酮,0.0,,False,True,pydantic_direct
matched_row_664,664,call_22181d047e3c4402,"医院名称：北京市朝阳区东湖街道南湖东园北社区卫生服务站,产品名称：血府逐瘀丸,商品名：无,剂型：水蜜丸,规格：6g(6g/60丸),生产企业：黑龙江参鸽药业有限公司,配送企业：,订购数量：0,批准文号：国药准字Z20055446",,,血府逐瘀丸,0.0,,False,True,pydantic_direct
matched_row_665,665,call_096fb5651a914f61,"医院名称：北京市朝阳区麦子店街道农展南里社区卫生服务站,产品名称：厄贝沙坦,商品名：安博维,剂型：薄膜衣片,规格：0.15g,生产企业：法国赛诺菲Sanofi Winthrop Industries(赛诺菲(杭州)制药有限公司分装),配送企业：,订购数量：0,批准文号：国药准字J20130049",,,厄贝沙坦,0.0,,False,True,pydantic_direct
matched_row_666,666,call_f5bc3455ed7a4699,"医院名称：北京市海淀区上地社区卫生服务中心,产品名称：小建中片,商品名：无,剂型：薄膜衣片,规格：0.6g,生产企业：贵阳济仁堂药业有限公司,配送企业：,订购数量：0,批准文号：国药准字Z20080524",,,小建中片,0.0,,False,True,pydantic_direct
matched_row_667,667,call_0fd23b89ab4b482f,"医院名称：北京市房山区燕山星城街道社区卫生服站,产品名称：罗浮山风湿膏药,商品名：无,剂型：膏药剂,规格：5g,生产企业：广东罗浮山国药股份有限公司,配送企业：,订购数量：0,批准文号：国药准字Z44023689",,,罗浮山风湿膏药,0.0,,False,True,pydantic_direct
matched_row_668,668,call_1a9c3597a5fe4893,"医院名称：北京市门头沟区医院,产品名称：氟米龙,商品名：氟美童,剂型：滴眼剂,规格：5ml:5mg(0.1%),生产企业：日本参天制药株式会社滋贺工厂Santen Pharmaceutical Co., Ltd. Shiga Plant(参天制药(中国)有限公司分装),配送企业：,订购数量：10,批准文号：国药准字J20130061",,,氟米龙,10.0,,False,True,pydantic_direct
matched_row_669,669,call_55a3e9388a9545c0,"医院名称：北京中医药大学附属护国寺中医医院,产品名称：普罗帕酮,商品名：悦复隆,剂型：薄膜衣片,规格：0.15g,生产企业：德国AbbVie Deutschland GmbH & Co.KG,配送企业：,订购数量：0,批准文号：H20140904",,,普罗帕酮,0.0,,False,True,pydantic_direct
matched_row_670,670,call_219f6ebe9cea4f04,"医院名称：首都医科大学附属北京同仁医院,产品名称：厄贝沙坦氢氯噻嗪,商品名：无,剂型：素片,规格：厄贝沙坦0.15g,氢氯噻嗪12.5mg,生产企业：浙江华海药业股份有限公司,配送企业：,订购数量：0,批准文号：国药准字H20058709",,,厄贝沙坦氢氯噻嗪,0.0,,False,True,pydantic_direct
matched_row_671,671,call_3cbe715fbf814412,"医院名称：北京市朝阳区管庄第二社区卫生服务中心,产品名称：异山梨酯,商品名：依姆多,剂型：缓释片,规格：60mg,生产企业：阿斯利康制药有限公司,配送企业：,订购数量：0,批准文号：国药准字H20030418",,,异山梨酯,0.0,,False,True,pydantic_direct
matched_row_672,672,call_82ffb157a74a49d5,"医院名称：北京同仁堂中医医院有限责任公司,产品名称：肾炎康复片,商品名：无,剂型：薄膜衣片,规格：0.48g,生产企业：天津同仁堂集团股份有限公司,配送企业：,订购数量：0,批准文号：国药准字Z10940034",,,肾炎康复片,0.0,,False,True,pydantic_direct
matched_row_673,673,call_4b170d3b05d0493c,"医院名称：北京市海淀区聂各庄卫生院,产品名称：痛舒片,商品名：无,剂型：薄膜衣片,规格：0.4g,生产企业：云南白药集团股份有限公司,配送企业：,订购数量：0,批准文号：国药准字Z20090515",,,痛舒片,0.0,,False,True,pydantic_direct
matched_row_674,674,call_1c9ba76435b74cc3,"医院名称：北京市朝阳区常营社区卫生服务中心,产品名称：甲钴胺,商品名：弥可保,剂型：薄膜衣片,规格：0.5mg,生产企业：卫材(中国)药业有限公司,配送企业：,订购数量：560,批准文号：国药准字H20143107",,,甲钴胺,560.0,,False,True,pydantic_direct
matched_row_675,675,call_2f3f7efd20654c51,"医院名称：北京市海淀区青龙桥社区卫生服务中心,产品名称：云南白药气雾剂,商品名：无,剂型：气雾剂,规格：85g/30g,生产企业：云南白药集团股份有限公司,配送企业：,订购数量：0,批准文号：国药准字Z53021103",,,云南白药气雾剂,0.0,,False,True,pydantic_direct
matched_row_676,676,call_59d8c8b49b784d82,"医院名称：北京市朝阳区大屯街道慧忠北里社区卫生服务站,产品名称：癃清片,商品名：无,剂型：薄膜衣片,规格：0.6g,生产企业：天津中新药业集团股份有限公司隆顺榕制药厂,配送企业：,订购数量：0,批准文号：国药准字Z10920030",,,癃清片,0.0,,False,True,pydantic_direct
matched_row_677,677,call_30a73b048e8a4dd9,"医院名称：北京市密云区冯家峪镇社区卫生服务中心,产品名称：气滞胃痛颗粒,商品名：无,剂型：颗粒剂,规格：2.5g,生产企业：辽宁华润本溪三药有限公司,配送企业：,订购数量：0,批准文号：国药准字Z21021522",,,气滞胃痛颗粒,0.0,,False,True,pydantic_direct
matched_row_678,678,call_79136a7524c54589,"医院名称：桥梓社区卫生服务中心北宅社区卫生服务站,产品名称：生脉饮,商品名：无,剂型：合剂（含口服液）,规格：10ml,生产企业：北京同仁堂科技发展股份有限公司制药厂,配送企业：,订购数量：0,批准文号：国药准字Z11020363",,,生脉饮,0.0,,False,True,pydantic_direct
matched_row_679,679,call_ef4c067e8d2740a2,"医院名称：怀柔区龙山街道社区卫生服务中心青春苑社区卫生服务站,产品名称：玉屏风颗粒,商品名：无,剂型：颗粒剂,规格：5g,生产企业：国药集团广东环球制药有限公司,配送企业：,订购数量：0,批准文号：国药准字Z10930036",,,玉屏风颗粒,0.0,,False,True,pydantic_direct
matched_row_680,680,call_95db935537774344,"医院名称：北京马应龙长青肛肠医院有限公司,产品名称：维生素B1,商品名：无,剂型：素片,规格：10mg,生产企业：山西太原药业有限公司,配送企业：,订购数量：0,批准文号：国药准字H14022071",,,维生素B1,0.0,,False,True,pydantic_direct
matched_row_681,681,call_a8c7eb431af24944,"医院名称：北京市房山区韩村河镇社区卫生服务中心,产品名称：银翘解毒软胶囊,商品名：无,剂型：软胶囊(胶丸),规格：0.45g,生产企业：江苏康缘阳光药业有限公司,配送企业：,订购数量：0,批准文号：国药准字Z20010019",,,银翘解毒软胶囊,0.0,,False,True,pydantic_direct
matched_row_682,682,call_eebb38bfe12f4f00,"医院名称：北京市丰台区长辛店镇太子峪村社区卫生服务站,产品名称：复方羊角颗粒,商品名：无,剂型：颗粒剂,规格：8g,生产企业：江西济民可信药业有限公司,配送企业：,订购数量：0,批准文号：国药准字Z19993094",,,复方羊角颗粒,0.0,,False,True,pydantic_direct
matched_row_683,683,call_ccfade98ef374da3,"医院名称：北京昌平谦爱门诊部,产品名称：龙胆泻肝丸,商品名：无,剂型：水丸,规格：6g(6g/100粒),生产企业：北京同仁堂制药有限公司,配送企业：,订购数量：0,批准文号：国药准字Z11020653",,,龙胆泻肝丸,0.0,,False,True,pydantic_direct
matched_row_684,684,call_9c1abcf3137e4559,"医院名称：北京中医药大学附属护国寺中医医院,产品名称：维生素B2,商品名：无,剂型：素片,规格：5mg,生产企业：天津力生制药股份有限公司,配送企业：,订购数量：0,批准文号：国药准字H12020169",,,维生素B2,0.0,,False,True,pydantic_direct
matched_row_685,685,call_11fd894be2274c4c,"医院名称：北京市平谷区东高村镇社区卫生服务中心,产品名称：冠心舒通胶囊,商品名：无,剂型：胶囊剂,规格：0.3g,生产企业：陕西步长制药有限公司,配送企业：,订购数量：0,批准文号：国药准字Z20020055",,,冠心舒通胶囊,0.0,,False,True,pydantic_direct
matched_row_686,686,call_14d4c3db2ebd46d7,"医院名称：北京市海淀区清河街道清毛社区卫生服务站,产品名称：左氧氟沙星,商品名：瑞科沙,剂型：注射液,规格：100ml:0.3g:0.9g,生产企业：四川科伦药业股份有限公司,配送企业：,订购数量：0,批准文号：国药准字H20030050",,,左氧氟沙星,0.0,,False,True,pydantic_direct
matched_row_687,687,call_926096ac2f034b35,"医院名称：北京市海淀医院,产品名称：葡萄糖,商品名：无,剂型：注射液,规格：100ml:5g(5%),生产企业：中国大冢制药有限公司,配送企业：,订购数量：0,批准文号：国药准字H12020023",,,葡萄糖注射液,0.0,,False,True,pydantic_direct
matched_row_688,688,call_84e9488cbccd4600,"医院名称：北京市顺义区牛栏山社区卫生服务中心李各庄社区卫生服务站,产品名称：同仁大活络丸,商品名：无,剂型：蜜丸,规格：3.6g,生产企业：北京同仁堂股份有限公司同仁堂制药厂,配送企业：,订购数量：0,批准文号：国药准字Z11020090",,,同仁大活络丸,0.0,,False,True,pydantic_direct
matched_row_689,689,call_5209dce68d6b4308,"医院名称：北京市朝阳区管庄地区管庄西里社区卫生服务站,产品名称：通宣理肺口服液,商品名：无,剂型：合剂（含口服液）,规格：10ml,生产企业：北京同仁堂股份有限公司同仁堂制药厂,配送企业：,订购数量：0,批准文号：国药准字Z10910018",,,通宣理肺口服液,0.0,,False,True,pydantic_direct
matched_row_690,690,call_e9467c3dda6f45ee,"医院名称：北京市房山区城关街道辛庄社区卫生服务站,产品名称：清脑复神液,商品名：无,剂型：合剂（含口服液）,规格：10ml,生产企业：广州花城药业有限公司,配送企业：,订购数量：0,批准文号：国药准字Z44020324",,,清脑复神液,0.0,,False,True,pydantic_direct
matched_row_691,691,call_4df7fd7d60064790,"医院名称：北京市怀柔区怀北镇河防口社区卫生服务站,产品名称：精蛋白生物合成人胰岛素,商品名：诺和灵30R,剂型：注射用混悬剂,规格：3ml:300IU,生产企业：诺和诺德(中国)制药有限公司,配送企业：,订购数量：0,批准文号：国药准字H20133107",,,精蛋白生物合成人胰岛素,0.0,,False,True,pydantic_direct
matched_row_692,692,call_379b9994e3cc483c,"医院名称：北京市房山区燕山地区社区卫生服务中心,产品名称：复方益肝灵片,商品名：无,剂型：糖衣片,规格：21mg(含水飞蓟素以水飞蓟宾计),生产企业：华润双鹤药业股份有限公司,配送企业：,订购数量：0,批准文号：国药准字Z11020330",,,复方益肝灵片,0.0,,False,True,pydantic_direct
matched_row_693,693,call_e041fdc8b57c40ac,"医院名称：北京市通州区梨园镇梨园社区卫生服务中心,产品名称：银杏叶软胶囊,商品名：无,剂型：软胶囊(胶丸),规格：0.5g(含总黄酮醇苷19.2mg,萜类内酯4.8mg),生产企业：洛阳君山制药有限公司,配送企业：,订购数量：0,批准文号：国药准字Z20090920",,,银杏叶软胶囊,0.0,,False,True,pydantic_direct
matched_row_694,694,call_a7ec79685bd04715,"医院名称：北京市朝阳区高碑店街道甘露园社区卫生服务站,产品名称：阿奇霉素,商品名：无,剂型：肠溶胶囊,规格：0.25g(25万单位),生产企业：浙江华润三九众益制药有限公司,配送企业：,订购数量：0,批准文号：国药准字H20090152",,,阿奇霉素,0.0,,False,True,pydantic_direct
matched_row_695,695,call_f7b56f1398e24b8e,"医院名称：平谷区东高村镇社区卫生服务中心东高村社区卫生服务站,产品名称：抗骨增生胶囊,商品名：无,剂型：胶囊剂,规格：0.35g,生产企业：江苏康缘药业股份有限公司,配送企业：,订购数量：0,批准文号：国药准字Z10980006",,,抗骨增生胶囊,0.0,,False,True,pydantic_direct
matched_row_696,696,call_d43197a8bde74ee6,"医院名称：首都医科大学附属北京同仁医院,产品名称：卡替洛尔,商品名：美开朗,剂型：滴眼剂,规格：5ml:0.1g,生产企业：中国大冢制药有限公司,配送企业：,订购数量：0,批准文号：国药准字H10970025",,,卡替洛尔,0.0,,False,True,pydantic_direct
matched_row_697,697,call_b81a2c93009e4675,"医院名称：门城地区社区卫生服务中心德露苑社区卫生服务站,产品名称：多潘立酮,商品名：吗丁啉,剂型：素片,规格：10mg,生产企业：西安杨森制药有限公司,配送企业：,订购数量：0,批准文号：国药准字H10910003",,,多潘立酮,0.0,,False,True,pydantic_direct
matched_row_698,698,call_ed0e8894694a44fa,"医院名称：北京市通州区通大家园社区卫生服务站,产品名称：孟鲁司特,商品名：无,剂型：薄膜衣片,规格：10mg,生产企业：青岛百洋制药有限公司,配送企业：,订购数量：0,批准文号：国药准字H20183239",,,孟鲁司特,0.0,,False,True,pydantic_direct
matched_row_699,699,call_8267392147fa40ee,"医院名称：北京市延庆区南菜园社区卫生服务中心,产品名称：活血止痛胶囊,商品名：无,剂型：胶囊剂,规格：0.5g,生产企业：南京中山制药有限公司,配送企业：,订购数量：0,批准文号：国药准字Z10920002",,,活血止痛胶囊,0.0,,False,True,pydantic_direct
matched_row_700,700,call_5c00af3903e745c2,"医院名称：北京市房山区窦店镇社区卫生服务中心,产品名称：蛇胆川贝液,商品名：无,剂型：糖浆剂,规格：10ml,生产企业：石药集团江西金芙蓉药业股份有限公司,配送企业：,订购数量：0,批准文号：国药准字Z36020610",,,蛇胆川贝液,0.0,,False,True,pydantic_direct
matched_row_701,701,call_75eb48b9d5d3446e,"医院名称：首都医科大学附属北京天坛医院,产品名称：奥曲肽,商品名：善龙,剂型：粉针剂,规格：20mg,生产企业：奥地利Sandoz GmbH,配送企业：,订购数量：50,批准文号：H20130367",,,奥曲肽,50.0,,False,True,pydantic_direct
matched_row_702,702,call_6718c461401b4017,"医院名称：北京中医药大学东直门医院,产品名称：盐酸米诺环素胶囊,商品名：玫满,剂型：胶囊剂,规格：50mg,生产企业：瀚晖制药有限公司,配送企业：,订购数量：0,批准文号：国药准字H10960011",,,盐酸米诺环素胶囊,0.0,,False,True,pydantic_direct
matched_row_703,703,call_51d6c4f275a04c8f,"医院名称：北京市大兴区福提园养老院医务室,产品名称：银盏心脉滴丸,商品名：无,剂型：滴丸,规格：25mg,生产企业：贵州神奇药业有限公司,配送企业：,订购数量：0,批准文号：国药准字Z20053085",,,银盏心脉滴丸,0.0,,False,True,pydantic_direct
matched_row_704,704,call_bcd160bdda91439b,"医院名称：北京南郊肿瘤医院,产品名称：芪胶升白胶囊,商品名：无,剂型：胶囊剂,规格：0.5g,生产企业：贵州汉方药业有限公司,配送企业：,订购数量：0,批准文号：国药准字Z20025027",,,芪胶升白胶囊,0.0,,False,True,pydantic_direct
matched_row_705,705,call_ae85adf0a77c4e0a,"医院名称：北京市密云区果园社区卫生服务中心,产品名称：替格瑞洛,商品名：倍林达,剂型：薄膜衣片,规格：90mg,生产企业：瑞典阿斯利康AstraZeneca AB(阿斯利康制药分装),配送企业：,订购数量：0,批准文号：国药准字J20130020",,,替格瑞洛,0.0,,False,True,pydantic_direct
matched_row_706,706,call_fe92dbb5fca74cb6,"医院名称：北京市门头沟区潭柘寺镇社区卫生服务中心,产品名称：桉柠蒎,商品名：切诺,剂型：肠溶软胶囊(肠溶胶丸),规格：按桉柠蒎油计0.3g,生产企业：北京远大九和药业有限公司,配送企业：,订购数量：0,批准文号：国药准字H20052401",,,桉柠蒎,0.0,,False,True,pydantic_direct
matched_row_707,707,call_96ba5698cc58456a,"医院名称：北京市朝阳区安贞街道安贞里社区卫生服务站,产品名称：心通,商品名：无,剂型：合剂(含口服液),规格：10ml,生产企业：鲁南厚普制药有限公司,配送企业：,订购数量：0,批准文号：国药准字Z10920014",,,心通,0.0,,False,True,pydantic_direct
matched_row_708,708,call_9e4f95da15634cf0,"医院名称：北京市海淀区聂各庄卫生院,产品名称：,商品名：无,剂型：胶囊剂,规格：0.3g,生产企业：海南妙音春制药有限公司,配送企业：,订购数量：0,批准文号：国药准字H19993592",,,胶囊剂,0.0,,False,True,pydantic_direct
matched_row_709,709,call_6f167f781f324a5a,"医院名称：北京市丰台区老年人协会莲花池康复医院,产品名称：甲钴胺,商品名：弥可保,剂型：薄膜衣片,规格：0.5mg,生产企业：卫材(中国)药业有限公司,配送企业：,订购数量：0,批准文号：国药准字H20143107",,,甲钴胺,0.0,,False,True,pydantic_direct
matched_row_710,710,call_467f1769eebb47c5,"医院名称：北京市丰台区卢沟桥乡小屯村社区卫生服务站,产品名称：复方丹参滴丸,商品名：无,剂型：滴丸,规格：薄膜衣丸每丸27mg,生产企业：天士力医药集团股份有限公司,配送企业：,订购数量：0,批准文号：国药准字Z10950111",,,复方丹参滴丸,0.0,,False,True,pydantic_direct
matched_row_711,711,call_597df45c1d7e438d,"医院名称：北京市朝阳区劲松第二社区卫生服务中心,产品名称：香砂养胃丸,商品名：无,剂型：水丸,规格：9g,生产企业：山西旺龙药业集团有限公司,配送企业：,订购数量：0,批准文号：国药准字Z14020620",,,香砂养胃丸,0.0,,False,True,pydantic_direct
matched_row_712,712,call_550c94cd06b54ff7,"医院名称：北京市顺义区牛栏山社区卫生服务中心木林院区,产品名称：米氮平,商品名：无,剂型：薄膜衣片,规格：15mg,生产企业：山西康宝生物制品股份有限公司,配送企业：,订购数量：0,批准文号：国药准字H20080101",,,米氮平,0.0,,False,True,pydantic_direct
matched_row_713,713,call_a05a844aeef04069,"医院名称：北京市崇文区法华寺社区卫生服务站,产品名称：达立通颗粒,商品名：无,剂型：颗粒剂,规格：6g,生产企业：南昌弘益药业有限公司,配送企业：,订购数量：0,批准文号：国药准字Z20050001",,,达立通颗粒,0.0,,False,True,pydantic_direct
matched_row_714,714,call_d2428d0a4d9546b5,"医院名称：北京市西城区月坛街道三里河二区社区卫生服务站,产品名称：枫蓼肠胃康胶囊,商品名：无,剂型：胶囊剂,规格：0.37g,生产企业：海口奇力制药股份有限公司,配送企业：,订购数量：0,批准文号：国药准字Z10980060",,,枫蓼肠胃康胶囊,0.0,,False,True,pydantic_direct
matched_row_715,715,call_adb3bec5fefa44dd,"医院名称：北京市崇文区新景家园社区卫生服务站,产品名称：阿奇霉素,商品名：无,剂型：肠溶胶囊,规格：0.125g(12.5万单位),生产企业：珠海润都制药股份有限公司,配送企业：,订购数量：0,批准文号：国药准字H20100102",,,阿奇霉素,0.0,,False,True,pydantic_direct
matched_row_716,716,call_d4e68906e96645d0,"医院名称：北京市石景山区妇幼保健院,产品名称：厄贝沙坦,商品名：安博维,剂型：薄膜衣片,规格：0.15g,生产企业：法国赛诺菲Sanofi Winthrop Industries(赛诺菲(杭州)制药有限公司分装),配送企业：,订购数量：0,批准文号：国药准字J20130049",,,厄贝沙坦,0.0,,False,True,pydantic_direct
matched_row_717,717,call_70e802976e094d99,"医院名称：北京博爱医院,产品名称：甘精胰岛素,商品名：来得时,剂型：注射液,规格：3ml:300单位,生产企业：德国Sanofi-Aventis Deutschland GmbH(赛诺菲(北京)制药有限公司分装),配送企业：,订购数量：0,批准文号：国药准字J20140052",,,甘精胰岛素,0.0,,False,True,pydantic_direct
matched_row_718,718,call_d4d15e7c25af4b02,"医院名称：首都医科大学附属北京同仁医院,产品名称：苏黄止咳胶囊,商品名：无,剂型：胶囊剂,规格：0.45g,生产企业：扬子江药业集团北京海燕药业有限公司,配送企业：,订购数量：0,批准文号：国药准字Z20103075",,,苏黄止咳胶囊,0.0,,False,True,pydantic_direct
matched_row_719,719,call_2842b7568c1e4638,"医院名称：北京大学首钢医院,产品名称：脑安滴丸,商品名：无,剂型：滴丸,规格：50mg,生产企业：安徽誉隆亚东药业有限公司,配送企业：,订购数量：0,批准文号：国药准字Z20030121",,,脑安滴丸,0.0,,False,True,pydantic_direct
matched_row_720,720,call_f792fa2b228444e7,"医院名称：房山区良乡地区月华社区卫生服务站,产品名称：熊胆滴眼液,商品名：无,剂型：滴眼剂,规格：10ml,生产企业：云南傣药有限公司,配送企业：,订购数量：0,批准文号：国药准字Z20025416",,,熊胆滴眼液,0.0,,False,True,pydantic_direct
matched_row_721,721,call_bca95e68372a4f2b,"医院名称：丰台区和义街道和义西里社区卫生服务站,产品名称：洛芬待因,商品名：思为普,剂型：缓释片,规格：0.2g(以布洛芬计),生产企业：西南药业股份有限公司,配送企业：,订购数量：0,批准文号：国药准字H20010516",,,洛芬待因,0.0,,False,True,pydantic_direct
matched_row_722,722,call_0729c4a68ccc4891,"医院名称：北京市朝阳区三里屯街道中纺里社区卫生服务站,产品名称：金天格胶囊,商品名：无,剂型：胶囊剂,规格：0.4g,生产企业：金花企业(集团)股份有限公司西安金花制药厂,配送企业：,订购数量：0,批准文号：国药准字Z20030080",,,金天格胶囊,0.0,,False,True,pydantic_direct
matched_row_723,723,call_aa77e01222ba42fc,"医院名称：北京市西城区月坛街道社会路社区卫生服务站,产品名称：厄贝沙坦氢氯噻嗪,商品名：无,剂型：素片,规格：厄贝沙坦0.15g,氢氯噻嗪12.5mg,生产企业：浙江华海药业股份有限公司,配送企业：,订购数量：0,批准文号：国药准字H20058709",,,厄贝沙坦氢氯噻嗪,0.0,,False,True,pydantic_direct
matched_row_724,724,call_65799ad728cf492d,"医院名称：北京市朝阳区三里屯社区卫生服务中心,产品名称：苯溴马隆,商品名：立加利仙,剂型：素片,规格：50mg,生产企业：德国赫曼大药厂(昆山龙灯瑞迪分装),配送企业：,订购数量：0,批准文号：国药准字J20130141",,,苯溴马隆,0.0,,False,True,pydantic_direct
matched_row_725,725,call_97f1be4bcdd04600,"医院名称：北京市平谷区南独乐河镇社区卫生服务中心,产品名称：颈通颗粒,商品名：无,剂型：颗粒剂,规格：10g,生产企业：四川德峰药业有限公司,配送企业：,订购数量：0,批准文号：国药准字Z20025076",,,颈通颗粒,0.0,,False,True,pydantic_direct
matched_row_726,726,call_1b7ff98495c14048,"医院名称：北京长城中医医院,产品名称：麝香活血化瘀膏,商品名：无,剂型：橡胶膏剂,规格：7cm×10cm,生产企业：贵州联盛药业有限公司,配送企业：,订购数量：0,批准文号：国药准字Z20163117",,,麝香活血化瘀膏,0.0,,False,True,pydantic_direct
matched_row_727,727,call_191441f04cd64c1d,"医院名称：北京中医药大学附属护国寺中医医院,产品名称：吲哚布芬,商品名：无,剂型：素片,规格：0.2g,生产企业：杭州中美华东制药有限公司,配送企业：,订购数量：0,批准文号：国药准字H20163311",,,吲哚布芬,0.0,,False,True,pydantic_direct
matched_row_728,728,call_1b7d3091f8f74b81,"医院名称：北京市西城区新街口街道西三条社区卫生服务站,产品名称：瑞格列奈,商品名：诺和龙,剂型：素片,规格：1.0mg,生产企业：德国Boehringer Ingelheim Pharma GmbH & Co.KG,配送企业：,订购数量：0,批准文号：H20171153",,,瑞格列奈,0.0,,False,True,pydantic_direct
matched_row_729,729,call_41d74229a99e4d45,"医院名称：北京大学第一医院,产品名称：曲伏前列素,商品名：苏为坦,剂型：滴眼剂,规格：2.5ml:0.1mg,生产企业：西班牙ALCON CUSI,s.a.,配送企业：,订购数量：0,批准文号：H20130813",,,曲伏前列素,0.0,,False,True,pydantic_direct
matched_row_730,730,call_fafdc8830ac1443e,"医院名称：北京市通州区通大家园社区卫生服务站,产品名称：比索洛尔,商品名：博苏,剂型：素片,规格：2.5mg,生产企业：北京华素制药股份有限公司,配送企业：,订购数量：0,批准文号：国药准字H20023132",,,比索洛尔,0.0,,False,True,pydantic_direct
matched_row_731,731,call_464739c455104248,"医院名称：北京市西城区德胜街道裕中西里社区卫生服务站,产品名称：匹伐他汀钙,商品名：力清之,剂型：薄膜衣片,规格：2mg,生产企业：日本兴和株式会社(Kowa Company, Ltd., Nagoya Factory)（兴和制药（中国）有限公司分装）,配送企业：,订购数量：0,批准文号：国药准字J20150022",,,匹伐他汀钙,0.0,,False,True,pydantic_direct
matched_row_732,732,call_829783b60fc84dbc,"医院名称：北京市朝阳区将台地区芳园里社区卫生服务站,产品名称：非洛地平,商品名：波依定,剂型：缓释片,规格：2.5mg,生产企业：阿斯利康制药有限公司,配送企业：,订购数量：0,批准文号：国药准字H20030414",,,非洛地平,0.0,,False,True,pydantic_direct
matched_row_733,733,call_9ef8c0c0eb22406d,"医院名称：北京大学首钢医院,产品名称：强力枇杷膏,商品名：无,剂型：煎膏剂,规格：180g,生产企业：江西滕王阁药业有限公司,配送企业：,订购数量：0,批准文号：国药准字Z20013001",,,强力枇杷膏,0.0,,False,True,pydantic_direct
matched_row_734,734,call_12ead9bd97874a40,"医院名称：通州区梨园社区卫生服务中心分部,产品名称：氟比洛芬,商品名：无,剂型：凝胶膏剂,规格：12g:40mg(13.6cm×10cm),生产企业：日本MIKASA SEIYAKU CO.,LTD KAKEGAWA FACTORY(北京泰德制药股份有限公司分装),配送企业：,订购数量：0,批准文号：国药准字J20140168",,,氟比洛芬,0.0,,False,True,pydantic_direct
matched_row_735,735,call_306548bd018442c6,"医院名称：北京市朝阳区东湖街道南湖东园北社区卫生服务站,产品名称：辛伐他汀,商品名：舒降之,剂型：薄膜衣片,规格：20mg,生产企业：英国Merck Sharp & Dohme Limited(杭州默沙东制药有限公司分装),配送企业：,订购数量：0,批准文号：国药准字J20130068",,,辛伐他汀,0.0,,False,True,pydantic_direct
matched_row_736,736,call_ea7d3fe4f4c5414d,"医院名称：北京大学首钢医院,产品名称：莫沙必利,商品名：加斯清,剂型：薄膜衣片,规格：5mg,生产企业：日本Sumitomo Dainippon Pharma Co.,Ltd. Suzuka Plant(住友制药(苏州)有限公司分装),配送企业：,订购数量：0,批准文号：国药准字J20140149",,,莫沙必利,0.0,,False,True,pydantic_direct
matched_row_737,737,call_622b816a20ee476f,"医院名称：首都医科大学附属北京安贞医院,产品名称：,商品名：无,剂型：薄膜衣片,规格：2.5mg,生产企业：国药集团工业有限公司,配送企业：,订购数量：0,批准文号：国药准字H20058628",,,薄膜衣片,0.0,,False,True,pydantic_direct
matched_row_738,738,call_0bf03a2b03344f96,"医院名称：北京市平谷区平谷镇社区卫生服务中心,产品名称：非诺贝特,商品名：无,剂型：软胶囊(胶丸),规格：0.2g,生产企业：浙江爱生药业有限公司,配送企业：,订购数量：0,批准文号：国药准字H20080765",,,非诺贝特,0.0,,False,True,pydantic_direct
matched_row_739,739,call_4d04e7a9d9e043ba,"医院名称：沙河社区卫生服务中心北街家园社区卫生服务站,产品名称：脑安滴丸,商品名：无,剂型：滴丸,规格：50mg,生产企业：安徽誉隆亚东药业有限公司,配送企业：,订购数量：0,批准文号：国药准字Z20030121",,,脑安滴丸,0.0,,False,True,pydantic_direct
matched_row_740,740,call_f81e22817dc44a3c,"医院名称：北京市门头沟区大台社区卫生服务中心,产品名称：生脉,商品名：无,剂型：合剂(含口服液),规格：10ml,生产企业：北京同仁堂科技发展股份有限公司制药厂,配送企业：,订购数量：0,批准文号：国药准字Z11020372",,,生脉,0.0,,False,True,pydantic_direct
matched_row_741,741,call_9ff0c80e2c02452c,"医院名称：北京国际（SOS）救援中心,产品名称：枯草杆菌、肠球菌二联活菌,商品名：妈咪爱,剂型：颗粒剂,规格：1.0g,生产企业：北京韩美药品有限公司,配送企业：,订购数量：0,批准文号：国药准字S20020037",,,枯草杆菌、肠球菌二联活菌,0.0,,False,True,pydantic_direct
matched_row_742,742,call_68445a2731254b5b,"医院名称：北京市朝阳区将台地区芳园里社区卫生服务站,产品名称：,商品名：无,剂型：薄膜衣片,规格：20mg,生产企业：广东东阳光药业有限公司,配送企业：,订购数量：0,批准文号：国药准字H20193148",,,薄膜衣片,0.0,,False,True,pydantic_direct
matched_row_743,743,call_246c088ecd034b9e,"医院名称：北京中医药大学东直门医院,产品名称：来氟米特,商品名：爱若华,剂型：薄膜衣片,规格：10mg,生产企业：苏州长征-欣凯制药有限公司,配送企业：,订购数量：0,批准文号：国药准字H20000550",,,来氟米特,0.0,,False,True,pydantic_direct
matched_row_744,744,call_0e854958e71e45c8,"医院名称：北京中医药大学东直门医院,产品名称：青鹏软膏,商品名：无,剂型：软膏剂,规格：50g,生产企业：青海省通天河藏药制药有限责任公司,配送企业：,订购数量：0,批准文号：国药准字Z63020286",,,青鹏软膏,0.0,,False,True,pydantic_direct
matched_row_745,745,call_a8a937e46f20441d,"医院名称：北京市朝阳区妇幼保健院,产品名称：孕三烯酮,商品名：言昌,剂型：胶囊剂,规格：2.5mg,生产企业：华润紫竹药业有限公司,配送企业：,订购数量：0,批准文号：国药准字H19980020",,,孕三烯酮,0.0,,False,True,pydantic_direct
matched_row_746,746,call_b1928e1634bc439b,"医院名称：通州区梨园社区卫生服务中心分部,产品名称：西格列汀,商品名：捷诺维,剂型：薄膜衣片,规格：0.1g,生产企业：英国Merck Sharp & Dohme Limited(杭州默沙东制药有限公司分装),配送企业：,订购数量：0,批准文号：国药准字J20140095",,,西格列汀,0.0,,False,True,pydantic_direct
matched_row_747,747,call_fb1d23136db54693,"医院名称：北京市人民代表大会常务委员会机关医务室,产品名称：红霉素,商品名：无,剂型：眼膏剂,规格：2.5g:12.5mg(0.5%),生产企业：北京双吉制药有限公司,配送企业：,订购数量：0,批准文号：国药准字H11021270",,,红霉素,0.0,,False,True,pydantic_direct
matched_row_748,748,call_cd710db5ca954f4a,"医院名称：丰台区马家堡街道马家堡社区卫生服务站,产品名称：布地奈德福莫特罗,商品名：信必可都保,剂型：吸入粉雾剂,规格：(160μg/4.5μg)/吸×60,生产企业：瑞典阿斯利康AstraZeneca AB,配送企业：,订购数量：0,批准文号：H20140458",,,布地奈德福莫特罗,0.0,,False,True,pydantic_direct
matched_row_749,749,call_b7060f7c00ed4ba5,"医院名称：北京市朝阳区十八里店地区十八里店社区卫生服务站,产品名称：缬沙坦,商品名：代文,剂型：胶囊剂,规格：80mg,生产企业：北京诺华制药有限公司,配送企业：,订购数量：0,批准文号：国药准字H20040217",,,缬沙坦,0.0,,False,True,pydantic_direct
matched_row_750,750,call_e0bd6f88a7ee45ba,"医院名称：北京航星机器制造有限公司北京东城航星医院,产品名称：皮肤病血毒丸,商品名：无,剂型：水丸,规格：15g/100粒,生产企业：北京同仁堂制药有限公司,配送企业：,订购数量：0,批准文号：国药准字Z11020834",,,皮肤病血毒丸,0.0,,False,True,pydantic_direct
matched_row_751,751,call_7056a83d4fe64c0d,"医院名称：北京市西城区德胜社区卫生服务中心,产品名称：地衣芽孢杆菌活菌,商品名：整肠生,剂型：胶囊剂,规格：0.25g,生产企业：东北制药集团沈阳第一制药有限公司,配送企业：,订购数量：0,批准文号：国药准字S10950019",,,地衣芽孢杆菌活菌,0.0,,False,True,pydantic_direct
matched_row_752,752,call_ada1e127248341ae,"医院名称：首都医科大学附属北京安定医院,产品名称：酚磺乙胺,商品名：无,剂型：注射液,规格：5ml:1.0g,生产企业：天津金耀药业有限公司,配送企业：,订购数量：0,批准文号：国药准字H12020608",,,酚磺乙胺,0.0,,False,True,pydantic_direct
matched_row_753,753,call_db97ae2e6c8148ab,"医院名称：北京同仁堂中医医院有限责任公司,产品名称：颈复康颗粒,商品名：无,剂型：颗粒剂,规格：5g,生产企业：颈复康药业集团有限公司,配送企业：,订购数量：0,批准文号：国药准字Z13022204",,,颈复康颗粒,0.0,,False,True,pydantic_direct
matched_row_754,754,call_843e0b695a344068,"医院名称：北京市朝阳区和平街社区卫生服务中心,产品名称：普伐他汀,商品名：富利他之,剂型：素片,规格：20mg,生产企业：瀚晖制药有限公司,配送企业：,订购数量：0,批准文号：国药准字H20050150",,,普伐他汀,0.0,,False,True,pydantic_direct
matched_row_755,755,call_d58e3059c33b4283,"医院名称：北京市朝阳区东坝社区卫生服务中心,产品名称：伤科灵喷雾剂,商品名：无,剂型：喷雾剂,规格：70ml,生产企业：贵州恒霸药业有限责任公司,配送企业：,订购数量：0,批准文号：国药准字Z20025252",,,伤科灵喷雾剂,0.0,,False,True,pydantic_direct
matched_row_756,756,call_1210f4c26d244723,"医院名称：清源街道卫生服务中心郁花园（东区）社区卫生服务站,产品名称：孟鲁司特,商品名：无,剂型：薄膜衣片,规格：10mg,生产企业：青岛百洋制药有限公司,配送企业：,订购数量：0,批准文号：国药准字H20183239",,,孟鲁司特,0.0,,False,True,pydantic_direct
matched_row_757,757,call_ead5a93d71224930,"医院名称：北京市丰台区太平桥社区卫生服务中心,产品名称：,商品名：无,剂型：薄膜衣片,规格：2mg,生产企业：深圳信立泰药业股份有限公司,配送企业：,订购数量：0,批准文号：国药准字H20193061",,,薄膜衣片,0.0,,False,True,pydantic_direct
matched_row_758,758,call_2d2b4310c2464932,"医院名称：北京市朝阳区东坝地区东坝家园社区卫生服务站,产品名称：生血宝合剂,商品名：无,剂型：合剂（含口服液）,规格：100ml（无糖型）,生产企业：清华德人西安幸福制药有限公司,配送企业：,订购数量：0,批准文号：国药准字Z20050770",,,生血宝合剂,0.0,,False,True,pydantic_direct
matched_row_759,759,call_8334307a31be45b7,"医院名称：中国中医科学院眼科医院,产品名称：屈螺酮炔雌醇,商品名：优思明,剂型：薄膜衣片,规格：炔雌醇30μg,屈螺酮3mg,生产企业：德国Bayer Weimar GmbH & Co.KG(拜耳医药保健有限公司广州分公司分装),配送企业：,订购数量：0,批准文号：国药准字J20130120",,,屈螺酮炔雌醇,0.0,,False,True,pydantic_direct
matched_row_760,760,call_ad906cda8635457e,"医院名称：房山区大石窝石窝社区卫生服务站,产品名称：银黄颗粒,商品名：无,剂型：颗粒剂,规格：4g,生产企业：西安天一秦昆制药有限责任公司,配送企业：,订购数量：0,批准文号：国药准字Z19983108",,,银黄颗粒,0.0,,False,True,pydantic_direct
matched_row_761,761,call_6957ba8d911e4aea,"医院名称：北京市丰台区丰台街道新华街社区卫生服务站,产品名称：鼻渊通窍颗粒,商品名：无,剂型：颗粒剂,规格：15g,生产企业：山东新时代药业有限公司,配送企业：,订购数量：0,批准文号：国药准字Z20030071",,,鼻渊通窍颗粒,0.0,,False,True,pydantic_direct
matched_row_762,762,call_1e90392661f3465e,"医院名称：北京市朝阳区十八里店地区十八里店社区卫生服务站,产品名称：,商品名：无,剂型：素片,规格：5mg,生产企业：浙江京新药业股份有限公司,配送企业：,订购数量：0,批准文号：国药准字H20103356",,,药品,0.0,,False,True,pydantic_direct
matched_row_763,763,call_cc1ff0a073994a14,"医院名称：北京市丰台区南苑社区卫生服务中心,产品名称：牛黄清火丸,商品名：无,剂型：蜜丸,规格：3g,生产企业：北京同仁堂科技发展股份有限公司制药厂,配送企业：,订购数量：0,批准文号：国药准字Z11020200",,,牛黄清火丸,0.0,,False,True,pydantic_direct
matched_row_764,764,call_e20a0746c64648fb,"医院名称：北京市大兴区清源西里社区卫生服务站,产品名称：左旋氨氯地平,商品名：施慧达,剂型：素片,规格：2.5mg,生产企业：施慧达药业集团(吉林)有限公司,配送企业：,订购数量：0,批准文号：国药准字H19991083",,,左旋氨氯地平,0.0,,False,True,pydantic_direct
matched_row_765,765,call_717a388331094ec8,"医院名称：北京市平谷区马坊镇社区卫生服务中心,产品名称：氯霉素,商品名：无,剂型：滴眼剂,规格：0.25%(8ml:20mg),生产企业：广东宏盈科技有限公司,配送企业：,订购数量：0,批准文号：国药准字H20163459",,,氯霉素,0.0,,False,True,pydantic_direct
matched_row_766,766,call_a0bafb70b4704135,"医院名称：北京市通州区宋庄卫生院,产品名称：前列地尔,商品名：无,剂型：注射液,规格：1ml:5μg,生产企业：西安力邦制药有限公司,配送企业：,订购数量：0,批准文号：国药准字H20103101",,,前列地尔,0.0,,False,True,pydantic_direct
matched_row_767,767,call_f8186cf0d848473b,"医院名称：北京市石景山区古城街道滨和园西社区卫生服务站,产品名称：贝那普利,商品名：洛汀新,剂型：薄膜衣片,规格：10mg,生产企业：北京诺华制药有限公司,配送企业：,订购数量：0,批准文号：国药准字H20030514",,,贝那普利,0.0,,False,True,pydantic_direct
matched_row_768,768,call_c4d5db5d5e134fc7,"医院名称：北京市朝阳区来广营地区清河营中路社区卫生服务站,产品名称：西格列汀,商品名：捷诺维,剂型：薄膜衣片,规格：0.1g,生产企业：英国Merck Sharp & Dohme Limited(杭州默沙东制药有限公司分装),配送企业：,订购数量：0,批准文号：国药准字J20140095",,,西格列汀,0.0,,False,True,pydantic_direct
matched_row_769,769,call_bd733e0142384c95,"医院名称：北京市朝阳区小关街道惠新北里社区卫生服务站,产品名称：藿胆片,商品名：无,剂型：糖衣片,规格：片芯重0.2g,生产企业：吉林紫鑫药业股份有限公司,配送企业：,订购数量：0,批准文号：国药准字Z22024791",,,藿胆片,0.0,,False,True,pydantic_direct
matched_row_770,770,call_aab377776ada4e46,"医院名称：中日友好医院,产品名称：沙丁胺醇,商品名：万托林,剂型：吸入溶液剂,规格：2.5ml:5mg,生产企业：澳大利亚葛兰素GlaxoSmithKline Australia Pty Ltd.,配送企业：,订购数量：0,批准文号：H20110457",,,沙丁胺醇,0.0,,False,True,pydantic_direct
matched_row_771,771,call_600fbfacc4f64be3,"医院名称：北京市密云区冯家峪镇社区卫生服务中心,产品名称：开塞露(含甘油),商品名：无,剂型：溶液剂,规格：20ml,生产企业：广州白云山敬修堂药业股份有限公司,配送企业：,订购数量：0,批准文号：国药准字H44024014",,,开塞露(含甘油),0.0,,False,True,pydantic_direct
matched_row_772,772,call_8f3d3e3be2204e84,"医院名称：北京市海淀区四季青乡中心卫生院(北京四季青医院),产品名称：氨基葡萄糖,商品名：普力得,剂型：胶囊剂,规格：0.24g,生产企业：北京康必得药业有限公司,配送企业：,订购数量：0,批准文号：国药准字H20070173",,,氨基葡萄糖,0.0,,False,True,pydantic_direct
matched_row_773,773,call_3d9ec168f4194085,"医院名称：首都医科大学附属北京潞河医院,产品名称：西替利嗪,商品名：贝分,剂型：素片,规格：10mg,生产企业：鲁南贝特制药有限公司,配送企业：,订购数量：0,批准文号：国药准字H20000379",,,西替利嗪,0.0,,False,True,pydantic_direct
matched_row_774,774,call_b3b9506dd4224672,一、项目编号：BSZC2020-J2-310339-GXHS（招标文件编号：BSZC2020-J2-310339-GXHS） 二、项目名称：猪场乡羊街村种桑养蚕脱贫奔康产业园建设项目 三、中标（成交）信息 供应商名称：广西凯宸建筑工程有限公司 供应商地址：南宁市科园大道52号科瑞·江韵小区6号楼2201号 中标（成交）金额：180.0210320（万元） 四、主要标的信息 序号 供应商名称 工程名称 施工范围 施工工期 项目经理 执业证书 1 广西凯宸建筑工程有限公司 广西凯宸建筑工程有限公司 包含猪场乡羊街村种桑养蚕脱贫奔康产业园建设项目施工（具体内容以图纸及工程量清单为准）。 90日历天 韦江北 桂245080908157 五、评审专家（单一来源采购人员）名单： 韦定吉 、罗绍兴、韦纯。 六、代理服务收费标准及金额： 本项目代理费收费标准：按国家标准计取。 本项目代理费总金额：1.5601万元（人民币） 七、公告期限 自本公告发布之日起1个工作日。 八、其它补充事宜 广西恒盛工程造价咨询有限公司 猪场乡羊街村种桑养蚕脱贫奔康产业园建设项目项目成交结果公告 一、项目编号：BSZC2020-J2-310339-GXHS 。 二、项目名称：猪场乡羊街村种桑养蚕脱贫奔康产业园建设项目。 三、成交信息 供应商名称：广西凯宸建筑工程有限公司。 供应商地址：南宁市科园大道52号科瑞·江韵小区6号楼2201号 。 成交金额：人民币壹佰捌拾万零贰佰壹拾元叁角贰分（￥1800210.32 元）。 四、主要标的信息 工程类 名称：猪场乡羊街村种桑养蚕脱贫奔康产业园建设项目 施工范围：包含猪场乡羊街村种桑养蚕脱贫奔康产业园建设项目施工（具体内容以图纸及工程量清单为准）。 施工工期：90日历天 项目经理：韦江北 执业证书信息：桂245080908157 五、评审专家名单：韦定吉 、罗绍兴、韦纯。 六、代理服务收费标准及金额： 收费标准：按竞争性谈判文件约定计取； 收费金额：15601元。 七、公告期限：自本公告发布之日起1个工作日。 八、其他补充事宜： 1、供应商认为成交结果使自己的权益受到损害的，可以在成交结果公告期限届满之日起七个工作日内以书面形式向采购人或采购代理机构提出质疑，逾期将不再受理。 九、凡对本次公告内容提出询问，请按以下方式联系。 2、公告媒体：中国政府采购网www.ccgp.gov.cn 、广西壮族自治区政府采购网http://zfcg.gxzf.gov.cn/。 九、凡对本次公告内容提出询问，请按以下方式联系 1.采购人信息： 名称：隆林各族自治县猪场乡人民政府局 地址：百色市隆林各族自治县猪场乡 联系方式：联系人：农晓梅 联系电话：0776-8350267 采购代理机构信息 名称：广西恒盛工程造价咨询有限公司 地址：百色市右江区城乡路136号原建通创业大厦二楼 联系方式：联系人：王志强 联系电话：0776-2889989 3.项目联系方式： 项目联系人：王志强 联系电话：0776-2889989 十、附件 1.采购文件 2.被推荐供应商名单和推荐理由 广西恒盛工程造价咨询有限公司 2020年7月6日 九、凡对本次公告内容提出询问，请按以下方式联系。 1.采购人信息 名 称：隆林各族自治县猪场乡人民政府 地址：百色市隆林各族自治县猪场乡 联系方式：农晓梅0776-8350267 2.采购代理机构信息 名 称：广西恒盛工程造价咨询有限公司 地 址：百色市右江区城乡路136号原建通创业大厦二楼 联系方式：王志强 0776-2889989 3.项目联系方式 项目联系人：王志强 电 话： 0776-2889989,,,猪场乡羊街村种桑养蚕脱贫奔康产业园建设项目,,1800210.32,False,True,pydantic_direct
matched_row_775,775,call_45a2d866ab7d469d,"医院名称：北京化工大学卫生所,产品名称：银杏叶片,商品名：无,剂型：薄膜衣片,规格：每片含总黄酮醇苷9.6mg、萜类内酯2.4mg,生产企业：扬子江药业集团有限公司,配送企业：,订购数量：0,批准文号：国药准字Z20027949",,,银杏叶片,0.0,,False,True,pydantic_direct
matched_row_776,776,call_cdeb81b1051f4467,"医院名称：北京市昌平区南口社区卫生服务中心,产品名称：双氯芬酸,商品名：扶他林,剂型：缓释片,规格：75mg,生产企业：北京诺华制药有限公司,配送企业：,订购数量：0,批准文号：国药准字H10980297",,,双氯芬酸缓释片,0.0,,False,True,pydantic_direct
matched_row_777,777,call_11187f485b034564,"医院名称：北京大学第一医院,产品名称：碘普罗胺,商品名：优维显,剂型：注射液,规格：50ml:38.44g,生产企业：德国Bayer AG(拜耳医药保健有限公司广州分公司分装),配送企业：,订购数量：0,批准文号：国药准字J20180042",,,碘普罗胺,0.0,,False,True,pydantic_direct
matched_row_778,778,call_24db59cc86b04a72,"医院名称：北京朝阳急诊抢救中心,产品名称：异山梨酯,商品名：异乐定,剂型：缓释胶囊,规格：50mg,生产企业：优时比(珠海)制药有限公司,配送企业：,订购数量：0,批准文号：国药准字H20031224",,,异山梨酯,0.0,,False,True,pydantic_direct
matched_row_779,779,call_51c347a147e2402b,"医院名称：北京市通州区通大家园社区卫生服务站,产品名称：连花清瘟颗粒,商品名：无,剂型：颗粒剂,规格：6g,生产企业：北京以岭药业有限公司,配送企业：,订购数量：0,批准文号：国药准字Z20100040",,,连花清瘟颗粒,0.0,,False,True,pydantic_direct
matched_row_780,780,call_2d1b1a846647410c,"医院名称：北京市昌平区沙河中西医结合医院,产品名称：连翘败毒丸,商品名：无,剂型：水丸,规格：6g(6g/100粒),生产企业：北京同仁堂科技发展股份有限公司制药厂,配送企业：,订购数量：0,批准文号：国药准字Z11020149",,,连翘败毒丸,0.0,,False,True,pydantic_direct
matched_row_781,781,call_63b256d1a8134cbe,"医院名称：北京中医药大学东直门医院,产品名称：附子理中丸,商品名：无,剂型：蜜丸,规格：9g,生产企业：北京同仁堂科技发展股份有限公司制药厂,配送企业：,订购数量：0,批准文号：国药准字Z11020053",,,附子理中丸,0.0,,False,True,pydantic_direct
matched_row_782,782,call_fa3ce7706cfa46df,"医院名称：永定镇社区卫生服务中心石门营新区社区卫生服务站,产品名称：,商品名：无,剂型：薄膜衣片,规格：20mg,生产企业：山德士(中国)制药有限公司,配送企业：,订购数量：0,批准文号：国药准字H20084486",,,薄膜衣片,0.0,,False,True,pydantic_direct
matched_row_783,783,call_2429f89420af47b3,"医院名称：北京市朝阳区潘家园街道武圣西里社区卫生服务站,产品名称：比索洛尔,商品名：博苏,剂型：素片,规格：2.5mg,生产企业：北京华素制药股份有限公司,配送企业：,订购数量：0,批准文号：国药准字H20023132",,,比索洛尔,0.0,,False,True,pydantic_direct
matched_row_784,784,call_1b1a294ee8db4b02,"医院名称：北京市朝阳区小关街道惠新北里社区卫生服务站,产品名称：麻仁润肠丸,商品名：无,剂型：蜜丸,规格：6g,生产企业：山西华康药业股份有限公司,配送企业：,订购数量：0,批准文号：国药准字Z14020117",,,麻仁润肠丸,0.0,,False,True,pydantic_direct
matched_row_785,785,call_47a3deebe7934a2e,"医院名称：中国民用航空总医院,产品名称：根痛平颗粒,商品名：无,剂型：颗粒剂,规格：8g,生产企业：北京汉典制药有限公司,配送企业：,订购数量：0,批准文号：国药准字Z20013049",,,根痛平颗粒,0.0,,False,True,pydantic_direct
matched_row_786,786,call_ffb90bfb7af54466,"医院名称：王辛庄社区卫生服务中心王辛庄镇杨家会社区卫生服务站,产品名称：异山梨酯,商品名：欣康,剂型：素片,规格：20mg,生产企业：鲁南贝特制药有限公司,配送企业：,订购数量：0,批准文号：国药准字H10940039",,,异山梨酯,0.0,,False,True,pydantic_direct
matched_row_787,787,call_a1f1f65f6e2a4362,"医院名称：北京燕化医院,产品名称：乳酶生,商品名：无,剂型：素片,规格：0.15g,生产企业：桂林南药股份有限公司,配送企业：,订购数量：0,批准文号：国药准字H45020337",,,乳酶生,0.0,,False,True,pydantic_direct
matched_row_788,788,call_abf19705c08740cb,"医院名称：北京昌平同康中医门诊部,产品名称：硝苯地平,商品名：拜新同,剂型：控释片,规格：30mg,生产企业：德国Bayer AG(拜耳医药保健有限公司分装),配送企业：,订购数量：0,批准文号：国药准字J20180025",,,硝苯地平,0.0,,False,True,pydantic_direct
matched_row_789,789,call_67a48c89e613421f,"医院名称：门城地区社区卫生服务中心德露苑社区卫生服务站,产品名称：清脑复神液,商品名：无,剂型：合剂（含口服液）,规格：10ml,生产企业：广州花城药业有限公司,配送企业：,订购数量：0,批准文号：国药准字Z44020324",,,清脑复神液,0.0,,False,True,pydantic_direct
matched_row_790,790,call_71659a53688e4ed0,"医院名称：北京市房山区韩村河镇社区卫生服务中心,产品名称：金匮肾气片,商品名：无,剂型：薄膜衣片,规格：0.27g,生产企业：昆明中药厂有限公司,配送企业：,订购数量：0,批准文号：国药准字Z20025625",,,金匮肾气片,0.0,,False,True,pydantic_direct
matched_row_791,791,call_5d6452b072b24624,"医院名称：北京中医药大学东直门医院（通州院区）,产品名称：苯甲酸阿格列汀,商品名：尼欣那,剂型：薄膜衣片,规格：25mg,生产企业：日本Takeda Pharmaceutical Company Limited,Osaka Plant,配送企业：,订购数量：0,批准文号：H20130548",,,苯甲酸阿格列汀,0.0,,False,True,pydantic_direct
matched_row_792,792,call_6d469a04c84c4923,"医院名称：首都医科大学附属北京安贞医院,产品名称：吗替麦考酚酯,商品名：赛可平,剂型：分散片,规格：0.25g,生产企业：杭州中美华东制药有限公司,配送企业：,订购数量：0,批准文号：国药准字H20052083",,,吗替麦考酚酯,0.0,,False,True,pydantic_direct
matched_row_793,793,call_3a4e616f84b74316,"医院名称：北京市朝阳区安贞社区卫生服务中心,产品名称：阿司匹林,商品名：无,剂型：肠溶片,规格：0.1g,生产企业：意大利Bayer HealthCare Manufacturing S.r.L(拜耳医药保健有限公司分装),配送企业：,订购数量：0,批准文号：国药准字J20171021",,,阿司匹林,0.0,,False,True,pydantic_direct
matched_row_794,794,call_20c55e789c6b459b,"医院名称：北京市西城区广外医院,产品名称：百令片,商品名：无,剂型：薄膜衣片,规格：0.45g(相当于发酵虫草菌粉0.2g),生产企业：青海珠峰冬虫夏草药业有限公司,配送企业：,订购数量：0,批准文号：国药准字Z20080187",,,百令片,0.0,,False,True,pydantic_direct
matched_row_795,795,call_8d4d88cdd8fa4b99,"医院名称：怀柔区龙山街道社区卫生服务中心丽湖社区卫生服务站,产品名称：氟桂利嗪,商品名：西比灵,剂型：胶囊剂,规格：5mg,生产企业：西安杨森制药有限公司,配送企业：,订购数量：0,批准文号：国药准字H10930003",,,氟桂利嗪,0.0,,False,True,pydantic_direct
matched_row_796,796,call_b7d57a82fd734b23,"医院名称：北京市密云区果园社区卫生服务中心,产品名称：清咽滴丸,商品名：无,剂型：滴丸,规格：20mg,生产企业：天津中新药业集团股份有限公司第六中药厂,配送企业：,订购数量：0,批准文号：国药准字Z10930004",,,清咽滴丸,0.0,,False,True,pydantic_direct
matched_row_797,797,call_0d14c88c6d3a434b,"医院名称：北京市朝阳区和平街街道胜古庄社区卫生服务站,产品名称：麻仁润肠丸,商品名：无,剂型：蜜丸,规格：6g,生产企业：山西华康药业股份有限公司,配送企业：,订购数量：0,批准文号：国药准字Z14020117",,,麻仁润肠丸,0.0,,False,True,pydantic_direct
matched_row_798,798,call_70391858d09a4c9c,"医院名称：首都医科大学附属北京佑安医院,产品名称：肠内营养(整蛋白纤维型),商品名：能全力,剂型：口服混悬剂,规格：500ml(1kcal/ml),生产企业：纽迪希亚制药(无锡)有限公司,配送企业：,订购数量：0,批准文号：国药准字H20010284",,,肠内营养(整蛋白纤维型),0.0,,False,True,pydantic_direct
matched_row_799,799,call_f9d0eccc17a94eaf,"医院名称：北京市朝阳区三里屯街道幸福二村社区卫生服务站,产品名称：口炎清颗粒,商品名：无,剂型：颗粒剂,规格：3g,生产企业：广州白云山和记黄埔中药有限公司,配送企业：,订购数量：0,批准文号：国药准字Z20027059",,,口炎清颗粒,0.0,,False,True,pydantic_direct
matched_row_800,800,call_d85d197c904c439d,"医院名称：沙河社区卫生服务中心,产品名称：利多卡因,商品名：无,剂型：注射液,规格：10ml:0.173g,生产企业：济川药业集团有限公司,配送企业：,订购数量：0,批准文号：国药准字H10960194",,,利多卡因,0.0,,False,True,pydantic_direct
matched_row_801,801,call_befbd3be512942bd,"医院名称：北京市朝阳区东风社区卫生服务中心(石佛营西里),产品名称：克霉唑,商品名：凯妮汀,剂型：阴道片,规格：0.5g,生产企业：德国Bayer AG(拜耳医药保健有限公司启东分公司分装),配送企业：,订购数量：0,批准文号：国药准字J20130174",,,克霉唑,0.0,,False,True,pydantic_direct
matched_row_802,802,call_bf9bd1ea17a944b5,"医院名称：北京市垂杨柳医院,产品名称：甲钴胺,商品名：无,剂型：分散片,规格：0.5mg,生产企业：江苏四环生物制药有限公司,配送企业：,订购数量：0,批准文号：国药准字H20080290",,,甲钴胺,0.0,,False,True,pydantic_direct
matched_row_803,803,call_bc4a89fb649d43b0,"医院名称：北京医院,产品名称：卡泊芬净,商品名：科赛斯,剂型：粉针剂,规格：50mg,生产企业：法国Laboratoires Merck Sharp & Dohme Chibret,配送企业：,订购数量：0,批准文号：H20130944",,,卡泊芬净,0.0,,False,True,pydantic_direct
matched_row_804,804,call_4ace1d95bab24d8a,"医院名称：北京市朝阳区和平街社区卫生服务中心,产品名称：脑心通胶囊,商品名：无,剂型：胶囊剂,规格：0.4g,生产企业：陕西步长制药有限公司,配送企业：,订购数量：0,批准文号：国药准字Z20025001",,,脑心通胶囊,0.0,,False,True,pydantic_direct
matched_row_805,805,call_fc22d16f089f47e8,"医院名称：北京中医药大学附属护国寺中医医院,产品名称：聚乙烯醇,商品名：无,剂型：滴眼剂,规格：0.5ml:7mg,生产企业：信东生技股份有限公司,配送企业：,订购数量：0,批准文号：国药准字2018B02307",,,聚乙烯醇,0.0,,False,True,pydantic_direct
matched_row_806,806,call_41be67896fa3425c,"医院名称：中日友好医院,产品名称：异山梨酯,商品名：欣康,剂型：素片,规格：20mg,生产企业：鲁南贝特制药有限公司,配送企业：,订购数量：0,批准文号：国药准字H10940039",,,异山梨酯,0.0,,False,True,pydantic_direct
matched_row_807,807,call_c482f827a47345e6,"医院名称：房山区良乡地区昊天社区卫生服务站,产品名称：左旋氨氯地平,商品名：无,剂型：分散片,规格：2.5mg,生产企业：石药集团欧意药业有限公司,配送企业：,订购数量：0,批准文号：国药准字H20110011",,,左旋氨氯地平,0.0,,False,True,pydantic_direct
matched_row_808,808,call_90a22d10e6fd4d13,"医院名称：北京市门头沟区大台社区卫生服务中心,产品名称：生血宝合剂,商品名：无,剂型：合剂（含口服液）,规格：100ml（无糖型）,生产企业：清华德人西安幸福制药有限公司,配送企业：,订购数量：0,批准文号：国药准字Z20050770",,,生血宝合剂,0.0,,False,True,pydantic_direct
matched_row_809,809,call_5e0f6bb0331a4d1e,"医院名称：北京市大兴区妇幼保健院,产品名称：复方氨酚甲麻,商品名：纳尔平,剂型：口服溶液剂,规格：100ml,生产企业：北京韩美药品有限公司,配送企业：,订购数量：0,批准文号：国药准字H20041395",,,复方氨酚甲麻,0.0,,False,True,pydantic_direct
matched_row_811,811,call_231618f6ecfa481a,"医院名称：北京航星机器制造有限公司北京东城航星医院,产品名称：麝珠明目滴眼液,商品名：无,剂型：滴眼剂,规格：5ml:0.3g,生产企业：福建麝珠明股份有限公司,配送企业：,订购数量：0,批准文号：国药准字Z19990015",,,麝珠明目滴眼液,0.0,,False,True,pydantic_direct
matched_row_812,812,call_705db1e8735b4a02,"医院名称：北京市朝阳区王四营地区孛罗营社区卫生服务站,产品名称：格列吡嗪,商品名：无,剂型：控释片,规格：5mg,生产企业：北京红林制药有限公司,配送企业：,订购数量：0,批准文号：国药准字H20084634",,,格列吡嗪,0.0,,False,True,pydantic_direct
matched_row_813,813,call_9838ac1d695b4386,"医院名称：北京中医药大学东直门医院（通州院区）,产品名称：氟桂利嗪,商品名：西比灵,剂型：胶囊剂,规格：5mg,生产企业：西安杨森制药有限公司,配送企业：,订购数量：0,批准文号：国药准字H10930003",,,氟桂利嗪,0.0,,False,True,pydantic_direct
matched_row_814,814,call_fb8c66f0ae724052,"医院名称：北京市朝阳区豆各庄地区绿丰家园社区卫生服务站,产品名称：,商品名：无,剂型：薄膜衣片,规格：0.25g,生产企业：广东东阳光药业有限公司,配送企业：,订购数量：0,批准文号：国药准字H20183466",,,薄膜衣片,0.0,,False,True,pydantic_direct
matched_row_815,815,call_2c15e942b66b4ebe,"医院名称：北京市大兴区福提园养老院医务室,产品名称：精蛋白生物合成人胰岛素(预混50R),商品名：诺和灵50R,剂型：注射用混悬剂,规格：3ml:300IU,生产企业：诺和诺德(中国)制药有限公司,配送企业：,订购数量：0,批准文号：国药准字H20184041",,,精蛋白生物合成人胰岛素(预混50R),0.0,,False,True,pydantic_direct
matched_row_816,816,call_6a62d99756664675,"医院名称：首都医科大学附属北京潞河医院,产品名称：西吡氯铵,商品名：爱诺天健,剂型：含漱液,规格：240ml:0.24g,生产企业：南京恒生制药有限公司,配送企业：,订购数量：0,批准文号：国药准字H20010365",,,西吡氯铵,0.0,,False,True,pydantic_direct
matched_row_817,817,call_379620f5e71543dd,"医院名称：阳坊社区卫生服务中心,产品名称：元胡止痛滴丸,商品名：无,剂型：滴丸,规格：50mg,生产企业：甘肃陇神戎发药业股份有限公司,配送企业：,订购数量：0,批准文号：国药准字Z20010024",,,元胡止痛滴丸,0.0,,False,True,pydantic_direct
matched_row_818,818,call_af628718920744cc,"医院名称：北京裕和中西医结合康复医院有限公司,产品名称：葡醛内酯,商品名：无,剂型：素片,规格：50mg,生产企业：天津力生制药股份有限公司,配送企业：,订购数量：0,批准文号：国药准字H12020230",,,葡醛内酯,0.0,,False,True,pydantic_direct
matched_row_821,821,call_f2357609153243be,"医院名称：北京市朝阳区东坝社区卫生服务中心,产品名称：安宫降压丸,商品名：无,剂型：水蜜丸,规格：32g(10g/100粒),生产企业：北京同仁堂股份有限公司同仁堂制药厂,配送企业：,订购数量：0,批准文号：国药准字Z20043828",,,安宫降压丸,0.0,,False,True,pydantic_direct
matched_row_822,822,call_adfd63e68c664921,"医院名称：北京中医药大学东直门医院,产品名称：熊胆胶囊,商品名：无,剂型：胶囊剂,规格：0.2g(含熊胆粉0.2g),生产企业：黑龙江黑宝药业股份有限公司,配送企业：,订购数量：0,批准文号：国药准字Z19983073",,,熊胆胶囊,0.0,,False,True,pydantic_direct
matched_row_823,823,call_63e93a30be12424c,"医院名称：北京市朝阳区管庄地区京通新城社区卫生服务站,产品名称：舍曲林,商品名：左洛复,剂型：薄膜衣片,规格：50mg,生产企业：辉瑞制药有限公司,配送企业：,订购数量：0,批准文号：国药准字H10980141",,,舍曲林,0.0,,False,True,pydantic_direct
matched_row_824,824,call_1a2a0d0f5dfc428e,"医院名称：北京市朝阳区东坝地区东坝家园社区卫生服务站,产品名称：,商品名：无,剂型：咀嚼片,规格：0.5g,生产企业：广东华润顺峰药业有限公司,配送企业：,订购数量：0,批准文号：国药准字H20193054",,,,0.0,,False,True,pydantic_direct
matched_row_825,825,call_c84409399b8c4a2b,"医院名称：北京市朝阳区十八里店地区十八里店社区卫生服务站,产品名称：湿毒清片,商品名：无,剂型：薄膜衣片,规格：0.62g,生产企业：广西玉林制药集团有限责任公司,配送企业：,订购数量：0,批准文号：国药准字Z20090854",,,湿毒清片,0.0,,False,True,pydantic_direct
matched_row_826,826,call_f34e6227587241b7,"医院名称：北京市朝阳区大屯街道慧忠北里社区卫生服务站,产品名称：小建中片,商品名：无,剂型：薄膜衣片,规格：0.6g,生产企业：贵阳济仁堂药业有限公司,配送企业：,订购数量：0,批准文号：国药准字Z20080524",,,小建中片,0.0,,False,True,pydantic_direct
matched_row_827,827,call_23ec02ee8f7e43bf,"医院名称：北京安达医院,产品名称：阿奇霉素,商品名：希舒美,剂型：冻干粉针剂,规格：0.5g(50万单位),生产企业：美国Pharmacia & Upjohn Company(辉瑞制药有限公司分装),配送企业：,订购数量：0,批准文号：国药准字J20140073",,,阿奇霉素,0.0,,False,True,pydantic_direct
matched_row_828,828,call_9787783436184c5f,"医院名称：北京市监狱管理局中心医院,产品名称：骨通贴膏,商品名：无,剂型：橡胶膏剂,规格：11cm×14cm,生产企业：桂林华润天和药业有限公司,配送企业：,订购数量：0,批准文号：国药准字Z10980134",,,骨通贴膏,0.0,,False,True,pydantic_direct
matched_row_829,829,call_9bb1e888cdf046f2,"医院名称：北京市朝阳区劲松社区卫生服务中心,产品名称：生血宝合剂,商品名：无,剂型：合剂（含口服液）,规格：100ml（无糖型）,生产企业：清华德人西安幸福制药有限公司,配送企业：,订购数量：0,批准文号：国药准字Z20050770",,,生血宝合剂,0.0,,False,True,pydantic_direct
matched_row_830,830,call_e6a8bbbecd8647af,"医院名称：北京王府中西医结合医院,产品名称：叶酸,商品名：斯利安,剂型：素片,规格：0.4mg,生产企业：北京斯利安药业有限公司,配送企业：,订购数量：0,批准文号：国药准字H10970079",,,叶酸,0.0,,False,True,pydantic_direct
matched_row_832,832,call_ac01b52ae9354a9c,"医院名称：北京市密云区太师屯镇社区卫生服务中心,产品名称：替格瑞洛,商品名：倍林达,剂型：薄膜衣片,规格：90mg,生产企业：瑞典阿斯利康AstraZeneca AB(阿斯利康制药分装),配送企业：,订购数量：0,批准文号：国药准字J20130020",,,替格瑞洛,0.0,,False,True,pydantic_direct
matched_row_833,833,call_9c2bde96fc3448bb,"医院名称：门城地区社区卫生服务中心绮霞苑社区卫生服务站,产品名称：复方碳酸钙(碳酸钙+D3),商品名：无,剂型：素片,规格：每片含钙0.5g,VD3 5μg(200单位),生产企业：北京振东康远制药有限公司,配送企业：,订购数量：0,批准文号：国药准字H20093675",,,复方碳酸钙(碳酸钙+D3),0.0,,False,True,pydantic_direct
matched_row_835,835,call_b6730cb695024b4f,"医院名称：北京市丰台区长辛店街道玉皇庄社区卫生服务站,产品名称：甲钴胺,商品名：无,剂型：分散片,规格：0.5mg,生产企业：江苏四环生物制药有限公司,配送企业：,订购数量：50,批准文号：国药准字H20080290",,,甲钴胺,50.0,,False,True,pydantic_direct
matched_row_836,836,call_4cbf021d02ae448c,"医院名称：首都医科大学附属北京中医医院,产品名称：索他洛尔,商品名：伟特,剂型：素片,规格：80mg,生产企业：鲁南贝特制药有限公司,配送企业：,订购数量：0,批准文号：国药准字H20000238",,,索他洛尔,0.0,,False,True,pydantic_direct
matched_row_837,837,call_3dfd5e17c1cf4c75,"医院名称：北京市西城区德胜街道裕中东里社区卫生服务站,产品名称：舒肝丸,商品名：无,剂型：水蜜丸,规格：20g/100丸,生产企业：北京同仁堂股份有限公司同仁堂制药厂,配送企业：,订购数量：0,批准文号：国药准字Z11020760",,,舒肝丸,0.0,,False,True,pydantic_direct
matched_row_838,838,call_06954483f8b04b95,"医院名称：平谷区小辛寨社区卫生服务站,产品名称：多索茶碱,商品名：安赛玛,剂型：素片,规格：0.2g,生产企业：黑龙江福和制药集团股份有限公司,配送企业：,订购数量：0,批准文号：国药准字H19991048",,,多索茶碱,0.0,,False,True,pydantic_direct
matched_row_839,839,call_6ee2178fca514227,"医院名称：北京市大兴区妇幼保健院,产品名称：复方异丙托溴铵,商品名：可必特,剂型：吸入溶液剂,规格：2.5ml,生产企业：法国Laboratoire Unither,配送企业：,订购数量：0,批准文号：H20150173",,,复方异丙托溴铵,0.0,,False,True,pydantic_direct
matched_row_840,840,call_262d9e10cfe0458c,"医院名称：北京市顺义区城区卫生服务中心,产品名称：千山活血膏,商品名：无,剂型：膏药剂,规格：每张净重5g,生产企业：北京修成药业有限公司,配送企业：,订购数量：0,批准文号：国药准字Z20025596",,,千山活血膏,0.0,,False,True,pydantic_direct
matched_row_841,841,call_d4d938c12ef44118,"医院名称：房山区良乡地区西潞园社区卫生服务站,产品名称：替米沙坦,商品名：欣益尔,剂型：胶囊剂,规格：40mg,生产企业：北京双鹭药业股份有限公司,配送企业：,订购数量：0,批准文号：国药准字H20051671",,,替米沙坦,0.0,,False,True,pydantic_direct
matched_row_842,842,call_b32697cb49224ac1,"医院名称：北京市朝阳区安贞街道安贞里社区卫生服务站,产品名称：贝尼地平,商品名：可力洛,剂型：薄膜衣片,规格：8mg,生产企业：日本协和发酵麒麟株式会社宇部工厂(Kyowa Hakko Kirin Co.Ltd.Ube Plant)(协和发酵麒麟(中国)制药有限公司分装),配送企业：,订购数量：0,批准文号：国药准字J20171015",,,贝尼地平,0.0,,False,True,pydantic_direct
matched_row_843,843,call_fc8427f757374d12,"医院名称：北京市西城区广外医院,产品名称：西黄胶囊,商品名：无,剂型：胶囊剂,规格：0.25g（体外培育牛黄，人工麝香）,生产企业：河北万邦复临药业有限公司,配送企业：,订购数量：0,批准文号：国药准字Z20153041",,,西黄胶囊,0.0,,False,True,pydantic_direct
matched_row_844,844,call_4b2d3b0df0ee4a7a,"医院名称：北京市朝阳区和平街街道胜古庄社区卫生服务站,产品名称：鱼腥草滴眼液,商品名：无,剂型：滴眼剂,规格：8ml,生产企业：四川升和药业股份有限公司,配送企业：,订购数量：0,批准文号：国药准字Z20010110",,,鱼腥草滴眼液,0.0,,False,True,pydantic_direct
matched_row_845,845,call_c93f30dbed2b49b2,"医院名称：北京市朝阳区常营地区民族家园社区卫生服务站,产品名称：阿莫西林克拉维酸钾,商品名：尤林加,剂型：分散片,规格：187.5mg(125mg/62.5mg),生产企业：圣大(张家口)药业有限公司,配送企业：,订购数量：0,批准文号：国药准字H20041201",,,阿莫西林克拉维酸钾,0.0,,False,True,pydantic_direct
matched_row_846,846,call_17fce9b0470d42db,"医院名称：北京市门头沟区清水镇社区卫生服务中心,产品名称：氨氯地平,商品名：压氏达,剂型：素片,规格：5mg,生产企业：华润赛科药业有限责任公司,配送企业：,订购数量：0,批准文号：国药准字H20010700",,,氨氯地平,0.0,,False,True,pydantic_direct
matched_row_847,847,call_09ae5da912a74a64,"医院名称：北京市海淀区北太平庄社区卫生服务中心,产品名称：迈之灵片,商品名：无,剂型：糖衣片,规格：片芯重0.26g,生产企业：德国礼达大药厂,配送企业：,订购数量：0,批准文号：进口药品注证Z20140002",,,迈之灵片,0.0,,False,True,pydantic_direct
matched_row_848,848,call_40c5402871d24b34,"医院名称：北京市海淀区聂各庄卫生院,产品名称：泮托拉唑,商品名：泮立苏,剂型：肠溶胶囊,规格：20mg,生产企业：杭州中美华东制药有限公司,配送企业：,订购数量：0,批准文号：国药准字H20093240",,,泮托拉唑肠溶胶囊,0.0,,False,True,pydantic_direct
matched_row_849,849,call_c0418a22c4ae4342,"医院名称：北京市平谷区平谷镇社区卫生服务中心,产品名称：氯吡格雷,商品名：无,剂型：薄膜衣片,规格：75mg,生产企业：乐普药业股份有限公司,配送企业：,订购数量：0,批准文号：国药准字H20123116",,,氯吡格雷,0.0,,False,True,pydantic_direct
matched_row_850,850,call_268150b815574960,"医院名称：中煤北京煤矿机械有限责任公司职工医院,产品名称：热毒宁注射液,商品名：无,剂型：注射液,规格：10ml,生产企业：江苏康缘药业股份有限公司,配送企业：,订购数量：0,批准文号：国药准字Z20050217",,,热毒宁注射液,0.0,,False,True,pydantic_direct
matched_row_851,851,call_1a16ade6f7dc4def,"医院名称：北京市朝阳区东坝地区东坝家园社区卫生服务站,产品名称：清咽滴丸,商品名：无,剂型：滴丸,规格：20mg,生产企业：天津中新药业集团股份有限公司第六中药厂,配送企业：,订购数量：0,批准文号：国药准字Z10930004",,,清咽滴丸,0.0,,False,True,pydantic_direct
matched_row_852,852,call_83347e574fe34396,"医院名称：平谷区东高村镇社区卫生服务中心东高村社区卫生服务站,产品名称：,商品名：无,剂型：胶囊剂,规格：0.4g,生产企业：贵州维康子帆药业股份有限公司,配送企业：,订购数量：0,批准文号：国药准字Z20025657",,,药品,0.0,,False,True,pydantic_direct
matched_row_853,853,call_2de41ceb93f2458d,"医院名称：北京太申祥和中医医院,产品名称：缬沙坦,商品名：代文,剂型：胶囊剂,规格：80mg,生产企业：北京诺华制药有限公司,配送企业：,订购数量：0,批准文号：国药准字H20040217",,,缬沙坦,0.0,,False,True,pydantic_direct
matched_row_854,854,call_7dbb4ec5bd0645dd,"医院名称：北京市朝阳区小关街道惠新苑社区卫生服务站,产品名称：蛹油α－亚麻酸乙酯,商品名：无,剂型：软胶囊(胶丸),规格：0.3g,生产企业：北京百慧生化制药有限责任公司,配送企业：,订购数量：0,批准文号：国药准字H20013392",,,蛹油α－亚麻酸乙酯,0.0,,False,True,pydantic_direct
matched_row_855,855,call_cf965139cb5e4258,"医院名称：北京市西城区新街口街道西三条社区卫生服务站,产品名称：连花清瘟颗粒,商品名：无,剂型：颗粒剂,规格：6g,生产企业：北京以岭药业有限公司,配送企业：,订购数量：0,批准文号：国药准字Z20100040",,,连花清瘟颗粒,0.0,,False,True,pydantic_direct
matched_row_856,856,call_177fcb3a66ec415f,"医院名称：首都医科大学附属北京同仁医院,产品名称：尿毒清颗粒,商品名：无,剂型：颗粒剂,规格：5g,生产企业：康臣药业(内蒙古)有限责任公司,配送企业：,订购数量：0,批准文号：国药准字Z20073256",,,尿毒清颗粒,0.0,,False,True,pydantic_direct
matched_row_857,857,call_f7e5aeb2d9b941fe,"医院名称：平谷区翟各庄社区卫生服务站,产品名称：速效救心丸,商品名：无,剂型：滴丸,规格：40mg,生产企业：天津中新药业集团股份有限公司第六中药厂,配送企业：,订购数量：0,批准文号：国药准字Z12020025",,,速效救心丸,0.0,,False,True,pydantic_direct
matched_row_858,858,call_46862d1af93144bd,"医院名称：北京市昌平区南口社区卫生服务中心,产品名称：牛黄解毒片,商品名：无,剂型：薄膜衣片,规格：无(小片),生产企业：北京同仁堂科技发展股份有限公司制药厂,配送企业：,订购数量：0,批准文号：国药准字Z11020452",,,牛黄解毒片,0.0,,False,True,pydantic_direct
matched_row_859,859,call_90d036d61dd54341,"医院名称：北京市密云区医院,产品名称：重组人促红素(CHO细胞),商品名：济脉欣,剂型：注射液,规格：1ml:3000IU,生产企业：华北制药金坦生物技术股份有限公司,配送企业：,订购数量：0,批准文号：国药准字S20000026",,,重组人促红素(CHO细胞),0.0,,False,True,pydantic_direct
matched_row_860,860,call_032d675bf21d4efb,"医院名称：中国政法大学校医院,产品名称：双氯芬酸,商品名：戴芬,剂型：双释放肠溶胶囊,规格：75mg,生产企业：爱尔兰Temmler Ireland Ltd.,配送企业：,订购数量：0,批准文号：H20140548",,,双氯芬酸,0.0,,False,True,pydantic_direct
matched_row_861,861,call_8d5b12c3f6ad4cc9,"医院名称：阳坊社区卫生服务中心,产品名称：血塞通软胶囊,商品名：无,剂型：软胶囊(胶丸),规格：0.1g,生产企业：昆药集团股份有限公司,配送企业：,订购数量：0,批准文号：国药准字Z20040016",,,血塞通软胶囊,0.0,,False,True,pydantic_direct
matched_row_862,862,call_6716e1e661134ad4,"医院名称：北京市朝阳区麦子店街道霞光里社区卫生服务站,产品名称：便通胶囊,商品名：无,剂型：胶囊剂,规格：0.35g,生产企业：健民药业集团股份有限公司,配送企业：,订购数量：0,批准文号：国药准字Z19990071",,,便通胶囊,0.0,,False,True,pydantic_direct
matched_row_863,863,call_6f1ddb46c2f44f2f,"医院名称：国务院国有资产监督管理委员会物资机关服务中心门诊部,产品名称：羚羊清肺丸,商品名：无,剂型：蜜丸,规格：6g,生产企业：北京同仁堂股份有限公司同仁堂制药厂,配送企业：,订购数量：0,批准文号：国药准字Z11020088",,,羚羊清肺丸,0.0,,False,True,pydantic_direct
matched_row_864,864,call_2ef6ab154ece4acc,"医院名称：北京市平谷区大兴庄镇社区卫生服务中心,产品名称：百合固金片,商品名：无,剂型：薄膜衣片,规格：0.45g,生产企业：广东万方制药有限公司,配送企业：,订购数量：0,批准文号：国药准字Z20090800",,,百合固金片,0.0,,False,True,pydantic_direct
matched_row_865,865,call_3bcd4d9c539844c7,"医院名称：北京长峰医院股份有限公司,产品名称：甘精胰岛素,商品名：来得时,剂型：注射液,规格：3ml:300单位,生产企业：德国Sanofi-Aventis Deutschland GmbH(赛诺菲(北京)制药有限公司分装),配送企业：,订购数量：0,批准文号：国药准字J20140052",,,甘精胰岛素,0.0,,False,True,pydantic_direct
matched_row_866,866,call_a16c80dca2614ba6,"医院名称：北京中医药大学附属护国寺中医医院,产品名称：苯扎贝特,商品名：无,剂型：分散片,规格：0.2g,生产企业：江苏万高药业股份有限公司,配送企业：,订购数量：0,批准文号：国药准字H20070265",,,苯扎贝特,0.0,,False,True,pydantic_direct
matched_row_867,867,call_bcb5a555d5b044fb,"医院名称：中国航天科技集团五院五〇一门诊部,产品名称：连花清瘟颗粒,商品名：无,剂型：颗粒剂,规格：6g,生产企业：北京以岭药业有限公司,配送企业：,订购数量：0,批准文号：国药准字Z20100040",,,连花清瘟颗粒,0.0,,False,True,pydantic_direct
matched_row_868,868,call_bab4a45eb63b441c,"医院名称：北京市朝阳区将台地区芳园里社区卫生服务站,产品名称：甲硝唑,商品名：无,剂型：薄膜衣片,规格：0.2g,生产企业：远大医药(中国)有限公司,配送企业：,订购数量：0,批准文号：国药准字H42021947",,,甲硝唑,0.0,,False,True,pydantic_direct
matched_row_869,869,call_678bc4f64e7d45f9,"医院名称：北京市丰台区卢沟桥国医社区卫生服务中心,产品名称：地红霉素,商品名：域大,剂型：肠溶片,规格：0.25g,生产企业：湖南九典制药股份有限公司,配送企业：,订购数量：0,批准文号：国药准字H20030629",,,地红霉素,0.0,,False,True,pydantic_direct
matched_row_870,870,call_509b384a49f7431e,"医院名称：中国医学科学院肿瘤医院,产品名称：痰热清注射液,商品名：无,剂型：注射液,规格：10ml,生产企业：上海凯宝药业股份有限公司,配送企业：,订购数量：0,批准文号：国药准字Z20030054",,,痰热清注射液,0.0,,False,True,pydantic_direct
matched_row_871,871,call_56ba282485814879,"医院名称：北京市通州区梨园社区中心第四诊区,产品名称：复方利血平氨苯蝶啶,商品名：无,剂型：薄膜衣片,规格：复方,生产企业：华润双鹤药业股份有限公司,配送企业：,订购数量：0,批准文号：国药准字H11022335",,,复方利血平氨苯蝶啶,0.0,,False,True,pydantic_direct
matched_row_872,872,call_9ce0d6bb07b848e5,"医院名称：怀柔区龙山街道社区卫生服务中心青春苑社区卫生服务站,产品名称：左旋氨氯地平,商品名：玄宁,剂型：素片,规格：2.5mg,生产企业：石药集团欧意药业有限公司,配送企业：,订购数量：0,批准文号：国药准字H20030690",,,左旋氨氯地平,0.0,,False,True,pydantic_direct
matched_row_873,873,call_32f62f79030e42bd,"医院名称：北京市海淀区聂各庄卫生院,产品名称：瑞舒伐他汀,商品名：无,剂型：薄膜衣片,规格：10mg,生产企业：南京正大天晴制药有限公司,配送企业：,订购数量：0,批准文号：国药准字H20080670",,,瑞舒伐他汀,0.0,,False,True,pydantic_direct
matched_row_874,874,call_cd483b1460164527,"医院名称：北京市大兴区人民医院,产品名称：丹膝颗粒,商品名：无,剂型：颗粒剂,规格：10g,生产企业：九芝堂股份有限公司,配送企业：,订购数量：0,批准文号：国药准字Z20060311",,,丹膝颗粒,0.0,,False,True,pydantic_direct
matched_row_875,875,call_ed18535cdfb34c68,"医院名称：北京市羊坊店医院,产品名称：血栓心脉宁片,商品名：无,剂型：薄膜衣片,规格：0.4g,生产企业：吉林华康药业股份有限公司,配送企业：,订购数量：0,批准文号：国药准字Z20030145",,,血栓心脉宁片,0.0,,False,True,pydantic_direct
matched_row_876,876,call_a13f6514bd25457a,"医院名称：北京交通大学社区卫生服务中心,产品名称：格列喹酮,商品名：糖适平,剂型：素片,规格：30mg,生产企业：北京万辉双鹤药业有限责任公司,配送企业：,订购数量：0,批准文号：国药准字H10940258",,,格列喹酮,0.0,,False,True,pydantic_direct
matched_row_877,877,call_dfdfb2e8e7184c7c,"医院名称：北京市门头沟区大台社区卫生服务中心,产品名称：通便灵胶囊,商品名：无,剂型：胶囊剂,规格：0.25g,生产企业：河北百善药业有限公司,配送企业：,订购数量：10,批准文号：国药准字Z20063709",,,通便灵胶囊,10.0,,False,True,pydantic_direct
matched_row_878,878,call_ee99db50c13c48f3,"医院名称：怀柔区北房镇社区卫生服务中心,产品名称：益心舒片,商品名：无,剂型：薄膜衣片,规格：0.4g,生产企业：广东先通药业有限公司,配送企业：,订购数量：0,批准文号：国药准字Z20090977",,,益心舒片,0.0,,False,True,pydantic_direct
matched_row_879,879,call_ac7d16fde6724eb5,"医院名称：北京市门头沟区清水镇社区卫生服务中心,产品名称：氯化钠,商品名：无,剂型：注射液,规格：250ml:2.25g(0.9%),生产企业：华润双鹤药业股份有限公司,配送企业：,订购数量：0,批准文号：国药准字H11021191",,,氯化钠,0.0,,False,True,pydantic_direct
matched_row_880,880,call_b9ecfe0a24b24aca,"医院名称：北京市朝阳区小关街道惠新苑社区卫生服务站,产品名称：阿卡波糖,商品名：无,剂型：咀嚼片,规格：50mg,生产企业：杭州中美华东制药有限公司,配送企业：,订购数量：0,批准文号：国药准字H20150012",,,阿卡波糖,0.0,,False,True,pydantic_direct
matched_row_881,881,call_799c4e1d424a4ee9,"医院名称：北京同仁堂中医医院有限责任公司,产品名称：复方丹参滴丸,商品名：无,剂型：滴丸,规格：薄膜衣丸每丸27mg,生产企业：天士力医药集团股份有限公司,配送企业：,订购数量：0,批准文号：国药准字Z10950111",,,复方丹参滴丸,0.0,,False,True,pydantic_direct
matched_row_882,882,call_f9b0f0ce18f54aea,"医院名称：门城地区社区卫生服务中心绮霞苑社区卫生服务站,产品名称：复方氢溴酸右美沙芬,商品名：无,剂型：糖浆剂,规格：10ml:氢溴酸右美沙芬30mg:愈创木酚甘油醚0.2g,生产企业：湖北凤凰白云山药业有限公司,配送企业：,订购数量：0,批准文号：国药准字H20066647",,,复方氢溴酸右美沙芬,0.0,,False,True,pydantic_direct
matched_row_883,883,call_f5380b97b30d430f,"医院名称：首都医科大学附属北京同仁医院,产品名称：帕瑞昔布,商品名：特耐,剂型：冻干粉针剂,规格：40mg,生产企业：美国法玛西亚普强Pharmacia and Upjohn Company(辉瑞制药有限公司分装),配送企业：,订购数量：0,批准文号：国药准字J20130044",,,帕瑞昔布,0.0,,False,True,pydantic_direct
matched_row_884,884,call_c117f480b5134347,"医院名称：北京市昌平区沙河中西医结合医院,产品名称：复方阿胶浆,商品名：无,剂型：合剂（含口服液）,规格：20ml,生产企业：东阿阿胶股份有限公司,配送企业：,订购数量：0,批准文号：国药准字Z30721371",,,复方阿胶浆,0.0,,False,True,pydantic_direct
matched_row_885,885,call_a586ce5fe52b4f62,"医院名称：北京市门头沟区军庄镇社区卫生服务中心,产品名称：西替利嗪,商品名：贝分,剂型：素片,规格：10mg,生产企业：鲁南贝特制药有限公司,配送企业：,订购数量：0,批准文号：国药准字H20000379",,,西替利嗪,0.0,,False,True,pydantic_direct
matched_row_886,886,call_b407e975018246bc,"医院名称：北京市通州区中医医院,产品名称：缬沙坦氨氯地平(Ⅰ),商品名：无,剂型：薄膜衣片,规格：缬沙坦80mg,氨氯地平5mg,生产企业：西班牙诺华Novartis Farmaceutica S.A.,配送企业：,订购数量：0,批准文号：H20100734",,,缬沙坦氨氯地平(Ⅰ),0.0,,False,True,pydantic_direct
matched_row_887,887,call_4eb063c0f3b34a0a,"医院名称：北京市大兴区人民医院,产品名称：新斯的明,商品名：无,剂型：注射液,规格：2ml:1mg,生产企业：上海信谊金朱药业有限公司,配送企业：,订购数量：0,批准文号：国药准字H31022770",,,新斯的明,0.0,,False,True,pydantic_direct
matched_row_888,888,call_08d4e8d0cbb34738,"医院名称：北京市朝阳区大屯街道慧忠北里社区卫生服务站,产品名称：培哚普利,商品名：雅施达,剂型：素片,规格：4mg,生产企业：施维雅(天津)制药有限公司,配送企业：,订购数量：0,批准文号：国药准字H20034053",,,培哚普利,0.0,,False,True,pydantic_direct
matched_row_889,889,call_0795d3029d294beb,"医院名称：北京市昌平区南口社区卫生服务中心,产品名称：开塞露(含甘油),商品名：无,剂型：溶液剂,规格：20ml,生产企业：广州白云山敬修堂药业股份有限公司,配送企业：,订购数量：0,批准文号：国药准字H44024014",,,开塞露(含甘油),0.0,,False,True,pydantic_direct
matched_row_890,890,call_ab79609abdaf4925,"医院名称：北京市朝阳区小红门社区卫生服务中心,产品名称：氯吡格雷,商品名：泰嘉,剂型：薄膜衣片,规格：25mg,生产企业：深圳信立泰药业股份有限公司,配送企业：,订购数量：0,批准文号：国药准字H20000542",,,氯吡格雷,0.0,,False,True,pydantic_direct
matched_row_891,891,call_357987d944064413,"医院名称：北京市顺义区法医院,产品名称：银杏叶片,商品名：无,剂型：薄膜衣片,规格：每片含总黄酮醇苷19.2mg、萜类内酯4.8mg,生产企业：扬子江药业集团有限公司,配送企业：,订购数量：0,批准文号：国药准字Z20027949",,,银杏叶片,0.0,,False,True,pydantic_direct
matched_row_892,892,call_df9bd90c8dd240c0,"医院名称：北京市密云区果园社区卫生服务中心,产品名称：替米沙坦氢氯噻嗪,商品名：无,剂型：胶囊剂,规格：替米沙坦40mg,氢氯噻嗪12.5mg,生产企业：上海双基药业有限公司,配送企业：,订购数量：0,批准文号：国药准字H20080208",,,替米沙坦氢氯噻嗪,0.0,,False,True,pydantic_direct
matched_row_893,893,call_3d1227388536476b,"医院名称：首都医科大学附属北京天坛医院,产品名称：碘克沙醇,商品名：威视派克,剂型：注射液,规格：100ml:32g(I),生产企业：爱尔兰GE Healthcare Ireland(通用电气药业(上海)有限公司分装),配送企业：,订购数量：0,批准文号：国药准字J20140159",,,碘克沙醇,0.0,,False,True,pydantic_direct
matched_row_894,894,call_e872c0a748b94188,"医院名称：北京市朝阳区双桥医院,产品名称：葡萄糖氯化钠,商品名：无,剂型：注射液,规格：500ml:25g:4.5g,生产企业：武汉滨湖双鹤药业有限责任公司,配送企业：,订购数量：0,批准文号：国药准字H42020685",,,葡萄糖氯化钠,0.0,,False,True,pydantic_direct
matched_row_895,895,call_01d07113e54d437e,"医院名称：崔村社区卫生服务中心,产品名称：卡维地洛,商品名：金络,剂型：素片,规格：10mg,生产企业：齐鲁制药有限公司,配送企业：,订购数量：0,批准文号：国药准字H20000100",,,卡维地洛,0.0,,False,True,pydantic_direct
matched_row_896,896,call_bf37a41581054a19,"医院名称：北京市房山区城关街道辛庄社区卫生服务站,产品名称：格列齐特,商品名：无,剂型：素片,规格：80mg,生产企业：贵州圣济堂制药有限公司,配送企业：,订购数量：0,批准文号：国药准字H20003279",,,格列齐特,0.0,,False,True,pydantic_direct
matched_row_897,897,call_0a6cd8cdb2964e95,"医院名称：北京航星机器制造有限公司北京东城航星医院,产品名称：金喉健喷雾剂,商品名：无,剂型：喷雾剂,规格：20ml,生产企业：贵州宏宇药业有限公司,配送企业：,订购数量：0,批准文号：国药准字Z20025361",,,金喉健喷雾剂,0.0,,False,True,pydantic_direct
matched_row_898,898,call_93b9dfd8878c407e,"医院名称：北京市朝阳区安贞社区卫生服务中心,产品名称：硝苯地平,商品名：拜新同,剂型：控释片,规格：30mg,生产企业：德国Bayer AG(拜耳医药保健有限公司分装),配送企业：,订购数量：0,批准文号：国药准字J20180025",,,硝苯地平,0.0,,False,True,pydantic_direct
matched_row_899,899,call_3fa89ba2ee2347b9,"医院名称：北京市朝阳区潘家园街道武圣西里社区卫生服务站,产品名称：三七通舒胶囊,商品名：无,剂型：肠溶胶囊,规格：0.2g,生产企业：成都泰合健康科技集团股份有限公司华神制药厂,配送企业：,订购数量：0,批准文号：国药准字Z20030109",,,三七通舒胶囊,0.0,,False,True,pydantic_direct
matched_row_900,900,call_b08c004a5dbe4afe,"医院名称：北京市密云区果园社区卫生服务中心,产品名称：开塞露(含甘油),商品名：无,剂型：溶液剂,规格：20ml,生产企业：广州白云山敬修堂药业股份有限公司,配送企业：,订购数量：0,批准文号：国药准字H44024014",,,开塞露(含甘油),0.0,,False,True,pydantic_direct
matched_row_901,901,call_673fbdc7a4fe4834,"医院名称：北京市和平街街道十四区社区卫生服务站,产品名称：解毒生肌膏,商品名：无,剂型：软膏剂,规格：20g,生产企业：广西壮族自治区花红药业股份有限公司,配送企业：,订购数量：0,批准文号：国药准字Z45020400",,,解毒生肌膏,0.0,,False,True,pydantic_direct
matched_row_902,902,call_f5b65484b5824353,"医院名称：北京市颐和园管理处门诊部,产品名称：牛黄降压丸,商品名：无,剂型：蜜丸,规格：1.6g,生产企业：北京同仁堂科技发展股份有限公司制药厂,配送企业：,订购数量：0,批准文号：国药准字Z11020199",,,牛黄降压丸,0.0,,False,True,pydantic_direct
matched_row_903,903,call_80d0f49934de434f,"医院名称：北京朝阳中西医结合急诊抢救中心,产品名称：缬沙坦,商品名：代文,剂型：胶囊剂,规格：80mg,生产企业：北京诺华制药有限公司,配送企业：,订购数量：320,批准文号：国药准字H20040217",,,缬沙坦,320.0,,False,True,pydantic_direct
matched_row_904,904,call_b53cfa2429114306,"医院名称：北京市海淀区羊坊店社区卫生服务中心,产品名称：癃清片,商品名：无,剂型：薄膜衣片,规格：0.6g,生产企业：天津中新药业集团股份有限公司隆顺榕制药厂,配送企业：,订购数量：0,批准文号：国药准字Z10920030",,,癃清片,0.0,,False,True,pydantic_direct
matched_row_905,905,call_e5b43355e30d4d96,"医院名称：平谷区东高村镇社区卫生服务中心北张岱社区卫生服务站,产品名称：异山梨酯,商品名：无,剂型：素片,规格：20mg,生产企业：丽珠集团丽珠制药厂,配送企业：,订购数量：0,批准文号：国药准字H10940284",,,异山梨酯,0.0,,False,True,pydantic_direct
matched_row_906,906,call_280e7d86215b4605,"医院名称：北京市房山区韩村河尤家坟社区卫生服务站,产品名称：舒肝和胃丸,商品名：无,剂型：水蜜丸,规格：36g(20g/100丸),生产企业：北京同仁堂科技发展股份有限公司制药厂,配送企业：,订购数量：0,批准文号：国药准字Z11020071",,,舒肝和胃丸,0.0,,False,True,pydantic_direct
matched_row_907,907,call_66e82dba88e44e0f,"医院名称：北京市西城区新街口街道赵登禹路社区卫生服务站,产品名称：生血宝合剂,商品名：无,剂型：合剂（含口服液）,规格：100ml（无糖型）,生产企业：清华德人西安幸福制药有限公司,配送企业：,订购数量：0,批准文号：国药准字Z20050770",,,生血宝合剂,0.0,,False,True,pydantic_direct
matched_row_908,908,call_bfc153c372bd4e76,"医院名称：北京市西城区广外医院,产品名称：云南白药气雾剂,商品名：无,剂型：气雾剂,规格：50g/60g,生产企业：云南白药集团股份有限公司,配送企业：,订购数量：0,批准文号：国药准字Z53021107",,,云南白药气雾剂,0.0,,False,True,pydantic_direct
matched_row_909,909,call_9ce147796ccf42fb,"医院名称：北京中医药大学东直门医院（通州院区）,产品名称：头孢呋辛,商品名：明可欣,剂型：粉针剂,规格：0.75g,生产企业：意大利Esseti Farmaceutici s.r.l.,配送企业：,订购数量：0,批准文号：H20130560",,,头孢呋辛,0.0,,False,True,pydantic_direct
matched_row_910,910,call_08045379dba54725,"医院名称：北京京煤集团总医院木城涧医院,产品名称：清开灵软胶囊,商品名：无,剂型：软胶囊(胶丸),规格：0.4g,生产企业：神威药业集团有限公司,配送企业：,订购数量：0,批准文号：国药准字Z10970050",,,清开灵软胶囊,0.0,,False,True,pydantic_direct
matched_row_911,911,call_b78d5ff0d85a462d,"医院名称：永定镇社区卫生服务中心石门营新区社区卫生服务站,产品名称：牛黄上清丸,商品名：无,剂型：水蜜丸,规格：3.5g(3.5g/80丸)(体外培育牛黄),生产企业：国药集团中联药业有限公司,配送企业：,订购数量：0,批准文号：国药准字Z20023096",,,牛黄上清丸,0.0,,False,True,pydantic_direct
matched_row_912,912,call_9701efb39f584a16,"医院名称：北京市海淀区玉渊潭乡敬老院医务室,产品名称：,商品名：无,剂型：薄膜衣片,规格：20mg,生产企业：山德士(中国)制药有限公司,配送企业：,订购数量：0,批准文号：国药准字H20084486",,,薄膜衣片,0.0,,False,True,pydantic_direct
matched_row_913,913,call_f315b8c2af1c44b0,"医院名称：北京市房山区良乡镇后石羊社区卫生服务站,产品名称：氟比洛芬,商品名：无,剂型：凝胶膏剂,规格：12g:40mg(13.6cm×10cm),生产企业：日本MIKASA SEIYAKU CO.,LTD KAKEGAWA FACTORY(北京泰德制药股份有限公司分装),配送企业：,订购数量：0,批准文号：国药准字J20140168",,,氟比洛芬,0.0,,False,True,pydantic_direct
matched_row_914,914,call_123e9d36703d496e,"医院名称：北京市门头沟区永定镇社区卫生服务中心,产品名称：麝香壮骨膏,商品名：无,剂型：橡胶膏剂,规格：8cm×13cm,生产企业：黄石卫生材料药业有限公司,配送企业：,订购数量：0,批准文号：国药准字Z42021305",,,麝香壮骨膏,0.0,,False,True,pydantic_direct
matched_row_915,915,call_54a3b2a7a74545f1,"医院名称：北京朝阳中西医结合急诊抢救中心,产品名称：伐昔洛韦,商品名：明竹欣,剂型：薄膜衣片,规格：0.3g,生产企业：四川明欣药业有限责任公司,配送企业：,订购数量：0,批准文号：国药准字H10960202",,,伐昔洛韦,0.0,,False,True,pydantic_direct
matched_row_916,916,call_9352cdba5e5e4c7e,"医院名称：首都医科大学附属北京佑安医院,产品名称：壳脂胶囊,商品名：无,剂型：胶囊剂,规格：0.25g,生产企业：内蒙古福瑞医疗科技股份有限公司,配送企业：,订购数量：0,批准文号：国药准字Z20050665",,,壳脂胶囊,0.0,,False,True,pydantic_direct
matched_row_917,917,call_c9c99b5ba4f449ba,"医院名称：北京市朝阳区香河园社区卫生服务中心,产品名称：培哚普利吲达帕胺,商品名：百普乐,剂型：素片,规格：培哚普利叔丁胺盐4mg与吲达帕胺1.25mg,生产企业：施维雅(天津)制药有限公司,配送企业：,订购数量：0,批准文号：国药准字H20051756",,,培哚普利吲达帕胺,0.0,,False,True,pydantic_direct
matched_row_918,918,call_aaef0a1116034376,"医院名称：北京市昌平区沙河镇辛力屯村卫生室,产品名称：伤湿祛痛膏,商品名：无,剂型：橡胶膏剂,规格：11cm×15cm,生产企业：重庆陪都药业股份有限公司,配送企业：,订购数量：0,批准文号：国药准字Z50020475",,,伤湿祛痛膏,0.0,,False,True,pydantic_direct
matched_row_919,919,call_3f923e880a0447bc,"医院名称：北京市丰台区右安门街道玉林社区卫生服务站,产品名称：牛黄清心丸(局方),商品名：无,剂型：蜜丸,规格：每丸重3g(体外培育牛黄),生产企业：国药集团中联药业有限公司,配送企业：,订购数量：50,批准文号：国药准字Z42020830",,,牛黄清心丸(局方),50.0,,False,True,pydantic_direct
matched_row_920,920,call_a5b394ecd1734801,西安市地铁十四号线（北客站～贺韶村）系统设备工程总承包内乙供设备水泵设备（正线）、停车场废水处理设备采购项目中标候选人公示 详细内容请访问原网页！,,,水泵设备、停车场废水处理设备,,,True,True,pydantic_direct
matched_row_921,921,call_cc23a66e2d36493e,"医院名称：北京同仁堂中医医院有限责任公司,产品名称：阿莫罗芬,商品名：无,剂型：乳膏剂,规格：15g(0.25%),生产企业：江苏福邦药业有限公司,配送企业：,订购数量：0,批准文号：国药准字H20133066",,,阿莫罗芬,0.0,,False,True,pydantic_direct
matched_row_922,922,call_8f763f1cbf394cc9,"医院名称：王辛庄社区卫生服务中心王辛庄镇杨家会社区卫生服务站,产品名称：左氧氟沙星,商品名：来立信,剂型：薄膜衣片,规格：0.2g,生产企业：浙江医药股份有限公司新昌制药厂,配送企业：,订购数量：0,批准文号：国药准字H20033922",,,左氧氟沙星,0.0,,False,True,pydantic_direct
matched_row_923,923,call_49950ab6e9db424b,"医院名称：阳坊社区卫生服务中心,产品名称：甲硝唑,商品名：尼美欣,剂型：凝胶剂,规格：5g:37.5mg,生产企业：同方药业集团有限公司,配送企业：,订购数量：0,批准文号：国药准字H20041426",,,甲硝唑,0.0,,False,True,pydantic_direct
matched_row_924,924,call_36136c82a7674306,"医院名称：北京市通州区中医医院,产品名称：噻托溴铵,商品名：无,剂型：粉雾剂,规格：18μg+1个给药器,生产企业：正大天晴药业集团股份有限公司,配送企业：,订购数量：0,批准文号：国药准字H20060454",,,噻托溴铵,0.0,,False,True,pydantic_direct
matched_row_925,925,call_625749e3c0e94ea6,"医院名称：北京市朝阳区劲松街道农光里社区卫生服务站,产品名称：血塞通软胶囊,商品名：无,剂型：软胶囊(胶丸),规格：0.1g,生产企业：昆药集团股份有限公司,配送企业：,订购数量：0,批准文号：国药准字Z20040016",,,血塞通软胶囊,0.0,,False,True,pydantic_direct
matched_row_926,926,call_e83edc9bb1524333,"医院名称：韩村河镇孤山口社区卫生服务站,产品名称：氨氯地平,商品名：络活喜,剂型：素片,规格：5mg,生产企业：辉瑞制药有限公司,配送企业：,订购数量：0,批准文号：国药准字H10950224",,,氨氯地平,0.0,,False,True,pydantic_direct
matched_row_927,927,call_e48893d097f945b5,"医院名称：北京市朝阳区三里屯街道幸福二村社区卫生服务站,产品名称：云南白药膏,商品名：无,剂型：橡胶膏剂,规格：6.5cm×10cm,生产企业：云南白药集团无锡药业有限公司,配送企业：,订购数量：0,批准文号：国药准字Z20073015",,,云南白药膏,0.0,,False,True,pydantic_direct
matched_row_928,928,call_9861448723c44fc0,"医院名称：北京市崇文区天坛东里社区卫生服务站,产品名称：美托洛尔,商品名：倍他乐克,剂型：素片,规格：25mg,生产企业：阿斯利康制药有限公司,配送企业：,订购数量：0,批准文号：国药准字H32025391",,,美托洛尔,0.0,,False,True,pydantic_direct
matched_row_929,929,call_e6b716fd70384e38,"医院名称：北京市朝阳区三里屯街道幸福二村社区卫生服务站,产品名称：三黄片,商品名：无,剂型：糖衣片,规格：/,生产企业：爱民药业集团股份有限公司,配送企业：,订购数量：0,批准文号：国药准字Z41020112",,,三黄片,0.0,,False,True,pydantic_direct
matched_row_930,930,call_373dad2ddd9c4259,"医院名称：中国航天科技集团公司第五研究院第五〇二研究所门诊部,产品名称：加味逍遥丸,商品名：无,剂型：水丸,规格：6g/100粒,生产企业：北京同仁堂科技发展股份有限公司制药厂,配送企业：,订购数量：0,批准文号：国药准字Z11020248",,,加味逍遥丸,0.0,,False,True,pydantic_direct
matched_row_931,931,call_37f9111f650d4c07,"医院名称：北京市房山区燕山向阳社区卫生服务站,产品名称：藤黄健骨片,商品名：无,剂型：薄膜衣片,规格：0.5g,生产企业：湖南方盛制药股份有限公司,配送企业：,订购数量：0,批准文号：国药准字Z20090570",,,藤黄健骨片,0.0,,False,True,pydantic_direct
matched_row_932,932,call_3711283bd9aa4408,"医院名称：通州区梨园社区卫生服务中心刘老公庄社区卫生服务站,产品名称：匹伐他汀钙,商品名：无,剂型：分散片,规格：2mg,生产企业：浙江京新药业股份有限公司,配送企业：,订购数量：0,批准文号：国药准字H20130115",,,匹伐他汀钙,0.0,,False,True,pydantic_direct
matched_row_933,933,call_1e7d53d5f27d402f,"医院名称：北京市朝阳区和平街街道胜古庄社区卫生服务站,产品名称：鼻渊通窍颗粒,商品名：无,剂型：颗粒剂,规格：15g,生产企业：山东新时代药业有限公司,配送企业：,订购数量：3,批准文号：国药准字Z20030071",,,鼻渊通窍颗粒,3.0,,False,True,pydantic_direct
matched_row_934,934,call_cbe8870d75934b74,"医院名称：北京市丰台区马家堡社区卫生服务中心,产品名称：金蝉止痒胶囊,商品名：无,剂型：胶囊剂,规格：0.5g,生产企业：重庆希尔安药业有限公司,配送企业：,订购数量：0,批准文号：国药准字Z20090396",,,金蝉止痒胶囊,0.0,,False,True,pydantic_direct
matched_row_935,935,call_eca107a85fa2454c,"医院名称：延庆区延庆镇社区卫生服务中心（鲁庄社区卫生服务站),产品名称：替米沙坦氢氯噻嗪,商品名：无,剂型：胶囊剂,规格：替米沙坦40mg,氢氯噻嗪12.5mg,生产企业：上海双基药业有限公司,配送企业：,订购数量：0,批准文号：国药准字H20080208",,,替米沙坦氢氯噻嗪,0.0,,False,True,pydantic_direct
matched_row_936,936,call_c10362394ffc4416,"医院名称：通州区梨园社区卫生服务中心分部,产品名称：缬沙坦,商品名：平欣,剂型：分散片,规格：40mg,生产企业：鲁南贝特制药有限公司,配送企业：,订购数量：0,批准文号：国药准字H20051350",,,缬沙坦,0.0,,False,True,pydantic_direct
matched_row_937,937,call_e50378a1befa493e,"医院名称：北京市丰台区东铁营街道铁营社区卫生服务站,产品名称：羟苯磺酸钙,商品名：无,剂型：分散片,规格：0.25g,生产企业：江苏万高药业股份有限公司,配送企业：,订购数量：0,批准文号：国药准字H20080288",,,羟苯磺酸钙,0.0,,False,True,pydantic_direct
matched_row_938,938,call_7c6a19ff34a84ba1,"医院名称：北京朝阳急诊抢救中心,产品名称：喹硫平,商品名：思瑞康,剂型：薄膜衣片,规格：25mg,生产企业：阿斯利康制药有限公司,配送企业：,订购数量：0,批准文号：H20130035",,,喹硫平,0.0,,False,True,pydantic_direct
matched_row_939,939,call_a0b9a05a53af4898,"医院名称：北京市丰台区马家堡社区卫生服务中心,产品名称：氯吡格雷,商品名：泰嘉,剂型：薄膜衣片,规格：25mg,生产企业：深圳信立泰药业股份有限公司,配送企业：,订购数量：0,批准文号：国药准字H20000542",,,氯吡格雷,0.0,,False,True,pydantic_direct
matched_row_940,940,call_131a2810dd594093,"医院名称：北京市朝阳区香河园社区卫生服务中心,产品名称：非洛地平,商品名：无,剂型：缓释片,规格：5mg,生产企业：合肥立方制药股份有限公司,配送企业：,订购数量：0,批准文号：国药准字H20040773",,,非洛地平,0.0,,False,True,pydantic_direct
matched_row_941,941,call_cb5da0a02bee4feb,"医院名称：北京市门头沟区妙峰山镇社区卫生服务中心,产品名称：异山梨酯,商品名：欣康,剂型：分散片,规格：20mg,生产企业：鲁南贝特制药有限公司,配送企业：,订购数量：0,批准文号：国药准字H20052095",,,异山梨酯,0.0,,False,True,pydantic_direct
matched_row_942,942,call_0edf6ac419f44c2c,"医院名称：北京大学首钢医院,产品名称：托特罗定,商品名：无,剂型：缓释片,规格：4mg,生产企业：南京美瑞制药有限公司,配送企业：,订购数量：0,批准文号：国药准字H20070272",,,托特罗定,0.0,,False,True,pydantic_direct
matched_row_943,943,call_2d152cb2c758401d,"医院名称：北京市怀柔区怀北镇大水峪村社区卫生服务站,产品名称：氢氯噻嗪,商品名：无,剂型：素片,规格：25mg,生产企业：天津力生制药股份有限公司,配送企业：,订购数量：0,批准文号：国药准字H12020166",,,氢氯噻嗪,0.0,,False,True,pydantic_direct
matched_row_944,944,call_745db8550a2844e8,"医院名称：北京市石景山区杨庄医院（北京市石景山区杨庄社区卫生服务站）,产品名称：特拉唑嗪,商品名：马沙尼,剂型：素片,规格：2mg,生产企业：华润赛科药业有限责任公司,配送企业：,订购数量：0,批准文号：国药准字H10970081",,,特拉唑嗪,0.0,,False,True,pydantic_direct
matched_row_945,945,call_b1f95aea6469474f,"医院名称：首都医科大学附属北京同仁医院,产品名称：乌司他丁,商品名：天普洛安,剂型：冻干粉针剂,规格：10万IU,生产企业：广东天普生化医药股份有限公司,配送企业：,订购数量：0,批准文号：国药准字H19990134",,,乌司他丁,0.0,,False,True,pydantic_direct
matched_row_946,946,call_05182c76ecd640db,"医院名称：北京联科中医肾病医院,产品名称：丁苯酞,商品名：恩必普,剂型：软胶囊(胶丸),规格：0.1g,生产企业：石药集团恩必普药业有限公司,配送企业：,订购数量：0,批准文号：国药准字H20050299",,,丁苯酞,0.0,,False,True,pydantic_direct
matched_row_947,947,call_56250575171540be,"医院名称：北京市门头沟区军庄镇社区卫生服务中心,产品名称：芪苈强心胶囊,商品名：无,剂型：胶囊剂,规格：0.3g,生产企业：石家庄以岭药业股份有限公司,配送企业：,订购数量：0,批准文号：国药准字Z20040141",,,芪苈强心胶囊,0.0,,False,True,pydantic_direct
matched_row_948,948,call_8a26f839dad148d5,"医院名称：首都医科大学附属北京中医医院,产品名称：润燥止痒胶囊,商品名：无,剂型：胶囊剂,规格：0.5g,生产企业：国药集团同济堂(贵州)制药有限公司,配送企业：,订购数量：0,批准文号：国药准字Z20025030",,,润燥止痒胶囊,0.0,,False,True,pydantic_direct
matched_row_949,949,call_f9a511562c244270,"医院名称：北京市延庆区千家店镇社区卫生服务中心,产品名称：健脾生血颗粒,商品名：无,剂型：颗粒剂,规格：5g,生产企业：健民药业集团股份有限公司,配送企业：,订购数量：0,批准文号：国药准字Z10940043",,,健脾生血颗粒,0.0,,False,True,pydantic_direct
matched_row_950,950,call_5d8102429e414407,"医院名称：北京市朝阳区麦子店街道枣营北里社区卫生服务站,产品名称：元胡止痛滴丸,商品名：无,剂型：滴丸,规格：50mg,生产企业：甘肃陇神戎发药业股份有限公司,配送企业：,订购数量：0,批准文号：国药准字Z20010024",,,元胡止痛滴丸,0.0,,False,True,pydantic_direct
matched_row_951,951,call_afa8ad7f40014767,"医院名称：北京市仁和医院,产品名称：脂溶性维生素,商品名：维他利匹特(成人),剂型：注射用乳剂,规格：10ml(每ml含VA330单位、VD2 20单位、VE 0.91mg、VK1 15μg),生产企业：费森尤斯卡比华瑞制药有限公司,配送企业：,订购数量：0,批准文号：国药准字H32023138",,,脂溶性维生素,0.0,,False,True,pydantic_direct
matched_row_952,952,call_30ac479ca46247dc,"医院名称：航空总医院,产品名称：奥曲肽,商品名：善宁,剂型：注射液,规格：1ml:0.1mg,生产企业：瑞士诺华制药有限公司Novartis Pharma Stein AG,配送企业：,订购数量：0,批准文号：H20150364",,,奥曲肽,0.0,,False,True,pydantic_direct
matched_row_953,953,call_8caa8cf221444ec8,"医院名称：北京大学首钢医院,产品名称：丁苯酞,商品名：恩必普,剂型：软胶囊(胶丸),规格：0.1g,生产企业：石药集团恩必普药业有限公司,配送企业：,订购数量：0,批准文号：国药准字H20050299",,,丁苯酞,0.0,,False,True,pydantic_direct
matched_row_954,954,call_d405f791229145a3,"医院名称：北京理工大学社区卫生服务中心,产品名称：便通片(薄膜衣),商品名：无,剂型：薄膜衣片,规格：0.46g,生产企业：泰华天然生物制药有限公司,配送企业：,订购数量：0,批准文号：国药准字Z20063318",,,便通片(薄膜衣),0.0,,False,True,pydantic_direct
matched_row_955,955,call_37fe2c9d1f814c2c,"医院名称：阳坊社区卫生服务中心,产品名称：特拉唑嗪,商品名：泰乐,剂型：胶囊剂,规格：2mg,生产企业：扬子江药业集团江苏制药股份有限公司,配送企业：,订购数量：0,批准文号：国药准字H20000094",,,特拉唑嗪,0.0,,False,True,pydantic_direct
matched_row_956,956,call_0271db7a39724a7a,"医院名称：兴寿社区卫生服务中心,产品名称：壮骨麝香止痛膏,商品名：无,剂型：橡胶膏剂,规格：11cm×15cm,生产企业：重庆陪都药业股份有限公司,配送企业：,订购数量：0,批准文号：国药准字Z50020478",,,壮骨麝香止痛膏,0.0,,False,True,pydantic_direct
matched_row_957,957,call_3a85c4a00b9443c4,"医院名称：北京普祥中医肿瘤医院,产品名称：葡萄糖,商品名：无,剂型：注射液,规格：100ml:5g(5%),生产企业：华夏生生药业(北京)有限公司,配送企业：,订购数量：0,批准文号：国药准字H20163332",,,葡萄糖,0.0,,False,True,pydantic_direct
matched_row_958,958,call_e5391d6b14a84212,"医院名称：北京市昌平区南口镇陈庄村卫生室（兰永生）,产品名称：开胸顺气丸,商品名：无,剂型：水丸,规格：6g,生产企业：北京同仁堂科技发展股份有限公司制药厂,配送企业：,订购数量：0,批准文号：国药准字Z11020148",,,开胸顺气丸,0.0,,False,True,pydantic_direct
matched_row_959,959,call_ea52f4b8a2e24b4f,"医院名称：北京市门头沟区大台社区卫生服务中心,产品名称：头孢米诺,商品名：无,剂型：粉针剂,规格：0.5g,生产企业：哈尔滨誉衡制药有限公司,配送企业：,订购数量：0,批准文号：国药准字H20058822",,,头孢米诺,0.0,,False,True,pydantic_direct
matched_row_960,960,call_8dc6b07813104120,"医院名称：北京今康中医医院,产品名称：依那普利,商品名：无,剂型：素片,规格：10mg,生产企业：亚宝药业集团股份有限公司,配送企业：,订购数量：0,批准文号：国药准字H14023578",,,依那普利,0.0,,False,True,pydantic_direct
matched_row_961,961,call_b76bcac63b6b4745,"医院名称：北京市朝阳区东坝地区高杨树社区卫生服务站,产品名称：开胸顺气丸,商品名：无,剂型：水丸,规格：6g,生产企业：北京同仁堂科技发展股份有限公司制药厂,配送企业：,订购数量：0,批准文号：国药准字Z11020148",,,开胸顺气丸,0.0,,False,True,pydantic_direct
matched_row_962,962,call_a104bf12e7f04130,"医院名称：应急总医院,产品名称：伤湿止痛膏,商品名：无,剂型：橡胶膏剂,规格：7cm×10cm,生产企业：黄石卫生材料药业有限公司,配送企业：,订购数量：0,批准文号：国药准字Z42021954",,,伤湿止痛膏,0.0,,False,True,pydantic_direct
matched_row_963,963,call_4e12ae80c44e4177,"医院名称：北京市通州区梨园镇梨园社区卫生服务中心,产品名称：复方甘草,商品名：无,剂型：素片,规格：复方,生产企业：国药集团工业有限公司,配送企业：,订购数量：0,批准文号：国药准字H11020671",,,复方甘草,0.0,,False,True,pydantic_direct
matched_row_964,964,call_2b12955cf1be4f89,"医院名称：北京市海淀区西三旗街道科实五金有限责任公司社区卫生服务站,产品名称：美托洛尔,商品名：倍他乐克,剂型：素片,规格：25mg,生产企业：阿斯利康制药有限公司,配送企业：,订购数量：0,批准文号：国药准字H32025391",,,美托洛尔,0.0,,False,True,pydantic_direct
matched_row_965,965,call_5302689135c44ba5,"医院名称：北京市朝阳区潘家园街道武圣西里社区卫生服务站,产品名称：金果饮(口服液),商品名：无,剂型：合剂（含口服液）,规格：100ml,生产企业：芜湖绿叶制药有限公司,配送企业：,订购数量：0,批准文号：国药准字Z34020256",,,金果饮(口服液),0.0,,False,True,pydantic_direct
matched_row_966,966,call_3019219f857b40f6,"医院名称：首都医科大学宣武医院,产品名称：多西环素,商品名：无,剂型：素片,规格：0.1g(10万IU),生产企业：江苏联环药业股份有限公司,配送企业：,订购数量：0,批准文号：国药准字H32021266",,,多西环素,0.0,,False,True,pydantic_direct
matched_row_967,967,call_b7b693e17bbf48da,"医院名称：大兴区清源街道社区卫生服务中心宏盛社区卫生服务站,产品名称：匹伐他汀钙,商品名：无,剂型：薄膜衣片,规格：1mg,生产企业：山东齐都药业有限公司,配送企业：,订购数量：0,批准文号：国药准字H20140011",,,匹伐他汀钙,0.0,,False,True,pydantic_direct
matched_row_968,968,call_622cb75077fa4c46,"医院名称：北京市平谷区马坊镇社区卫生服务中心,产品名称：参芍片,商品名：无,剂型：薄膜衣片,规格：0.3g,生产企业：保定天浩制药有限公司,配送企业：,订购数量：0,批准文号：国药准字Z10900015",,,参芍片,0.0,,False,True,pydantic_direct
matched_row_969,969,call_615e4419c9fd488b,"医院名称：北京市通州区通大家园社区卫生服务站,产品名称：水飞蓟宾,商品名：无,剂型：薄膜衣片,规格：0.1g,生产企业：江苏中兴药业有限公司,配送企业：,订购数量：0,批准文号：国药准字H32026233",,,水飞蓟宾,0.0,,False,True,pydantic_direct
matched_row_970,970,call_510b4a3dac51436b,"医院名称：北京市通州区通大家园社区卫生服务站,产品名称：格列齐特,商品名：达美康,剂型：缓释片,规格：30mg,生产企业：施维雅(天津)制药有限公司,配送企业：,订购数量：0,批准文号：国药准字H20044694",,,格列齐特,0.0,,False,True,pydantic_direct
matched_row_971,971,call_3e4376b62cdf4cc2,"医院名称：北京市丰台区马家堡社区卫生服务中心,产品名称：牛黄清火丸,商品名：无,剂型：蜜丸,规格：3g,生产企业：北京同仁堂科技发展股份有限公司制药厂,配送企业：,订购数量：0,批准文号：国药准字Z11020200",,,牛黄清火丸,0.0,,False,True,pydantic_direct
matched_row_972,972,call_0f81dd42e5b04bbe,"医院名称：北京市海淀区妇幼保健院,产品名称：乙型肝炎人免疫球蛋白,商品名：无,剂型：注射液,规格：200IU,生产企业：成都蓉生药业有限责任公司,配送企业：,订购数量：0,批准文号：国药准字S20013033",,,乙型肝炎人免疫球蛋白,0.0,,False,True,pydantic_direct
matched_row_973,973,call_16769c50fc1840d9,"医院名称：北京市海淀区八里庄社区卫生服务中心,产品名称：坦索罗辛,商品名：哈乐,剂型：缓释胶囊,规格：0.2mg,生产企业：安斯泰来制药(中国)有限公司,配送企业：,订购数量：0,批准文号：国药准字H20000681",,,坦索罗辛,0.0,,False,True,pydantic_direct
matched_row_974,974,call_ecd5a88c5df2456a,"医院名称：首都医科大学附属北京安贞医院,产品名称：吡柔比星,商品名：无,剂型：冻干粉针剂,规格：10mg,生产企业：深圳万乐药业有限公司,配送企业：,订购数量：0,批准文号：国药准字H10930105",,,吡柔比星,0.0,,False,True,pydantic_direct
matched_row_975,975,call_6839962960994ad2,"医院名称：北京市昌平区城北街道一街社区卫生服务站,产品名称：泮托拉唑,商品名：无,剂型：肠溶片,规格：20mg,生产企业：湖南九典制药股份有限公司,配送企业：,订购数量：0,批准文号：国药准字H20133371",,,泮托拉唑,0.0,,False,True,pydantic_direct
matched_row_976,976,call_6643c3ffac2e438b,"医院名称：北京市朝阳区小关街道惠新苑社区卫生服务站,产品名称：缬沙坦,商品名：平欣,剂型：分散片,规格：40mg,生产企业：鲁南贝特制药有限公司,配送企业：,订购数量：0,批准文号：国药准字H20051350",,,缬沙坦,0.0,,False,True,pydantic_direct
matched_row_977,977,call_f9decc43d88c4e1d,"医院名称：北京市朝阳区大屯街道慧忠里社区卫生服务站,产品名称：,商品名：无,剂型：乳胶剂,规格：20g:0.2g(1%),生产企业：瑞士GSK Consumer Healthcare S.A.,配送企业：,订购数量：0,批准文号：H20181225",,,乳胶剂,0.0,,False,True,pydantic_direct
matched_row_978,978,call_2fee908aceb24653,"医院名称：北京市丰台区卢沟桥国医社区卫生服务中心,产品名称：消痛贴膏,商品名：无,剂型：贴膏剂,规格：药芯袋每贴装1.2g,润湿剂每袋装2.5ml,生产企业：西藏奇正藏药股份有限公司,配送企业：,订购数量：0,批准文号：国药准字Z54020113",,,消痛贴膏,0.0,,False,True,pydantic_direct
matched_row_979,979,call_ba6f29d5ab774215,"医院名称：北京裕和中西医结合康复医院有限公司,产品名称：葡萄糖,商品名：无,剂型：注射液,规格：250ml:125g(50%),生产企业：华润双鹤药业股份有限公司,配送企业：,订购数量：0,批准文号：国药准字H11020624",,,葡萄糖,0.0,,False,True,pydantic_direct
matched_row_980,980,call_ff121906e7e4460d,"医院名称：北京市丰台区铁营医院,产品名称：百合固金片,商品名：无,剂型：薄膜衣片,规格：0.45g,生产企业：广东万方制药有限公司,配送企业：,订购数量：0,批准文号：国药准字Z20090800",,,百合固金片,0.0,,False,True,pydantic_direct
matched_row_981,981,call_8b2c542bce7e4b37,"医院名称：北京市海淀区青龙桥社区卫生服务中心,产品名称：硝酸甘油,商品名：无,剂型：素片,规格：0.5mg,生产企业：北京益民药业有限公司,配送企业：,订购数量：0,批准文号：国药准字H11021022",,,硝酸甘油,0.0,,False,True,pydantic_direct
matched_row_982,982,call_6207a212d3774aba,"医院名称：北京市门头沟区大台社区卫生服务中心,产品名称：清热八味胶囊,商品名：无,剂型：胶囊剂,规格：0.3g,生产企业：内蒙古奥特奇蒙药股份有限公司金山蒙药厂,配送企业：,订购数量：0,批准文号：国药准字Z20063676",,,清热八味胶囊,0.0,,False,True,pydantic_direct
matched_row_983,983,call_a22c666fb1f14726,"医院名称：北京市海淀区羊坊店社区卫生服务中心,产品名称：,商品名：佑苏,剂型：素片,规格：2mg,生产企业：扬子江药业集团广州海瑞药业有限公司,配送企业：,订购数量：0,批准文号：国药准字H20073592",,,佑苏,0.0,,False,True,pydantic_direct
matched_row_984,984,call_d7a1ed04c4b24a96,"医院名称：北京市房山区韩村河岳各庄社区卫生服务站,产品名称：血塞通胶囊,商品名：无,剂型：胶囊剂,规格：0.1g,生产企业：云南白药集团文山七花有限责任公司,配送企业：,订购数量：0,批准文号：国药准字Z53020832",,,血塞通胶囊,0.0,,False,True,pydantic_direct
matched_row_985,985,call_d5db21884eb94db0,"医院名称：北京市房山区窦店镇社区卫生服务中心,产品名称：明目地黄丸,商品名：无,剂型：蜜丸,规格：9g,生产企业：河南润弘本草制药有限公司,配送企业：,订购数量：0,批准文号：国药准字Z41020711",,,明目地黄丸,0.0,,False,True,pydantic_direct
matched_row_986,986,call_a5aa28d1db5347a4,"医院名称：北京市门头沟区大峪街道高层社区卫生服务站,产品名称：尪痹片,商品名：无,剂型：薄膜衣片,规格：0.5g,生产企业：辽宁上药好护士药业(集团)有限公司,配送企业：,订购数量：0,批准文号：国药准字Z20044066",,,尪痹片,0.0,,False,True,pydantic_direct
matched_row_987,987,call_7e91c042ed204257,"医院名称：北京中能建医院,产品名称：琥珀酸亚铁,商品名：无,剂型：薄膜衣片,规格：0.1g,生产企业：湖南华纳大药厂股份有限公司,配送企业：,订购数量：0,批准文号：国药准字H20133230",,,琥珀酸亚铁,0.0,,False,True,pydantic_direct
matched_row_988,988,call_61d1ced02cfa4ed4,"医院名称：北京市通州区梨园镇半壁店社区卫生服务站,产品名称：别嘌醇,商品名：奥迈必利,剂型：缓释胶囊,规格：0.25g,生产企业：黑龙江澳利达奈德制药有限公司,配送企业：,订购数量：0,批准文号：国药准字H20041338",,,别嘌醇,0.0,,False,True,pydantic_direct
matched_row_989,989,call_77a9cb00133a472d,"医院名称：北京市朝阳区小红门社区卫生服务中心,产品名称：三拗片,商品名：无,剂型：薄膜衣片,规格：0.5g,生产企业：济川药业集团有限公司,配送企业：,订购数量：0,批准文号：国药准字Z20090708",,,三拗片,0.0,,False,True,pydantic_direct
matched_row_990,990,call_ecfaca560ca347cb,"医院名称：昌平区沙河社区卫生服务中心白各庄社区卫生服务站,产品名称：感冒清热颗粒,商品名：无,剂型：颗粒剂,规格：6g,生产企业：北京同仁堂科技发展股份有限公司制药厂,配送企业：,订购数量：0,批准文号：国药准字Z11020361",,,感冒清热颗粒,0.0,,False,True,pydantic_direct
matched_row_991,991,call_3a6e4b329a09465d,"医院名称：中国石化工程建设有限公司医务室,产品名称：维生素B2,商品名：无,剂型：素片,规格：5mg,生产企业：天津力生制药股份有限公司,配送企业：,订购数量：0,批准文号：国药准字H12020169",,,维生素B2,0.0,,False,True,pydantic_direct
matched_row_992,992,call_1d17248925e74fe1,"医院名称：北京市朝阳区酒仙桥社区卫生服务中心,产品名称：消栓通络片,商品名：无,剂型：薄膜衣片,规格：每片重0.4g(每片相当于原药材1.8g),生产企业：湖南安邦制药有限公司,配送企业：,订购数量：0,批准文号：国药准字Z20043334",,,消栓通络片,0.0,,False,True,pydantic_direct
matched_row_993,993,call_4f4fc6feaf1b4b94,"医院名称：北京市丰台区朱家坟社区卫生服务中心,产品名称：氯化钠,商品名：无,剂型：注射液,规格：1000ml:9g(0.9%),生产企业：石家庄四药有限公司,配送企业：,订购数量：0,批准文号：国药准字H13023203",,,氯化钠,0.0,,False,True,pydantic_direct
matched_row_994,994,call_455cac58722c4630,"医院名称：北京市朝阳区管庄地区惠河东里社区卫生服务站,产品名称：千山活血膏,商品名：无,剂型：膏药剂,规格：每张净重5g,生产企业：北京修成药业有限公司,配送企业：,订购数量：0,批准文号：国药准字Z20025596",,,千山活血膏,0.0,,False,True,pydantic_direct
matched_row_995,995,call_6f3ff4f1ad7042d8,"医院名称：北京世纪兴华医院,产品名称：金嗓散结胶囊,商品名：无,剂型：胶囊剂,规格：0.4g,生产企业：西安碑林药业股份有限公司,配送企业：,订购数量：0,批准文号：国药准字Z61020024",,,金嗓散结胶囊,0.0,,False,True,pydantic_direct
matched_row_996,996,call_9ddbbff0b0664f15,"医院名称：北京市石景山医院,产品名称：伏立康唑,商品名：无,剂型：胶囊剂,规格：50mg,生产企业：四川美大康华康药业有限公司,配送企业：,订购数量：0,批准文号：国药准字H20080787",,,伏立康唑,0.0,,False,True,pydantic_direct
matched_row_997,997,call_89f11a3fa079432e,"医院名称：北京市海淀区聂各庄卫生院,产品名称：氟哌噻吨/美利曲辛,商品名：无,剂型：胶囊剂,规格：每粒含氟哌噻吨0.5mg和美利曲辛10mg,生产企业：成都倍特药业股份有限公司,配送企业：,订购数量：0,批准文号：国药准字H20150043",,,氟哌噻吨/美利曲辛,0.0,,False,True,pydantic_direct
matched_row_998,998,call_3674cb69d2aa41b8,"医院名称：北京同仁堂中医医院有限责任公司,产品名称：枣仁安神液,商品名：无,剂型：合剂（含口服液）,规格：10ml,生产企业：北京同仁堂股份有限公司同仁堂制药厂,配送企业：,订购数量：0,批准文号：国药准字Z11020035",,,枣仁安神液,0.0,,False,True,pydantic_direct
matched_row_999,999,call_4a2e95cb3147456c,"医院名称：北京市朝阳区王四营社区卫生服务中心,产品名称：血栓通胶囊,商品名：无,剂型：胶囊剂,规格：0.18g(含三七总皂苷0.1g),生产企业：哈尔滨珍宝制药有限公司,配送企业：,订购数量：0,批准文号：国药准字Z20025972",,,血栓通胶囊,0.0,,False,True,pydantic_direct
matched_row_1000,1000,call_c4e869cfcc07495a,"医院名称：北京市丰台区右安门街道玉林社区卫生服务站,产品名称：阿托伐他汀,商品名：立普妥,剂型：薄膜衣片,规格：20mg,生产企业：辉瑞制药有限公司,配送企业：,订购数量：0,批准文号：国药准字H20051408",,,阿托伐他汀,0.0,,False,True,pydantic_direct
matched_row_1001,1001,call_e3f25ddc9fe14905,"医院名称：北京市门头沟区医院,产品名称：玻璃酸,商品名：美丹特,剂型：注射液,规格：2.5ml:25mg,生产企业：日本明治制果药业株式会社小田原工厂Meiji Seika Pharma Co.,Ltd.Odawara Plant(哈尔滨誉衡制药有限公司分装),配送企业：,订购数量：0,批准文号：国药准字J20171041",,,玻璃酸,0.0,,False,True,pydantic_direct
matched_row_1002,1002,call_b38fe81bd4fd4541,"医院名称：北京市和平里医院,产品名称：福多司坦,商品名：无,剂型：薄膜衣片,规格：0.2g,生产企业：江苏正大丰海制药有限公司,配送企业：,订购数量：0,批准文号：国药准字H20090216",,,福多司坦,0.0,,False,True,pydantic_direct
matched_row_1003,1003,call_df9c948493d9466a,"医院名称：北京中医药大学东直门医院,产品名称：左旋卡尼汀,商品名：无,剂型：注射液,规格：5ml:1g,生产企业：东北制药集团沈阳第一制药有限公司,配送企业：,订购数量：0,批准文号：国药准字H20113215",,,左旋卡尼汀,0.0,,False,True,pydantic_direct
matched_row_1004,1004,call_93368b9c628a429b,"医院名称：北京市平谷区宏佳源诊所,产品名称：散结镇痛胶囊,商品名：无,剂型：胶囊剂,规格：0.4g,生产企业：江苏康缘药业股份有限公司,配送企业：,订购数量：0,批准文号：国药准字Z20030127",,,散结镇痛胶囊,0.0,,False,True,pydantic_direct
matched_row_1005,1005,call_ba4542febf554c30,"医院名称：北京古城都市丽人医院,产品名称：麝香保心丸,商品名：无,剂型：水丸,规格：22.5mg,生产企业：上海和黄药业有限公司,配送企业：,订购数量：0,批准文号：国药准字Z31020068",,,麝香保心丸,0.0,,False,True,pydantic_direct
matched_row_1006,1006,call_a693632455e649b4,"医院名称：北京市丰台区西罗园社区卫生服务中心,产品名称：阿卡波糖,商品名：拜唐苹,剂型：素片,规格：50mg,生产企业：拜耳医药保健有限公司,配送企业：,订购数量：0,批准文号：国药准字H19990205",,,阿卡波糖,0.0,,False,True,pydantic_direct
matched_row_1007,1007,call_47d49cb49c8c4f84,"医院名称：北京市朝阳区和平街社区卫生服务中心,产品名称：阿莫西林克拉维酸钾,商品名：君尔清,剂型：分散片,规格：0.2285g(0.2g/28.5mg),生产企业：鲁南贝特制药有限公司,配送企业：,订购数量：0,批准文号：国药准字H20050586",,,阿莫西林克拉维酸钾,0.0,,False,True,pydantic_direct
matched_row_1008,1008,call_092ff2997cd0419f,"医院名称：中日友好医院,产品名称：三磷酸腺苷二钠,商品名：依路能,剂型：注射液,规格：2ml:20mg,生产企业：国药集团容生制药有限公司,配送企业：,订购数量：0,批准文号：国药准字H20013207",,,三磷酸腺苷二钠,0.0,,False,True,pydantic_direct
matched_row_1009,1009,call_87940aa3acf749bf,"医院名称：北京市丰台区丰台街道新华街社区卫生服务站,产品名称：痔疮栓,商品名：无,剂型：栓剂,规格：2g(含芒硝46mg),生产企业：荣昌制药(淄博)有限公司,配送企业：,订购数量：0,批准文号：国药准字Z37021020",,,痔疮栓,0.0,,False,True,pydantic_direct
matched_row_1010,1010,call_079fd12898834d85,"医院名称：北京市丰台区卢沟桥乡小屯村社区卫生服务站,产品名称：龙胆泻肝丸,商品名：无,剂型：水丸,规格：6g(6g/100粒),生产企业：北京同仁堂制药有限公司,配送企业：,订购数量：0,批准文号：国药准字Z11020653",,,龙胆泻肝丸,0.0,,False,True,pydantic_direct
matched_row_1011,1011,call_cf6b17f587c44e51,"医院名称：中国航天科技集团公司第五研究院第五〇二研究所门诊部,产品名称：铝碳酸镁,商品名：达喜,剂型：咀嚼片,规格：0.5g,生产企业：拜耳医药保健有限公司,配送企业：,订购数量：0,批准文号：国药准字H20013410",,,铝碳酸镁,0.0,,False,True,pydantic_direct
matched_row_1012,1012,call_1021d35ef0f54d58,"医院名称：北京市门头沟区大台社区卫生服务中心,产品名称：二甲双胍,商品名：格华止,剂型：薄膜衣片,规格：0.5g,生产企业：中美上海施贵宝制药有限公司,配送企业：,订购数量：0,批准文号：国药准字H20023370",,,二甲双胍,0.0,,False,True,pydantic_direct
matched_row_1013,1013,call_b1c2461ac7304f5f,"医院名称：航天中心医院,产品名称：亚叶酸,商品名：无,剂型：冻干粉针剂,规格：0.1g,生产企业：江苏恒瑞医药股份有限公司,配送企业：,订购数量：200,批准文号：国药准字H32022391",,,亚叶酸,200.0,,False,True,pydantic_direct
matched_row_1014,1014,call_763ac634e5604689,"医院名称：北京市西城区新街口街道西三条社区卫生服务站,产品名称：氟桂利嗪,商品名：西比灵,剂型：胶囊剂,规格：5mg,生产企业：西安杨森制药有限公司,配送企业：,订购数量：0,批准文号：国药准字H10930003",,,氟桂利嗪,0.0,,False,True,pydantic_direct
matched_row_1015,1015,call_b1b0dbe6936b4e78,"医院名称：北京市朝阳区将台地区芳园里社区卫生服务站,产品名称：咪康唑,商品名：达克宁,剂型：乳膏剂,规格：20g:0.4g(2%),生产企业：西安杨森制药有限公司,配送企业：,订购数量：0,批准文号：国药准字H61020001",,,咪康唑,0.0,,False,True,pydantic_direct
matched_row_1016,1016,call_fd141dfcc1914c57,"医院名称：首都医科大学附属北京潞河医院,产品名称：利格列汀,商品名：欧唐宁,剂型：薄膜衣片,规格：5mg,生产企业：美国West-Ward Columbus Inc.(上海勃林格殷格翰药业有限公司分装),配送企业：,订购数量：0,批准文号：国药准字J20130081",,,利格列汀,0.0,,False,True,pydantic_direct
matched_row_1017,1017,call_8d27ea6503b34777,"医院名称：北京市红十字会急诊抢救中心,产品名称：心元胶囊,商品名：无,剂型：胶囊剂,规格：0.3g,生产企业：吉泰安(四川)药业有限公司,配送企业：,订购数量：0,批准文号：国药准字Z10970090",,,心元胶囊,0.0,,False,True,pydantic_direct
matched_row_1018,1018,call_2b0ee7e2e7f2438f,"医院名称：北京市延庆区大榆树镇社区卫生服务中心,产品名称：匹伐他汀钙,商品名：无,剂型：薄膜衣片,规格：1mg,生产企业：华润双鹤药业股份有限公司,配送企业：,订购数量：0,批准文号：国药准字H20080736",,,匹伐他汀钙,0.0,,False,True,pydantic_direct
matched_row_1019,1019,call_2b073311c6754e84,"医院名称：首都医科大学宣武医院,产品名称：顺铂,商品名：无,剂型：冻干粉针剂,规格：10mg,生产企业：齐鲁制药有限公司,配送企业：,订购数量：200,批准文号：国药准字H20023460",,,顺铂,200.0,,False,True,pydantic_direct
matched_row_1020,1020,call_b0f502c32eac4082,"医院名称：北京市丰台区朱家坟社区卫生服务中心,产品名称：清脑复神液,商品名：无,剂型：合剂（含口服液）,规格：10ml,生产企业：四川中方制药有限公司,配送企业：,订购数量：0,批准文号：国药准字Z51020737",,,清脑复神液,0.0,,False,True,pydantic_direct
matched_row_1021,1021,call_becad4e4856a4451,"医院名称：平谷区东高村镇大庄户社区卫生服务站,产品名称：牛黄清胃丸,商品名：无,剂型：蜜丸,规格：6g,生产企业：北京同仁堂股份有限公司同仁堂制药厂,配送企业：,订购数量：0,批准文号：国药准字Z11020212",,,牛黄清胃丸,0.0,,False,True,pydantic_direct
matched_row_1022,1022,call_9fceeee74b8f4149,"医院名称：北京市通州区中医医院,产品名称：氨溴索,商品名：贝莱,剂型：口服溶液剂,规格：100ml:0.3g,生产企业：江苏恒瑞医药股份有限公司,配送企业：,订购数量：0,批准文号：国药准字H19980178",,,氨溴索,0.0,,False,True,pydantic_direct
matched_row_1023,1023,call_0d90ade3c25f4c7b,"医院名称：北京市昌平区沙河社区卫生服务中心五福家园社区卫生服务站,产品名称：血塞通软胶囊,商品名：无,剂型：软胶囊(胶丸),规格：0.1g,生产企业：昆药集团股份有限公司,配送企业：,订购数量：0,批准文号：国药准字Z20040016",,,血塞通软胶囊,0.0,,False,True,pydantic_direct
matched_row_1024,1024,call_8dffb7c439d94f97,"医院名称：北京天苑医院,产品名称：莫沙必利,商品名：快力,剂型：素片,规格：5mg,生产企业：鲁南贝特制药有限公司,配送企业：,订购数量：0,批准文号：国药准字H19990317",,,莫沙必利,0.0,,False,True,pydantic_direct
matched_row_1025,1025,call_bb8569d64f3a4be2,"医院名称：北京中医药大学东直门医院,产品名称：玻璃酸钠,商品名：爱丽,剂型：滴眼剂,规格：5ml:5mg(0.1%),生产企业：日本参天制药株式会社能登工厂(Santen Pharmaceutical Co.,Ltd. Noto Plant),配送企业：,订购数量：0,批准文号：H20130583",,,玻璃酸钠滴眼剂,0.0,,False,True,pydantic_direct
matched_row_1026,1026,call_1f21122a0c7d4b70,"医院名称：门头沟区门城地区社区卫生服务中心永新社区卫生服务站,产品名称：氯沙坦,商品名：无,剂型：薄膜衣片,规格：50mg,生产企业：扬子江药业集团四川海蓉药业有限公司,配送企业：,订购数量：0,批准文号：国药准字H20080371",,,氯沙坦,0.0,,False,True,pydantic_direct
matched_row_1027,1027,call_58cc02324d664279,"医院名称：北京大学第一医院,产品名称：多奈哌齐,商品名：加奇,剂型：胶囊剂,规格：5mg,生产企业：扬子江药业集团上海海尼药业有限公司,配送企业：,订购数量：0,批准文号：国药准字H20040103",,,多奈哌齐,0.0,,False,True,pydantic_direct
matched_row_1028,1028,call_dd39b8f34b314d0f,"医院名称：北京市通州区梨园镇梨园社区卫生服务中心,产品名称：加味逍遥丸,商品名：无,剂型：水丸,规格：6g/100粒,生产企业：北京同仁堂科技发展股份有限公司制药厂,配送企业：,订购数量：0,批准文号：国药准字Z11020248",,,加味逍遥丸,0.0,,False,True,pydantic_direct
matched_row_1029,1029,call_ffefd095a68d4248,"医院名称：应急总医院,产品名称：妥布霉素地塞米松,商品名：典必殊,剂型：眼膏剂,规格：3.5g(妥布霉素0.3%和地塞米松0.1%),生产企业：西班牙ALCON CUSI,s.a.,配送企业：,订购数量：0,批准文号：H20160337",,,妥布霉素地塞米松,0.0,,False,True,pydantic_direct
matched_row_1030,1030,call_69817039066f48b3,"医院名称：丰台区马家堡街道角门东里社区卫生服务站,产品名称：六味地黄丸,商品名：无,剂型：水蜜丸,规格：72g(20g/100粒),生产企业：北京同仁堂科技发展股份有限公司制药厂,配送企业：,订购数量：0,批准文号：国药准字Z11021283",,,六味地黄丸,0.0,,False,True,pydantic_direct
matched_row_1031,1031,call_ca548767ff6941b8,"医院名称：北京市房山区韩村河上中院社区卫生服务站,产品名称：香菊胶囊,商品名：无,剂型：胶囊剂,规格：0.3g,生产企业：山东步长制药股份有限公司,配送企业：,订购数量：0,批准文号：国药准字Z19991040",,,香菊胶囊,0.0,,False,True,pydantic_direct
matched_row_1032,1032,call_93e14d0e19384343,"医院名称：永定镇社区卫生服务中心石门营新区社区卫生服务站,产品名称：阿司匹林,商品名：无,剂型：肠溶片,规格：0.1g,生产企业：意大利Bayer HealthCare Manufacturing S.r.L(拜耳医药保健有限公司分装),配送企业：,订购数量：0,批准文号：国药准字J20171021",,,阿司匹林,0.0,,False,True,pydantic_direct
matched_row_1033,1033,call_c0dd994b92ea4114,"医院名称：北京市朝阳区和平街社区卫生服务中心,产品名称：利脑心片,商品名：无,剂型：薄膜衣片,规格：0.42g,生产企业：吉林省通化博祥药业股份有限公司,配送企业：,订购数量：0,批准文号：国药准字Z20090470",,,利脑心片,0.0,,False,True,pydantic_direct
matched_row_1034,1034,call_4fa9155e4d40469d,"医院名称：北京市昌平区南口社区卫生服务中心,产品名称：牛黄解毒丸,商品名：无,剂型：蜜丸,规格：3g,生产企业：北京同仁堂科技发展股份有限公司制药厂,配送企业：,订购数量：0,批准文号：国药准字Z11020058",,,牛黄解毒丸,0.0,,False,True,pydantic_direct
matched_row_1035,1035,call_c2432285c8b9471c,"医院名称：首都医科大学附属北京潞河医院,产品名称：克林霉素磷酸酯,商品名：福德,剂型：溶媒结晶粉针剂,规格：0.3g,生产企业：珠海亿邦制药股份有限公司,配送企业：,订购数量：0,批准文号：国药准字H20067875",,,克林霉素磷酸酯,0.0,,False,True,pydantic_direct
matched_row_1036,1036,call_91a667109a6c4030,"医院名称：北京市大兴区庞各庄镇中心卫生院,产品名称：牛黄蛇胆川贝液,商品名：无,剂型：合剂（含口服液）,规格：100ml,生产企业：江西南昌桑海制药有限责任公司,配送企业：,订购数量：0,批准文号：国药准字Z10880006",,,牛黄蛇胆川贝液,0.0,,False,True,pydantic_direct
matched_row_1037,1037,call_01aa4a5f95dd4bcf,"医院名称：北京市丰台区马家堡社区卫生服务中心,产品名称：氢化可的松,商品名：尤卓尔,剂型：乳膏剂,规格：10g:10mg(0.1%),生产企业：天津金耀药业有限公司,配送企业：,订购数量：0,批准文号：国药准字H10940095",,,氢化可的松,0.0,,False,True,pydantic_direct
matched_row_1038,1038,call_75dd6669efc541bf,"医院名称：北京市大兴区旧宫医院,产品名称：骨化三醇,商品名：盖三淳,剂型：软胶囊(胶丸),规格：0.25μg,生产企业：正大制药（青岛）有限公司,配送企业：,订购数量：0,批准文号：国药准字H20030491",,,骨化三醇,0.0,,False,True,pydantic_direct
matched_row_1039,1039,call_5a986ce581ed4e42,"医院名称：首都医科大学附属北京安贞医院,产品名称：非洛地平,商品名：无,剂型：缓释片,规格：5mg,生产企业：合肥立方制药股份有限公司,配送企业：,订购数量：0,批准文号：国药准字H20040773",,,非洛地平,0.0,,False,True,pydantic_direct
matched_row_1040,1040,call_be98b0d1af5c4f34,"医院名称：北京市朝阳区管庄地区管庄西里社区卫生服务站,产品名称：亮菌,商品名：无,剂型：口服溶液剂,规格：10ml,生产企业：四川先通药业有限责任公司,配送企业：,订购数量：0,批准文号：国药准字H51023188",,,亮菌,0.0,,False,True,pydantic_direct
matched_row_1041,1041,call_da770443a6294df1,"医院名称：北京市通州区梨园社区中心第四诊区,产品名称：脑心通胶囊,商品名：无,剂型：胶囊剂,规格：0.4g,生产企业：陕西步长制药有限公司,配送企业：,订购数量：0,批准文号：国药准字Z20025001",,,脑心通胶囊,0.0,,False,True,pydantic_direct
matched_row_1042,1042,call_9ff9df924dc74595,"医院名称：北京市朝阳区麦子店街道枣营北里社区卫生服务站,产品名称：牛黄解毒软胶囊,商品名：无,剂型：软胶囊(胶丸),规格：0.4g,生产企业：北京康而福药业有限责任公司,配送企业：,订购数量：0,批准文号：国药准字Z10970066",,,牛黄解毒软胶囊,0.0,,False,True,pydantic_direct
matched_row_1043,1043,call_5ff9d852fdd648e2,"医院名称：北京市监狱管理局中心医院,产品名称：大活络胶囊,商品名：无,剂型：胶囊剂,规格：0.25g,生产企业：江西药都樟树制药有限公司,配送企业：,订购数量：0,批准文号：国药准字Z19990044",,,大活络胶囊,0.0,,False,True,pydantic_direct
matched_row_1044,1044,call_855a1ccfabb54fc3,"医院名称：首都医科大学附属北京安贞医院,产品名称：达格列净片,商品名：安达唐,剂型：薄膜衣片,规格：10mg,生产企业：美国阿斯利康有限公司AstraZeneca Pharmaceuticals LP(阿斯利康制药有限公司分装),配送企业：,订购数量：0,批准文号：国药准字J20170040",,,达格列净片,0.0,,False,True,pydantic_direct
matched_row_1045,1045,call_895ee7e775214b02,"医院名称：北京市房山区阎村镇社区卫生服务中心,产品名称：氟替卡松,商品名：辅舒酮,剂型：气雾剂,规格：125μg/揿(60揿),生产企业：西班牙葛兰素威康GLAXO WELLCOME,S.A.,配送企业：,订购数量：0,批准文号：",,,氟替卡松,0.0,,False,True,pydantic_direct
matched_row_1046,1046,call_19b9cb47f57e45b0,"医院名称：北京朝阳急诊抢救中心,产品名称：阿司匹林,商品名：无,剂型：肠溶片,规格：0.1g,生产企业：意大利Bayer HealthCare Manufacturing S.r.L(拜耳医药保健有限公司分装),配送企业：,订购数量：0,批准文号：国药准字J20171021",,,阿司匹林,0.0,,False,True,pydantic_direct
matched_row_1047,1047,call_8a4f88e6ccf3447f,"医院名称：北京市朝阳区劲松社区卫生服务中心,产品名称：非那雄胺,商品名：保列治,剂型：薄膜衣片,规格：5mg,生产企业：波多黎各AIAC International Pharma LLC(杭州默沙东制药有限公司分装),配送企业：,订购数量：0,批准文号：国药准字J20120071",,,非那雄胺,0.0,,False,True,pydantic_direct
matched_row_1048,1048,call_3fb59a31cbc14bc6,"医院名称：北京市东城区永定门外社区卫生服务中心,产品名称：苓桂咳喘宁胶囊,商品名：无,剂型：胶囊剂,规格：0.34g,生产企业：河南省济源市济世药业有限公司,配送企业：,订购数量：30,批准文号：国药准字Z10960001",,,苓桂咳喘宁胶囊,30.0,,False,True,pydantic_direct
matched_row_1049,1049,call_aa209934f3a744c7,采购编号 :ZGGJ-BJ08-1909022-1 项目名称 :海淀区仲裁院综合服务平台（二次） 采购人名称 :北京市海淀区人力资源和社会保障局 采购人地址 :北京市海淀区西四环北路73号 联系人 :时小青 联系电话 :010-88506556 采购机构全称 :中工国际招标有限公司 采购机构地址 :北京市海淀区农大南路33号兴天海园201 中标供应商名称 :北京中海纪元数字技术发展股份有限公司 规格型号 :无 数量 :1项 单价 :0 中标金额 :141.29万元（人民币） 服务要求或标的基本概况 :充分利用多媒体整合技术、移动互联网技术，实现排庭信息的统一管理、智能推送、多元化展示和个性定制展示。创新海淀仲裁院业务办理模式，搭建网上仲裁调解系统，实现网上文书送达、网上仲裁调解（网上开庭）等功能构建服务型科技政府，推动政府运行和公共治理的精细化、智能化，增加政府的便民服务手段，全面提升提升服务质量和效率。建设移动终端（微信小程序），当事人能够便捷的通过微信公众号或小程序进入网上仲裁调解系统的移动端。详见招标文件技术服务需求部分，符合国家和地方及行业标准。 招标公告日期 :2019年10月23日 合同履行日期 :项目合同签订之日起2个月内完成项目建设工作 定标日期 :2019年11月14日 邮编 :100193 评标委员会成员名单 :王恃东、郭平平、米强、刘金伟、时小青 项目负责人:张存 联系电话 :010-82952950-219 传真电话 :010-82952950-202 招标文件,,,海淀区仲裁院综合服务平台,1.0,1412900.0,False,True,pydantic_direct
matched_row_1050,1050,call_d3984edd042e474a,"医院名称：北京市社会福利医院,产品名称：复方氢溴酸右美沙芬,商品名：无,剂型：糖浆剂,规格：10ml:氢溴酸右美沙芬30mg:愈创木酚甘油醚0.2g,生产企业：湖北凤凰白云山药业有限公司,配送企业：,订购数量：0,批准文号：国药准字H20066647",,,复方氢溴酸右美沙芬,0.0,,False,True,pydantic_direct
matched_row_1051,1051,call_d9bca04850eb44c7,"医院名称：北京市房山区十渡镇社区卫生服务中心,产品名称：沙格列汀,商品名：安立泽,剂型：薄膜衣片,规格：5mg,生产企业：美国阿斯利康有限公司AstraZeneca Pharmaceuticals LP(阿斯利康制药有限公司分装),配送企业：,订购数量：0,批准文号：国药准字J20160069",,,沙格列汀,0.0,,False,True,pydantic_direct
matched_row_1052,1052,call_deaa57405be1472e,"医院名称：北京市朝阳区小关街道惠新苑社区卫生服务站,产品名称：归脾合剂,商品名：无,剂型：合剂（含口服液）,规格：10ml,生产企业：广东万年青制药股份有限公司,配送企业：,订购数量：0,批准文号：国药准字Z44023061",,,归脾合剂,0.0,,False,True,pydantic_direct
matched_row_1053,1053,call_1671b1c82d5b4ac1,"医院名称：北京中能建医院,产品名称：九味双解口服液,商品名：无,剂型：合剂（含口服液）,规格：10ml,生产企业：吉林恒金药业股份有限公司,配送企业：,订购数量：0,批准文号：国药准字Z20010001",,,九味双解口服液,0.0,,False,True,pydantic_direct
matched_row_1054,1054,call_6ac54c7ef8114f56,"医院名称：北京市崇文区天坛东里社区卫生服务站,产品名称：小金片,商品名：无,剂型：素片,规格：0.36g,生产企业：太极集团重庆桐君阁药厂有限公司,配送企业：,订购数量：0,批准文号：国药准字Z20026801",,,小金片,0.0,,False,True,pydantic_direct
matched_row_1055,1055,call_04ae0624595346b2,"医院名称：王辛庄社区卫生服务中心王辛庄镇杨家会社区卫生服务站,产品名称：阿司匹林,商品名：无,剂型：肠溶片,规格：0.1g,生产企业：意大利Bayer HealthCare Manufacturing S.r.L(拜耳医药保健有限公司分装),配送企业：,订购数量：0,批准文号：国药准字J20171021",,,阿司匹林,0.0,,False,True,pydantic_direct
matched_row_1056,1056,call_f89b9178ba8948e6,"医院名称：北京市门头沟区大台社区卫生服务中心,产品名称：阿奇霉素片（薄膜衣片）,商品名：维宏,剂型：薄膜衣片,规格：0.25g,生产企业：石药集团欧意药业有限公司,配送企业：,订购数量：0,批准文号：国药准字H10980218",,,阿奇霉素片（薄膜衣片）,0.0,,False,True,pydantic_direct
matched_row_1057,1057,call_1e3585420beb4243,"医院名称：北京市昌平区中医医院,产品名称：养阴清肺口服液,商品名：无,剂型：合剂（含口服液）,规格：10ml,生产企业：呼伦贝尔松鹿制药有限公司,配送企业：,订购数量：0,批准文号：国药准字Z10890016",,,养阴清肺口服液,0.0,,False,True,pydantic_direct
matched_row_1058,1058,call_f3ef8f8209504eea,"医院名称：北京市朝阳区常营地区民族家园社区卫生服务站,产品名称：咪康唑,商品名：达克宁,剂型：乳膏剂,规格：20g:0.4g(2%),生产企业：西安杨森制药有限公司,配送企业：,订购数量：0,批准文号：国药准字H61020001",,,咪康唑,0.0,,False,True,pydantic_direct
matched_row_1059,1059,call_95e7b566850140e7,"医院名称：北京市平谷区峪口社区卫生服务中心,产品名称：滑膜炎片,商品名：无,剂型：薄膜衣片,规格：0.5g,生产企业：西安大唐制药集团有限公司,配送企业：,订购数量：0,批准文号：国药准字Z20090577",,,滑膜炎片,0.0,,False,True,pydantic_direct
matched_row_1060,1060,call_31378f94aa7749b8,"医院名称：北京语言大学社区卫生服务中心,产品名称：葡醛内酯,商品名：无,剂型：素片,规格：50mg,生产企业：天津力生制药股份有限公司,配送企业：,订购数量：0,批准文号：国药准字H12020230",,,葡醛内酯,0.0,,False,True,pydantic_direct
matched_row_1061,1061,call_82881000dddf47aa,"医院名称：北京中医药大学东直门医院,产品名称：清脑复神液,商品名：无,剂型：合剂（含口服液）,规格：10ml,生产企业：四川中方制药有限公司,配送企业：,订购数量：0,批准文号：国药准字Z51020737",,,清脑复神液,0.0,,False,True,pydantic_direct
matched_row_1062,1062,call_9617312705ed46bd,"医院名称：北京昌平天通仁和中医医院,产品名称：异山梨酯,商品名：无,剂型：素片,规格：20mg,生产企业：丽珠集团丽珠制药厂,配送企业：,订购数量：0,批准文号：国药准字H10940284",,,异山梨酯,0.0,,False,True,pydantic_direct
matched_row_1063,1063,call_65cd25d477b74491,"医院名称：北京中医药大学东直门医院,产品名称：克霉唑,商品名：凯妮汀,剂型：阴道片,规格：0.5g,生产企业：德国Bayer AG(拜耳医药保健有限公司启东分公司分装),配送企业：,订购数量：0,批准文号：国药准字J20130174",,,克霉唑,0.0,,False,True,pydantic_direct
matched_row_1064,1064,call_433ac632b47f4e37,"医院名称：北京市门头沟区斋堂医院,产品名称：头孢地尼,商品名：无,剂型：分散片,规格：50mg,生产企业：广东博洲药业有限公司,配送企业：,订购数量：0,批准文号：国药准字H20130076",,,头孢地尼,0.0,,False,True,pydantic_direct
matched_row_1065,1065,call_61555eec10a94833,"医院名称：首都医科大学附属北京安贞医院,产品名称：氯化钠,商品名：无,剂型：注射液,规格：10ml:1.0g(10%),生产企业：华润双鹤药业股份有限公司,配送企业：,订购数量：0,批准文号：国药准字H11020865",,,氯化钠,0.0,,False,True,pydantic_direct
matched_row_1066,1066,call_733783aa63b54807,"医院名称：北京市顺义区牛栏山社区卫生服务中心后王各庄社区卫生服务站,产品名称：迈之灵片,商品名：无,剂型：糖衣片,规格：片芯重0.26g,生产企业：德国礼达大药厂,配送企业：,订购数量：0,批准文号：进口药品注证Z20140002",,,迈之灵片,0.0,,False,True,pydantic_direct
matched_row_1067,1067,call_ef9dedbb1e0248ee,"医院名称：北京市海淀区四季青镇常青园社区卫生服务站,产品名称：比索洛尔,商品名：康忻,剂型：薄膜衣片,规格：5mg,生产企业：德国默克Merck KGaA（默克制药（江苏）有限公司分装）,配送企业：,订购数量：0,批准文号：国药准字J20170042",,,比索洛尔,0.0,,False,True,pydantic_direct
matched_row_1068,1068,call_9ba1575739474579,"医院名称：北京市朝阳区三里屯街道幸福二村社区卫生服务站,产品名称：沙美特罗替卡松,商品名：舒利迭,剂型：吸入剂,规格：(50μg/250μg)/泡×60,生产企业：法国Glaxo Wellcome Production,配送企业：,订购数量：0,批准文号：H20140164",,,沙美特罗替卡松,0.0,,False,True,pydantic_direct
matched_row_1069,1069,call_f373e4679f2d4cef,"医院名称：平谷区太后社区卫生服务站,产品名称：西替利嗪,商品名：喜宁,剂型：分散片,规格：10mg,生产企业：宜昌东阳光长江药业股份有限公司,配送企业：,订购数量：0,批准文号：国药准字H20040308",,,西替利嗪,0.0,,False,True,pydantic_direct
matched_row_1070,1070,call_a0b65de18303446f,"医院名称：北京市西城区新街口街道赵登禹路社区卫生服务站,产品名称：连花清瘟颗粒,商品名：无,剂型：颗粒剂,规格：6g,生产企业：北京以岭药业有限公司,配送企业：,订购数量：0,批准文号：国药准字Z20100040",,,连花清瘟颗粒,0.0,,False,True,pydantic_direct
matched_row_1071,1071,call_b64308213e974d58,"医院名称：首都医科大学附属北京同仁医院,产品名称：格列吡嗪,商品名：迪沙,剂型：素片,规格：2.5mg,生产企业：迪沙药业集团有限公司,配送企业：,订购数量：0,批准文号：国药准字H37022995",,,格列吡嗪,0.0,,False,True,pydantic_direct
matched_row_1072,1072,call_237b69ce6cc345d9,"医院名称：房山区良乡地区太平庄社区卫生服务站,产品名称：氯沙坦钾氢氯噻嗪,商品名：无,剂型：薄膜衣片,规格：氯沙坦钾50mg,氢氯噻嗪12.5mg,生产企业：苏州东瑞制药有限公司,配送企业：,订购数量：0,批准文号：国药准字H20083009",,,氯沙坦钾氢氯噻嗪,0.0,,False,True,pydantic_direct
matched_row_1073,1073,call_1b4416470d5b4c10,"医院名称：北京市朝阳区酒仙桥社区卫生服务中心,产品名称：千山活血膏,商品名：无,剂型：膏药剂,规格：每张净重5g,生产企业：北京修成药业有限公司,配送企业：,订购数量：0,批准文号：国药准字Z20025596",,,千山活血膏,0.0,,False,True,pydantic_direct
matched_row_1074,1074,call_ef42dce4f4cd4156,"医院名称：首都医科大学附属北京潞河医院,产品名称：开塞露(含甘油),商品名：无,剂型：溶液剂,规格：20ml,生产企业：北京麦迪海药业有限责任公司,配送企业：,订购数量：0,批准文号：国药准字H11021175",,,开塞露(含甘油),0.0,,False,True,pydantic_direct
matched_row_1075,1075,call_da737f13d97c447d,"医院名称：北京语言大学社区卫生服务中心,产品名称：牛黄上清丸,商品名：无,剂型：蜜丸,规格：6g,生产企业：北京同仁堂股份有限公司同仁堂制药厂,配送企业：,订购数量：0,批准文号：国药准字Z11020213",,,牛黄上清丸,0.0,,False,True,pydantic_direct
matched_row_1076,1076,call_cc269d7d7d354d1c,"医院名称：北京市昌平区妇幼保健院,产品名称：拉贝洛尔,商品名：无,剂型：素片,规格：0.1g,生产企业：江苏迪赛诺制药有限公司,配送企业：,订购数量：0,批准文号：国药准字H32026119",,,拉贝洛尔,0.0,,False,True,pydantic_direct
matched_row_1077,1077,call_d66bc78a8092496a,"医院名称：中国航天科技集团公司第五研究院第五〇二研究所门诊部,产品名称：清咽滴丸,商品名：无,剂型：滴丸,规格：20mg,生产企业：天津中新药业集团股份有限公司第六中药厂,配送企业：,订购数量：0,批准文号：国药准字Z10930004",,,清咽滴丸,0.0,,False,True,pydantic_direct
matched_row_1078,1078,call_3d62f82384144e2d,"医院名称：北京市房山区青龙湖镇社区卫生服务中心,产品名称：,商品名：无,剂型：素片,规格：5mg,生产企业：浙江京新药业股份有限公司,配送企业：,订购数量：0,批准文号：国药准字H20103356",,,,0.0,,False,True,pydantic_direct
matched_row_1079,1079,call_83383b3e95cd465e,"医院名称：北京市海淀区羊坊店街道莲花小区社区卫生服务站,产品名称：甲硝唑,商品名：无,剂型：薄膜衣片,规格：0.2g,生产企业：远大医药(中国)有限公司,配送企业：,订购数量：0,批准文号：国药准字H42021947",,,甲硝唑,0.0,,False,True,pydantic_direct
matched_row_1080,1080,call_f1b76e7b730b45a4,"医院名称：北京市通州区梨园镇梨园社区卫生服务中心,产品名称：天丹通络片,商品名：无,剂型：薄膜衣片,规格：0.415g,生产企业：山东凤凰制药股份有限公司,配送企业：,订购数量：0,批准文号：国药准字Z20090152",,,天丹通络片,0.0,,False,True,pydantic_direct
matched_row_1081,1081,call_b9f5a077aa854ed6,"医院名称：北京市朝阳区劲松街道农光东里社区卫生服务站,产品名称：缬沙坦氨氯地平(Ⅰ),商品名：无,剂型：薄膜衣片,规格：缬沙坦80mg,氨氯地平5mg,生产企业：西班牙诺华Novartis Farmaceutica S.A.,配送企业：,订购数量：0,批准文号：H20100734",,,缬沙坦氨氯地平(Ⅰ),0.0,,False,True,pydantic_direct
matched_row_1082,1082,call_e81a3ca550c147e9,"医院名称：北京市朝阳区和平街街道小黄庄社区卫生服务站,产品名称：乌灵胶囊,商品名：无,剂型：胶囊剂,规格：0.33g,生产企业：浙江佐力药业股份有限公司,配送企业：,订购数量：0,批准文号：国药准字Z19990048",,,乌灵胶囊,0.0,,False,True,pydantic_direct
matched_row_1083,1083,call_2f2919c4cdee4791,"医院名称：北京市化工职业病防治院,产品名称：妥布霉素,商品名：托百士,剂型：眼膏剂,规格：3.5g:10.5mg(0.3%),生产企业：美国爱尔康眼药厂西班牙分厂(ALCON CUSI,S.A.),配送企业：,订购数量：0,批准文号：H20160312",,,妥布霉素,0.0,,False,True,pydantic_direct
matched_row_1084,1084,call_fa19f4bfb98a4f66,"医院名称：北京市昌平区南口社区卫生服务中心,产品名称：平肝舒络丸,商品名：无,剂型：水蜜丸,规格：35g(10g/100粒),生产企业：北京同仁堂股份有限公司同仁堂制药厂,配送企业：,订购数量：0,批准文号：国药准字Z11020101",,,平肝舒络丸,0.0,,False,True,pydantic_direct
matched_row_1085,1085,call_bb9f67bf5585493b,"医院名称：北京市朝阳区大屯街道慧忠北里社区卫生服务站,产品名称：胰激肽原酶,商品名：无,剂型：肠溶片,规格：120IU,生产企业：上海丽珠制药有限公司,配送企业：,订购数量：0,批准文号：国药准字H20041297",,,胰激肽原酶,0.0,,False,True,pydantic_direct
matched_row_1086,1086,call_315762b6cb09476d,"医院名称：丰台区马家堡街道马家堡社区卫生服务站,产品名称：地特胰岛素,商品名：诺和平,剂型：注射液,规格：3ml:300单位,生产企业：丹麦诺和诺德公司Novo Nordisk A/S(诺和诺德(中国)制药有限公司分装),配送企业：,订购数量：0,批准文号：国药准字J20140107",,,地特胰岛素,0.0,,False,True,pydantic_direct
matched_row_1087,1087,call_5b46de9886634e1f,"医院名称：北京亚美医院,产品名称：荷丹胶囊,商品名：无,剂型：胶囊剂,规格：每粒装0.33g,生产企业：南昌济顺制药有限公司,配送企业：,订购数量：0,批准文号：国药准字Z20060081",,,荷丹胶囊,0.0,,False,True,pydantic_direct
matched_row_1088,1088,call_08bd1792f2494c9b,鄂州市将军大道（孙权大道~保税区）道路工程、鄂州市文塘路（鄂东大道~吴楚大道）道路工程全过程跟踪审计服务项目评标结果公示 分类：服务招标 作者：招标二部 发布时间：2020-07-09 阅读量：27 打印 评标结果公示 标段编号： 42070220200612001001001 标段名称： 鄂州市将军大道（孙权大道~保税区）道路工程、鄂州市文塘路（鄂东大道~吴楚大道）道路工程全过程跟踪审计服务项目 工程类型： 其他 开标时间： 2020-07-08 09:30 发布时间： 2020-07-09 17:56 建设单位： 鄂州临空集团有限公司 经办人： 郭智峰 办公电话： 13871820328 联系地址： 鄂州市临空经济区管理委员会 招标代理机构： 湖北省成套招标股份有限公司 经办人： 陈伟 办公电话： 027-87816666-8210 联系地址： 武汉市武昌区东湖西路特2号 招标概况： 鄂州市将军大道（孙权大道~保税区）道路工程、鄂州市文塘路（鄂东大道~吴楚大道）道路工程全过程跟踪审计服务项目于2020-06-13日在鄂州市公共资源交易网发布招标公告/发出投标邀请书，2020-07-08日在鄂州市公共资源交易中心开标，并于2020-07-08完成评标工作。根据评标委员会提交的评标报告，鄂州市将军大道（孙权大道~保税区）道路工程、鄂州市文塘路（鄂东大道~吴楚大道）道路工程全过程跟踪审计服务项目已经确认评标结果，现进行评标结果公示 公示时间： 公示期为2020-07-10 00:00至2020-07-13 23:59 异议与投诉： 投标人或者其他利害关系人对评标结果有异议的，应在评标结果公示期内通过交易平台【异议】环节向招标人网上提出，招标人将自收到异议之日起3日内在交易平台作出答复。作出答复前，将暂停招标投标活动。投标人或者其他利害关系人对招标人答复仍持有异议的，应当在收到答复之日起10日内据招标人的答复，通过交易平台【投诉】环节向行业主管部门或公共资源交易综合监管机构提出网上投诉。 备注： 湖北盛德工程造价咨询有限公司：鄂价工服规【2012】149 号文标准的 32.6%； 鼎正工程咨询股份有限公司：鄂价工服规【2012】149 号文标准的33.5%； 湖北天宇工程造价咨询有限公司：鄂价工服规【2012】149 号文标准的29%； 永拓工程咨询有限公司：鄂价工服规【2012】149 号文标准的39%； 武汉新地工程造价咨询有限公司：鄂价工服规【2012】149 号文标准的35%； 湖北浩华工程项目管理股份有限公司：鄂价工服规【2012】149 号文标准的34%； 投标人列表: 序号 组织机构代码 单位名称 是否中标候选人 评标排名 项目负责人 资格证书编号 投标报价(元) 质量标准 工期 资质情况 企业人员资质及业绩公示文件 1 91420100790597971G 湖北盛德工程造价咨询有限公司 是 1 邵忠彬 建【造】01420001061 0 合格 1095 工程造价甲级 企业人员资质: 1 盛德人员.tif 企业业绩: 1 盛德企业业绩.tif 2 91420111783198868T 鼎正工程咨询股份有限公司 是 2 王雁然 建【造】01420000880 0 合格 1095 工程造价甲级 企业人员资质: 1 鼎正人员.tif 企业业绩: 1 鼎正企业业绩.tif 3 91420106730854040L 湖北天宇工程造价咨询有限公司 是 3 蒋天凡 建【造】01420000083 0 合格 1095 工程造价甲级 企业人员资质: 1 天宇人员.tif 企业业绩: 1 天宇企业业绩.tif 4 914203007674095570 永拓工程咨询有限公司 否 4 39 0 企业人员资质: 企业业绩: 5 91420102737529662M 武汉新地工程造价咨询有限公司 否 5 35 0 企业人员资质: 企业业绩: 6 914201067680595797 湖北浩华工程项目管理股份有限公司 否 6 34 0 企业人员资质: 企业业绩: 上一篇：没有了 下一篇：武汉天河机场旅客服务综合体方案征集流标公告,,,鄂州市将军大道（孙权大道~保税区）道路工程、鄂州市文塘路（鄂东大道~吴楚大道）道路工程全过程跟踪审计服务项目,,,False,True,pydantic_direct
matched_row_1089,1089,call_cd951b912997458e,"医院名称：北京市门头沟区大峪街道高层社区卫生服务站,产品名称：活血止痛膏,商品名：无,剂型：橡胶膏剂,规格：9cm×12cm,生产企业：湖北舒尔迈康药业有限公司,配送企业：,订购数量：0,批准文号：国药准字Z42021573",,,活血止痛膏,0.0,,False,True,pydantic_direct
matched_row_1090,1090,call_3b2c479a4fd04def,"医院名称：北京大学第一医院,产品名称：复合乳酸菌,商品名：聚克,剂型：肠溶胶囊,规格：0.33g,生产企业：江苏美通制药有限公司,配送企业：,订购数量：0,批准文号：国药准字H19980184",,,复合乳酸菌,0.0,,False,True,pydantic_direct
matched_row_1091,1091,call_39e957ef5ada49da,"医院名称：北京中医药大学东直门医院,产品名称：养阴清肺口服液,商品名：无,剂型：合剂（含口服液）,规格：10ml,生产企业：呼伦贝尔松鹿制药有限公司,配送企业：,订购数量：0,批准文号：国药准字Z10890016",,,养阴清肺口服液,0.0,,False,True,pydantic_direct
matched_row_1092,1092,call_cd422205847f4b54,"医院名称：北京市监狱管理局中心医院,产品名称：西替利嗪,商品名：贝分,剂型：素片,规格：10mg,生产企业：鲁南贝特制药有限公司,配送企业：,订购数量：0,批准文号：国药准字H20000379",,,西替利嗪,0.0,,False,True,pydantic_direct
matched_row_1093,1093,call_ca56e36719f44d73,"医院名称：北京市朝阳区太阳宫地区西坝河北里社区卫生服务站,产品名称：滋阴润肠口服液,商品名：无,剂型：合剂（含口服液）,规格：100ml,生产企业：北京诚济制药股份有限公司,配送企业：,订购数量：0,批准文号：国药准字B20020807",,,滋阴润肠口服液,0.0,,False,True,pydantic_direct
matched_row_1094,1094,call_27cfd10784b24829,"医院名称：大兴区清源街道社区卫生服务中心福苑社区卫生服务站,产品名称：牛黄蛇胆川贝液,商品名：无,剂型：合剂（含口服液）,规格：100ml,生产企业：江西南昌桑海制药有限责任公司,配送企业：,订购数量：0,批准文号：国药准字Z10880006",,,牛黄蛇胆川贝液,0.0,,False,True,pydantic_direct
matched_row_1095,1095,call_6c21b0ea748545dc,"医院名称：北京世纪兴华医院,产品名称：坤宝丸,商品名：无,剂型：水蜜丸,规格：5g(10g/100粒),生产企业：北京同仁堂股份有限公司同仁堂制药厂,配送企业：,订购数量：0,批准文号：国药准字Z11020185",,,坤宝丸,0.0,,False,True,pydantic_direct
matched_row_1096,1096,call_a6edb19a03bf47d5,"医院名称：北京市朝阳区东湖社区卫生服务中心,产品名称：清肝降压胶囊,商品名：无,剂型：胶囊剂,规格：0.5g,生产企业：北京洪天力药业有限公司,配送企业：,订购数量：300,批准文号：国药准字Z20093712",,,清肝降压胶囊,300.0,,False,True,pydantic_direct
matched_row_1097,1097,call_bf18411ee4a4440f,"医院名称：北京中医药大学东直门医院,产品名称：绒促性素,商品名：无,剂型：冻干粉针剂,规格：1000IU,生产企业：马鞍山丰原制药有限公司,配送企业：,订购数量：0,批准文号：国药准字H34023361",,,绒促性素,0.0,,False,True,pydantic_direct
matched_row_1098,1098,call_1cc75dd25b0b4b33,"医院名称：北京市延庆区儒林社区卫生服务中心,产品名称：美托洛尔,商品名：倍他乐克,剂型：缓释片,规格：47.5mg,生产企业：瑞典阿斯利康AstraZeneca AB(阿斯利康制药分装),配送企业：,订购数量：0,批准文号：国药准字J20150044",,,美托洛尔,0.0,,False,True,pydantic_direct
matched_row_1099,1099,call_3549e0765bed4b7b,"医院名称：中国北方车辆研究所职工医院,产品名称：双氯芬酸,商品名：无,剂型：凝胶剂,规格：25g:0.29g(以双氯芬酸计0.25g),生产企业：黄石卫生材料药业有限公司,配送企业：,订购数量：100,批准文号：国药准字H20040301",,,双氯芬酸,100.0,,False,True,pydantic_direct
matched_row_1100,1100,call_01fde2dca60a4f3a,"医院名称：北京市丰台区西罗园社区卫生服务中心,产品名称：盐酸伪麻黄碱/马来酸氯苯那敏,商品名：新康泰克,剂型：缓释胶囊,规格：盐酸伪麻黄碱90mg,马来酸氯苯那敏4mg,生产企业：中美天津史克制药有限公司,配送企业：,订购数量：0,批准文号：国药准字H20010430",,,盐酸伪麻黄碱/马来酸氯苯那敏,0.0,,False,True,pydantic_direct
matched_row_1101,1101,call_9ab0910214374587,"医院名称：北京市西城区德胜社区卫生服务中心,产品名称：精蛋白生物合成人胰岛素,商品名：诺和灵30R,剂型：注射用混悬剂,规格：3ml:300IU,生产企业：诺和诺德(中国)制药有限公司,配送企业：,订购数量：0,批准文号：国药准字H20133107",,,精蛋白生物合成人胰岛素,0.0,,False,True,pydantic_direct
matched_row_1102,1102,call_afd543a3eaed4bea,"医院名称：北京市密云区不老屯镇社区卫生服务中心,产品名称：非那雄胺,商品名：保列治,剂型：薄膜衣片,规格：5mg,生产企业：波多黎各AIAC International Pharma LLC(杭州默沙东制药有限公司分装),配送企业：,订购数量：0,批准文号：国药准字J20120071",,,非那雄胺,0.0,,False,True,pydantic_direct
matched_row_1103,1103,call_34bd9d328d554af5,"医院名称：北京市石景山区八宝山街道永乐第二社区卫生服务站,产品名称：奥美沙坦酯,商品名：无,剂型：薄膜衣片,规格：20mg,生产企业：南京正大天晴制药有限公司,配送企业：,订购数量：0,批准文号：国药准字H20140054",,,奥美沙坦酯,0.0,,False,True,pydantic_direct
matched_row_1104,1104,call_046e971b57d64828,"医院名称：北京市海淀区西北旺镇亮甲店村社区卫生服务站,产品名称：羟苯磺酸钙,商品名：可元,剂型：胶囊剂,规格：0.5g,生产企业：上海朝晖药业有限公司,配送企业：,订购数量：0,批准文号：国药准字H20030088",,,羟苯磺酸钙,0.0,,False,True,pydantic_direct
matched_row_1105,1105,call_9ed5cdbeda534d72,"医院名称：北京市房山区韩村河岳各庄社区卫生服务站,产品名称：便通胶囊,商品名：无,剂型：胶囊剂,规格：0.35g,生产企业：健民药业集团股份有限公司,配送企业：,订购数量：0,批准文号：国药准字Z19990071",,,便通胶囊,0.0,,False,True,pydantic_direct
matched_row_1106,1106,call_7e1f254c3eeb45e4,"医院名称：北京市海淀区青龙桥社区卫生服务中心,产品名称：益心舒片,商品名：无,剂型：薄膜衣片,规格：0.4g,生产企业：广东先通药业有限公司,配送企业：,订购数量：0,批准文号：国药准字Z20090977",,,益心舒片,0.0,,False,True,pydantic_direct
matched_row_1107,1107,call_76ffbc3896de4a8f,"医院名称：北京市朝阳区来广营地区绣菊园社区卫生服务站,产品名称：雷贝拉唑钠,商品名：雨田青,剂型：肠溶胶囊,规格：10mg,生产企业：珠海润都制药股份有限公司,配送企业：,订购数量：0,批准文号：国药准字H20050228",,,雷贝拉唑钠,0.0,,False,True,pydantic_direct
matched_row_1108,1108,call_4ebaf7224bd24fb4,"医院名称：北京市门头沟区大台社区卫生服务中心,产品名称：伤湿祛痛膏,商品名：无,剂型：橡胶膏剂,规格：11cm×15cm,生产企业：重庆陪都药业股份有限公司,配送企业：,订购数量：0,批准文号：国药准字Z50020475",,,伤湿祛痛膏,0.0,,False,True,pydantic_direct
matched_row_1109,1109,call_ceb0d20afc2a422f,"医院名称：北京市石景山区杨庄医院（北京市石景山区杨庄社区卫生服务站）,产品名称：舒肝和胃丸,商品名：无,剂型：蜜丸,规格：6g,生产企业：北京同仁堂科技发展股份有限公司制药厂,配送企业：,订购数量：0,批准文号：国药准字Z11020202",,,舒肝和胃丸,0.0,,False,True,pydantic_direct
matched_row_1110,1110,call_f0386d9271614aa9,"医院名称：丰台区太平桥街道顺驰蓝调社区卫生服务站,产品名称：根痛平片,商品名：无,剂型：薄膜衣片,规格：0.5g,生产企业：承德燕峰药业有限责任公司,配送企业：,订购数量：0,批准文号：国药准字Z20025305",,,根痛平片,0.0,,False,True,pydantic_direct
matched_row_1111,1111,call_e672f67221c347ef,"医院名称：丰台区和义街道和义西里社区卫生服务站,产品名称：六味地黄丸,商品名：无,剂型：水蜜丸,规格：72g(20g/100粒),生产企业：北京同仁堂科技发展股份有限公司制药厂,配送企业：,订购数量：0,批准文号：国药准字Z11021283",,,六味地黄丸,0.0,,False,True,pydantic_direct
matched_row_1112,1112,call_6bf3bfe9ef644678,"医院名称：北京市仁和医院,产品名称：氯沙坦,商品名：无,剂型：薄膜衣片,规格：50mg,生产企业：浙江华海药业股份有限公司,配送企业：,订购数量：0,批准文号：国药准字H20070264",,,氯沙坦,0.0,,False,True,pydantic_direct
matched_row_1113,1113,call_60558f6013e04665,"医院名称：北京市房山区城关街道北里社区卫生服务站,产品名称：天麻素,商品名：无,剂型：胶囊剂,规格：50mg,生产企业：昆药集团股份有限公司,配送企业：,订购数量：0,批准文号：国药准字H20013044",,,天麻素,0.0,,False,True,pydantic_direct
matched_row_1114,1114,call_83c87790704846be,"医院名称：北京市平谷区社区服务中心诊所,产品名称：参苓白术颗粒,商品名：无,剂型：颗粒剂,规格：6g,生产企业：山西华康药业股份有限公司,配送企业：,订购数量：0,批准文号：国药准字Z14020399",,,参苓白术颗粒,0.0,,False,True,pydantic_direct
matched_row_1115,1115,call_b19366d12c08436d,"医院名称：中国中医科学院眼科医院,产品名称：皮肤病血毒丸,商品名：无,剂型：水丸,规格：15g/100粒,生产企业：北京同仁堂制药有限公司,配送企业：,订购数量：0,批准文号：国药准字Z11020834",,,皮肤病血毒丸,0.0,,False,True,pydantic_direct
matched_row_1116,1116,call_2b0a0da97fdb43fe,"医院名称：北京市朝阳区东坝地区红松园社区卫生服务站,产品名称：心元胶囊,商品名：无,剂型：胶囊剂,规格：0.3g,生产企业：吉泰安(四川)药业有限公司,配送企业：,订购数量：0,批准文号：国药准字Z10970090",,,心元胶囊,0.0,,False,True,pydantic_direct
matched_row_1117,1117,call_dba2fc760c7a400a,"医院名称：北京市朝阳区太阳宫地区西坝河北里社区卫生服务站,产品名称：云南白药气雾剂,商品名：无,剂型：气雾剂,规格：50g/60g,生产企业：云南白药集团股份有限公司,配送企业：,订购数量：0,批准文号：国药准字Z53021107",,,云南白药气雾剂,0.0,,False,True,pydantic_direct
matched_row_1118,1118,call_c90252877279441c,"医院名称：平谷区东高村镇社区卫生服务中心北张岱社区卫生服务站,产品名称：复方甘草,商品名：无,剂型：素片,规格：复方,生产企业：南京白敬宇制药有限责任公司,配送企业：,订购数量：0,批准文号：国药准字H32024076",,,复方甘草,0.0,,False,True,pydantic_direct
matched_row_1119,1119,call_9241ba1e7f47493d,"医院名称：北京市西城区新街口街道西三条社区卫生服务站,产品名称：美托洛尔,商品名：倍他乐克,剂型：缓释片,规格：47.5mg,生产企业：瑞典阿斯利康AstraZeneca AB(阿斯利康制药分装),配送企业：,订购数量：0,批准文号：国药准字J20150044",,,美托洛尔,0.0,,False,True,pydantic_direct
matched_row_1120,1120,call_fc2c28b0650f4260,"医院名称：北京市通州区梨园社区中心第四诊区,产品名称：藤黄健骨片,商品名：无,剂型：薄膜衣片,规格：0.5g,生产企业：湖南方盛制药股份有限公司,配送企业：,订购数量：0,批准文号：国药准字Z20090570",,,藤黄健骨片,0.0,,False,True,pydantic_direct
matched_row_1121,1121,call_3175599c54154c9a,"医院名称：首都医科大学附属北京潞河医院,产品名称：咪达普利,商品名：达爽,剂型：素片,规格：10mg,生产企业：天津田边制药有限公司,配送企业：,订购数量：0,批准文号：国药准字H20030733",,,咪达普利,0.0,,False,True,pydantic_direct
matched_row_1122,1122,call_4bcef9bcf6e04631,"医院名称：北京市朝阳区和平街街道胜古庄社区卫生服务站,产品名称：奥美拉唑,商品名：无,剂型：肠溶片,规格：10mg,生产企业：信合援生制药股份有限公司,配送企业：,订购数量：0,批准文号：国药准字H19990046",,,奥美拉唑,0.0,,False,True,pydantic_direct
matched_row_1123,1123,call_7cf83162c97d43e5,"医院名称：平谷区太后社区卫生服务站,产品名称：头痛宁胶囊,商品名：无,剂型：胶囊剂,规格：0.4g,生产企业：陕西步长制药有限公司,配送企业：,订购数量：0,批准文号：国药准字Z20026851",,,头痛宁胶囊,0.0,,False,True,pydantic_direct
matched_row_1124,1124,call_2305dab2bf2640ed,"医院名称：北京安达医院,产品名称：补中益气颗粒,商品名：无,剂型：颗粒剂,规格：3g,生产企业：北京汉典制药有限公司,配送企业：,订购数量：0,批准文号：国药准字Z20040120",,,补中益气颗粒,0.0,,False,True,pydantic_direct
matched_row_1125,1125,call_a9f7c5db8c0f4156,"医院名称：北京市丰台区卢沟桥乡小屯村社区卫生服务站,产品名称：曲美他嗪,商品名：万爽力,剂型：薄膜衣片,规格：20mg,生产企业：施维雅(天津)制药有限公司,配送企业：,订购数量：0,批准文号：国药准字H20055465",,,曲美他嗪,0.0,,False,True,pydantic_direct
matched_row_1126,1126,call_677c45dfbbef47f7,"医院名称：北京积水潭医院,产品名称：德谷胰岛素注射液,商品名：诺和达,剂型：注射液,规格：3ml:300单位（畅充）,生产企业：丹麦诺和诺德公司Novo Nordisk A/S(诺和诺德(中国)制药有限公司分装),配送企业：,订购数量：0,批准文号：国药准字J20171096",,,德谷胰岛素注射液,0.0,,False,True,pydantic_direct
matched_row_1127,1127,call_95d0ad7e7e3e4cc6,"医院名称：北京市延庆区延庆镇社区卫生服务中心,产品名称：血栓通胶囊,商品名：无,剂型：胶囊剂,规格：0.18g(含三七总皂苷0.1g),生产企业：哈尔滨珍宝制药有限公司,配送企业：,订购数量：0,批准文号：国药准字Z20025972",,,血栓通胶囊,0.0,,False,True,pydantic_direct
matched_row_1128,1128,call_74fddea162cb491d,中标人： 河北中建洵正工程有限公司总报价:1466806.4 元 工期:2020年12月底前完工 工程质量:符合相关专业技术规范合格标准项目经理姓名:杨书琴,,,工程,,1466806.4,False,True,pydantic_direct
matched_row_1129,1129,call_4a5f2ff695e442b9,"医院名称：北京市昌平区中医医院,产品名称：仙灵骨葆胶囊,商品名：无,剂型：胶囊剂,规格：0.5g,生产企业：国药集团同济堂(贵州)制药有限公司,配送企业：,订购数量：0,批准文号：国药准字Z20025337",,,仙灵骨葆胶囊,0.0,,False,True,pydantic_direct
matched_row_1130,1130,call_7b3d284634aa4c69,"医院名称：北京市丰台区大红门街道南顶路社区卫生服务站,产品名称：氢氯噻嗪,商品名：无,剂型：素片,规格：25mg,生产企业：天津力生制药股份有限公司,配送企业：,订购数量：0,批准文号：国药准字H12020166",,,氢氯噻嗪,0.0,,False,True,pydantic_direct
matched_row_1131,1131,call_b9518ea17de141ad,"医院名称：北京市平谷区国医堂中医门诊部,产品名称：孟鲁司特,商品名：顺尔宁,剂型：薄膜衣片,规格：10mg,生产企业：英国Merck Sharp & Dohme Limited(杭州默沙东制药有限公司分装),配送企业：,订购数量：0,批准文号：国药准字J20130047",,,孟鲁司特,0.0,,False,True,pydantic_direct
matched_row_1132,1132,call_6af4c4cfb4e34be8,"医院名称：北京市朝阳区东湖社区卫生服务中心,产品名称：精蛋白生物合成人胰岛素,商品名：诺和灵N,剂型：注射用混悬剂,规格：3ml:300IU,生产企业：巴西诺和诺德Novo Nordisk Producao Farmaceutica do Brasil(诺和诺德(中国)制药有限公司分装),配送企业：,订购数量：0,批准文号：国药准字J20160055",,,精蛋白生物合成人胰岛素,0.0,,False,True,pydantic_direct
matched_row_1133,1133,call_82f43e0aa0524b90,"医院名称：北京市丰台区南苑社区卫生服务中心,产品名称：瑞舒伐他汀钙,商品名：可定,剂型：薄膜衣片,规格：10mg,生产企业：波多黎各IPR Pharmaceuticals, INC.(阿斯利康药业(中国)有限公司分装),配送企业：,订购数量：0,批准文号：国药准字J20170008",,,瑞舒伐他汀钙,0.0,,False,True,pydantic_direct
matched_row_1134,1134,call_26dfb7b682b342a5,"医院名称：北京市化工职业病防治院,产品名称：同仁牛黄清心丸,商品名：无,剂型：蜜丸,规格：3g,生产企业：北京同仁堂股份有限公司同仁堂制药厂,配送企业：,订购数量：0,批准文号：国药准字Z11020025",,,同仁牛黄清心丸,0.0,,False,True,pydantic_direct
matched_row_1135,1135,call_8453681a17574c59,"医院名称：北京市房山区良乡地区社区卫生服务中心,产品名称：稳心颗粒,商品名：无,剂型：颗粒剂,规格：5g,生产企业：山东步长制药股份有限公司,配送企业：,订购数量：0,批准文号：国药准字Z10950026",,,稳心颗粒,0.0,,False,True,pydantic_direct
matched_row_1136,1136,call_1673390e000a4da9,"医院名称：北京市朝阳区小关街道惠新苑社区卫生服务站,产品名称：双黄连口服液,商品名：无,剂型：合剂（含口服液）,规格：10ml,生产企业：黑龙江瑞格制药有限公司,配送企业：,订购数量：0,批准文号：国药准字Z10910017",,,双黄连口服液,0.0,,False,True,pydantic_direct
matched_row_1137,1137,call_8d857e48f36b459e,"医院名称：北京市西城区德胜社区卫生服务中心,产品名称：莫米松,商品名：艾洛松,剂型：乳膏剂,规格：5g:5mg(0.1%),生产企业：拜耳医药(上海)有限公司,配送企业：,订购数量：0,批准文号：国药准字H19991418",,,莫米松,0.0,,False,True,pydantic_direct
matched_row_1138,1138,call_5c1ae2ff03fe4971,"医院名称：北京市朝阳区双井第二社区卫生服务中心,产品名称：低分子肝素,商品名：速碧林,剂型：注射液,规格：0.4ml:4100AXaIU,生产企业：法国Aspen Notre Dame de Bondeville,配送企业：,订购数量：0,批准文号：H20181136",,,低分子肝素,0.0,,False,True,pydantic_direct
matched_row_1139,1139,call_313acbac4ab84a9d,"医院名称：崔村社区卫生服务中心,产品名称：牛黄解毒丸,商品名：无,剂型：蜜丸,规格：3g,生产企业：北京同仁堂科技发展股份有限公司制药厂,配送企业：,订购数量：0,批准文号：国药准字Z11020058",,,牛黄解毒丸,0.0,,False,True,pydantic_direct
matched_row_1140,1140,call_ed7ed0f2795d420c,"医院名称：房山区青龙湖镇坨里社区卫生服务站,产品名称：清开灵片,商品名：无,剂型：薄膜衣片,规格：0.5g,生产企业：哈尔滨一洲制药有限公司,配送企业：,订购数量：0,批准文号：国药准字Z10980033",,,清开灵片,0.0,,False,True,pydantic_direct
matched_row_1141,1141,call_480ffc28ddb84156,"医院名称：北京市朝阳区大屯街道慧忠北里社区卫生服务站,产品名称：生物合成人胰岛素,商品名：诺和灵R,剂型：注射液,规格：3ml:300IU,生产企业：诺和诺德(中国)制药有限公司,配送企业：,订购数量：0,批准文号：国药准字H20174124",,,生物合成人胰岛素,0.0,,False,True,pydantic_direct
matched_row_1142,1142,call_23b863f0b47d49a8,"医院名称：北京市通州区中医医院,产品名称：西格列汀,商品名：捷诺维,剂型：薄膜衣片,规格：0.1g,生产企业：英国Merck Sharp & Dohme Limited(杭州默沙东制药有限公司分装),配送企业：,订购数量：0,批准文号：国药准字J20140095",,,西格列汀,0.0,,False,True,pydantic_direct
matched_row_1143,1143,call_07b8eb6704374cd6,"医院名称：北京市朝阳区劲松社区卫生服务中心,产品名称：独一味滴丸,商品名：无,剂型：滴丸,规格：每丸重50mg,生产企业：海南赛立克药业有限公司,配送企业：,订购数量：0,批准文号：国药准字Z20080236",,,独一味滴丸,0.0,,False,True,pydantic_direct
matched_row_1144,1144,call_66a429b001764e4c,"医院名称：北京市通州区通大家园社区卫生服务站,产品名称：硝苯地平(Ⅰ),商品名：无,剂型：缓释片,规格：10mg,生产企业：扬子江药业集团江苏制药股份有限公司,配送企业：,订购数量：0,批准文号：国药准字H32026198",,,硝苯地平(Ⅰ),0.0,,False,True,pydantic_direct
matched_row_1145,1145,call_93dbf33fe0314f7a,"医院名称：北京京北医院,产品名称：美洛昔康,商品名：莫比可,剂型：素片,规格：7.5mg,生产企业：上海勃林格殷格翰药业有限公司,配送企业：,订购数量：0,批准文号：国药准字H20020217",,,美洛昔康,0.0,,False,True,pydantic_direct
matched_row_1146,1146,call_daf5a96c645749ef,"医院名称：丰台区马家堡街道马家堡社区卫生服务站,产品名称：克林霉素磷酸酯,商品名：曼奇,剂型：冻干粉针剂,规格：0.3g,生产企业：扬子江药业集团有限公司,配送企业：,订购数量：0,批准文号：国药准字H20020724",,,克林霉素磷酸酯,0.0,,False,True,pydantic_direct
matched_row_1147,1147,call_6edf1e99a8aa4780,"医院名称：北京市通州区梨园社区中心第四诊区,产品名称：左西替利嗪,商品名：无,剂型：薄膜衣片,规格：5mg,生产企业：湖南九典制药股份有限公司,配送企业：,订购数量：0,批准文号：国药准字H20084566",,,左西替利嗪,0.0,,False,True,pydantic_direct
matched_row_1148,1148,call_b5257aff38e7408c,"医院名称：平谷区翟各庄社区卫生服务站,产品名称：银丹心脑通软胶囊,商品名：无,剂型：软胶囊(胶丸),规格：0.4g,生产企业：贵州百灵企业集团制药股份有限公司,配送企业：,订购数量：0,批准文号：国药准字Z20027144",,,银丹心脑通软胶囊,0.0,,False,True,pydantic_direct
matched_row_1149,1149,call_6973c695df8b43fa,"医院名称：北京市海淀区花园路街道北科欣兴卫生服务站,产品名称：氯吡格雷,商品名：波立维,剂型：薄膜衣片,规格：75mg,生产企业：法国赛诺菲Sanofi Winthrop Industries(赛诺菲(杭州)制药有限公司分装),配送企业：,订购数量：20,批准文号：国药准字J20130083",,,氯吡格雷,20.0,,False,True,pydantic_direct
matched_row_1150,1150,call_3d6869661d354e92,"医院名称：通州区梨园社区卫生服务中心分部,产品名称：甲钴胺,商品名：弥可保,剂型：薄膜衣片,规格：0.5mg,生产企业：卫材(中国)药业有限公司,配送企业：,订购数量：0,批准文号：国药准字H20143107",,,甲钴胺,0.0,,False,True,pydantic_direct
matched_row_1151,1151,call_86b1d3be497441aa,"医院名称：北京大学第一医院,产品名称：莫沙必利,商品名：加斯清,剂型：薄膜衣片,规格：5mg,生产企业：日本Sumitomo Dainippon Pharma Co.,Ltd. Suzuka Plant(住友制药(苏州)有限公司分装),配送企业：,订购数量：0,批准文号：国药准字J20140149",,,莫沙必利,0.0,,False,True,pydantic_direct
matched_row_1152,1152,call_0ca6812a385b47ae,"医院名称：北京市怀柔区北房镇安各庄社区服务站,产品名称：三金片,商品名：无,剂型：薄膜衣片,规格：3.5g(原药材),生产企业：桂林三金药业股份有限公司,配送企业：,订购数量：0,批准文号：国药准字Z45021645",,,三金片,0.0,,False,True,pydantic_direct
matched_row_1153,1153,call_f0144e5671e14eca,"医院名称：北京市房山区城关街道饶乐府社区卫生服务站,产品名称：牛黄降压胶囊,商品名：无,剂型：胶囊剂,规格：0.4g,生产企业：石药控股集团河北唐威药业有限公司,配送企业：,订购数量：0,批准文号：国药准字Z13022332",,,牛黄降压胶囊,0.0,,False,True,pydantic_direct
matched_row_1154,1154,call_f55fd4cf3def44ee,"医院名称：北京市房山区青龙湖镇社区卫生服务中心,产品名称：保利尔胶囊,商品名：无,剂型：胶囊剂,规格：0.3g,生产企业：内蒙古蒙药股份有限公司,配送企业：,订购数量：0,批准文号：国药准字Z20030129",,,保利尔胶囊,0.0,,False,True,pydantic_direct
matched_row_1155,1155,call_8d07f095f157474d,"医院名称：北京市石景山区杨庄医院（北京市石景山区杨庄社区卫生服务站）,产品名称：心通口服液,商品名：无,剂型：合剂（含口服液）,规格：10ml,生产企业：鲁南厚普制药有限公司,配送企业：,订购数量：0,批准文号：国药准字Z10920014",,,心通口服液,0.0,,False,True,pydantic_direct
matched_row_1156,1156,call_896a365daabd4ab2,"医院名称：北京市朝阳区小红门社区卫生服务中心,产品名称：氨咖黄敏,商品名：无,剂型：口服溶液剂,规格：10ml(每1ml:对乙酰氨基酚25mg,咖啡因1.5mg,马来酸氯苯那敏0.3mg,人工牛黄1mg),生产企业：江西和盈药业有限公司,配送企业：,订购数量：0,批准文号：国药准字H20058569",,,氨咖黄敏,0.0,,False,True,pydantic_direct
matched_row_1157,1157,call_32ddd3313f184ec2,"医院名称：中国医学科学院肿瘤医院,产品名称：,商品名：无,剂型：散剂,规格：3g,生产企业：哈药集团中药二厂,配送企业：,订购数量：0,批准文号：国药准字H20093375",,,药品,0.0,,False,True,pydantic_direct
matched_row_1158,1158,call_f57e88a3394b4689,"医院名称：首都医科大学附属北京安贞医院,产品名称：复方α-酮酸,商品名：无,剂型：薄膜衣片,规格：0.63g,生产企业：北京福元医药股份有限公司,配送企业：,订购数量：0,批准文号：国药准字H20093176",,,复方α-酮酸,0.0,,False,True,pydantic_direct
matched_row_1159,1159,call_93a5936afb5547f0,"医院名称：门城地区社区卫生服务中心绮霞苑社区卫生服务站,产品名称：同仁大活络丸,商品名：无,剂型：蜜丸,规格：3.6g,生产企业：北京同仁堂股份有限公司同仁堂制药厂,配送企业：,订购数量：0,批准文号：国药准字Z11020090",,,同仁大活络丸,0.0,,False,True,pydantic_direct
matched_row_1160,1160,call_105bf2f4cf2d465c,"医院名称：北京市西城区月坛街道三里河二区社区卫生服务站,产品名称：血府逐瘀胶囊,商品名：无,剂型：胶囊剂,规格：0.4g,生产企业：天津宏仁堂药业有限公司,配送企业：,订购数量：0,批准文号：国药准字Z12020223",,,血府逐瘀胶囊,0.0,,False,True,pydantic_direct
matched_row_1161,1161,call_daf62229dbca490e,"医院名称：北京市朝阳区和平街社区卫生服务中心,产品名称：沙格列汀,商品名：安立泽,剂型：薄膜衣片,规格：5mg,生产企业：美国阿斯利康有限公司AstraZeneca Pharmaceuticals LP(阿斯利康制药有限公司分装),配送企业：,订购数量：0,批准文号：国药准字J20160069",,,沙格列汀,0.0,,False,True,pydantic_direct
matched_row_1162,1162,call_e12e48168a7f4ef0,"医院名称：中国民用航空总医院,产品名称：间苯三酚,商品名：无,剂型：冻干粉针剂,规格：40mg,生产企业：湖北午时药业股份有限公司,配送企业：,订购数量：0,批准文号：国药准字H20060385",,,间苯三酚,0.0,,False,True,pydantic_direct
matched_row_1163,1163,call_f281eaaa0f2e432b,"医院名称：北京瑞京糖尿病医院有限责任公司,产品名称：坦索罗辛,商品名：哈乐,剂型：缓释胶囊,规格：0.2mg,生产企业：安斯泰来制药(中国)有限公司,配送企业：,订购数量：0,批准文号：国药准字H20000681",,,坦索罗辛,0.0,,False,True,pydantic_direct
matched_row_1164,1164,call_2019e8a9766d4f82,"医院名称：航空总医院,产品名称：克林霉素棕榈酸酯,商品名：无,剂型：分散片,规格：75mg,生产企业：广州一品红制药有限公司,配送企业：,订购数量：0,批准文号：国药准字H20030434",,,克林霉素棕榈酸酯,0.0,,False,True,pydantic_direct
matched_row_1165,1165,call_1cc486fbad774bce,"医院名称：北京市朝阳区崔各庄地区北皋社区卫生服务站,产品名称：阿托伐他汀,商品名：立普妥,剂型：薄膜衣片,规格：20mg,生产企业：辉瑞制药有限公司,配送企业：,订购数量：0,批准文号：国药准字H20051408",,,阿托伐他汀,0.0,,False,True,pydantic_direct
matched_row_1166,1166,call_494a3bbc681d4487,"医院名称：北京市房山区琉璃河镇黄土坡村卫生室,产品名称：开塞露(含甘油),商品名：无,剂型：溶液剂,规格：20ml,生产企业：武汉五景药业有限公司,配送企业：,订购数量：0,批准文号：国药准字H42021081",,,开塞露(含甘油),0.0,,False,True,pydantic_direct
matched_row_1167,1167,call_f10da94fc96e4089,"医院名称：北京市朝阳区高碑店社区卫生服务中心,产品名称：葛兰心宁软胶囊,商品名：无,剂型：软胶囊(胶丸),规格：0.58g,生产企业：西安千禾药业股份有限公司,配送企业：,订购数量：0,批准文号：国药准字Z20025490",,,葛兰心宁软胶囊,0.0,,False,True,pydantic_direct
matched_row_1168,1168,call_abcd05d2849347e7,"医院名称：北京市朝阳区和平街街道小黄庄社区卫生服务站,产品名称：复方碳酸钙(碳酸钙+D3),商品名：无,剂型：素片,规格：每片含钙0.5g,VD3 5μg(200单位),生产企业：北京振东康远制药有限公司,配送企业：,订购数量：0,批准文号：国药准字H20093675",,,复方碳酸钙(碳酸钙+D3),0.0,,False,True,pydantic_direct
matched_row_1169,1169,call_c34961bf7bb0459e,"医院名称：丰台区妇幼保健院,产品名称：大蒜素,商品名：无,剂型：肠溶片,规格：10mg,生产企业：新疆特丰药业股份有限公司,配送企业：,订购数量：0,批准文号：国药准字H65020356",,,大蒜素,0.0,,False,True,pydantic_direct
matched_row_1170,1170,call_14696481135f49bd,"医院名称：北京市朝阳区来广营地区紫绶园社区卫生服务站,产品名称：通宣理肺颗粒,商品名：无,剂型：颗粒剂,规格：9g,生产企业：昆明中药厂有限公司,配送企业：,订购数量：0,批准文号：国药准字Z53021287",,,通宣理肺颗粒,0.0,,False,True,pydantic_direct
matched_row_1171,1171,call_659533ff585f4e09,"医院名称：首都医科大学附属北京安贞医院大屯社区卫生服务中心,产品名称：通络祛痛膏,商品名：无,剂型：橡胶膏剂,规格：7cm×10cm,生产企业：河南羚锐制药股份有限公司,配送企业：,订购数量：0,批准文号：国药准字Z20000065",,,通络祛痛膏,0.0,,False,True,pydantic_direct
matched_row_1172,1172,call_5830daa9395a4097,"医院名称：首都医科大学附属北京友谊医院,产品名称：非那雄胺,商品名：卡波,剂型：薄膜衣片,规格：5mg,生产企业：华润赛科药业有限责任公司,配送企业：,订购数量：0,批准文号：国药准字H20051983",,,非那雄胺,0.0,,False,True,pydantic_direct
matched_row_1173,1173,call_b324407237434bff,"医院名称：北京市顺义区城区卫生服务中心,产品名称：来氟米特,商品名：爱若华,剂型：薄膜衣片,规格：10mg,生产企业：苏州长征-欣凯制药有限公司,配送企业：,订购数量：0,批准文号：国药准字H20000550",,,来氟米特,0.0,,False,True,pydantic_direct
matched_row_1174,1174,call_d591ebaabd3c4074,"医院名称：崔村社区卫生服务中心,产品名称：防风通圣颗粒,商品名：无,剂型：颗粒剂,规格：3g,生产企业：烟台天正药业有限公司,配送企业：,订购数量：0,批准文号：国药准字Z19991008",,,防风通圣颗粒,0.0,,False,True,pydantic_direct
matched_row_1175,1175,call_ed5f1a4d158243f3,"医院名称：北京市房山区城关街道社区卫生服务中心,产品名称：坎地沙坦酯,商品名：迪之雅,剂型：素片,规格：8mg,生产企业：迪沙药业集团有限公司,配送企业：,订购数量：0,批准文号：国药准字H20050343",,,坎地沙坦酯,0.0,,False,True,pydantic_direct
matched_row_1176,1176,call_8e21247293ad4a39,"医院名称：北京市丰台区长辛店镇大灰厂第一社区卫生服务站,产品名称：百令胶囊,商品名：无,剂型：胶囊剂,规格：0.5g,生产企业：杭州中美华东制药有限公司,配送企业：,订购数量：0,批准文号：国药准字Z10910036",,,百令胶囊,0.0,,False,True,pydantic_direct
matched_row_1177,1177,call_8fc83aef0df74c25,"医院名称：北京市朝阳区高碑店社区卫生服务中心,产品名称：水飞蓟宾,商品名：无,剂型：薄膜衣片,规格：0.1g,生产企业：江苏中兴药业有限公司,配送企业：,订购数量：20,批准文号：国药准字H32026233",,,水飞蓟宾,20.0,,False,True,pydantic_direct
matched_row_1178,1178,call_30bfa6b6c3b14b9c,"医院名称：北京市怀柔区怀北镇河防口社区卫生服务站,产品名称：牛黄降压丸,商品名：无,剂型：蜜丸,规格：1.6g,生产企业：北京同仁堂科技发展股份有限公司制药厂,配送企业：,订购数量：0,批准文号：国药准字Z11020199",,,牛黄降压丸,0.0,,False,True,pydantic_direct
matched_row_1179,1179,call_1cc03c990c2844fc,"医院名称：北京市朝阳区三里屯社区卫生服务中心,产品名称：骨疏康胶囊,商品名：无,剂型：胶囊剂,规格：0.32g,生产企业：辽宁康辰药业有限公司,配送企业：,订购数量：0,批准文号：国药准字Z20060270",,,骨疏康胶囊,0.0,,False,True,pydantic_direct
matched_row_1180,1180,call_fcb88e6d11214a55,"医院名称：北京市怀柔区怀北镇河防口社区卫生服务站,产品名称：阿司匹林,商品名：无,剂型：肠溶片,规格：0.1g,生产企业：意大利Bayer HealthCare Manufacturing S.r.L(拜耳医药保健有限公司分装),配送企业：,订购数量：0,批准文号：国药准字J20171021",,,阿司匹林,0.0,,False,True,pydantic_direct
matched_row_1181,1181,call_c3ed283728724ae0,"医院名称：北京市海淀区上地社区卫生服务中心,产品名称：愈风宁心滴丸,商品名：无,剂型：滴丸,规格：每丸重33mg,生产企业：北京同仁堂股份有限公司同仁堂制药厂,配送企业：,订购数量：0,批准文号：国药准字Z20040022",,,愈风宁心滴丸,0.0,,False,True,pydantic_direct
matched_row_1182,1182,call_214ffb9bb0654d45,"医院名称：北京市西城区月坛街道三里河二区社区卫生服务站,产品名称：沙丁胺醇,商品名：万托林,剂型：气雾剂,规格：100μg/揿(200揿),生产企业：西班牙葛兰素威康Glaxo Wellcome S.A(葛兰素史克制药(苏州)有限公司分装),配送企业：,订购数量：0,批准文号：国药准字J20160074",,,沙丁胺醇,0.0,,False,True,pydantic_direct
matched_row_1183,1183,call_a6c7033fe2ba427e,"医院名称：北京市朝阳区三里屯街道幸福二村社区卫生服务站,产品名称：丹七片,商品名：无,剂型：素片,规格：0.3g,生产企业：北京同仁堂科技发展股份有限公司制药厂,配送企业：,订购数量：0,批准文号：国药准字Z11020471",,,丹七片,0.0,,False,True,pydantic_direct
matched_row_1184,1184,call_4ec054d9e93642af,"医院名称：首都医科大学附属北京潞河医院,产品名称：氯沙坦钾氢氯噻嗪,商品名：海捷亚,剂型：薄膜衣片,规格：氯沙坦钾50mg,氢氯噻嗪12.5mg,生产企业：英国Merck Sharp & Dohme Limited(杭州默沙东制药有限公司分装),配送企业：,订购数量：0,批准文号：国药准字J20130035",,,氯沙坦钾氢氯噻嗪,0.0,,False,True,pydantic_direct
matched_row_1185,1185,call_4a7f481d2fbb485d,"医院名称：北京市崇文区长青园社区卫生服务站,产品名称：腺苷钴胺,商品名：无,剂型：冻干粉针剂,规格：1.5mg,生产企业：哈尔滨三联药业股份有限公司,配送企业：,订购数量：0,批准文号：国药准字H20045994",,,腺苷钴胺,0.0,,False,True,pydantic_direct
matched_row_1186,1186,call_105286ad4046462c,"医院名称：北京市朝阳区小红门社区卫生服务中心,产品名称：精蛋白重组人胰岛素,商品名：优泌林,剂型：注射用混悬剂,规格：3ml:300IU,生产企业：法国礼来(礼来苏州制药有限公司分装),配送企业：,订购数量：0,批准文号：国药准字J20170017",,,精蛋白重组人胰岛素,0.0,,False,True,pydantic_direct
matched_row_1187,1187,call_8211e29bf68d47ab,"医院名称：北京市通州区马驹桥镇马驹桥社区卫生服务中心,产品名称：替米沙坦,商品名：沙汀宁,剂型：素片,规格：40mg,生产企业：湖南威特制药股份有限公司,配送企业：,订购数量：0,批准文号：国药准字H20041741",,,替米沙坦,0.0,,False,True,pydantic_direct
matched_row_1188,1188,call_361feca8e3f54a39,"医院名称：北京市海淀区青龙桥社区卫生服务中心,产品名称：复方碳酸钙(碳酸钙+D3),商品名：无,剂型：素片,规格：每片含钙0.5g,VD3 5μg(200单位),生产企业：北京振东康远制药有限公司,配送企业：,订购数量：0,批准文号：国药准字H20093675",,,复方碳酸钙(碳酸钙+D3),0.0,,False,True,pydantic_direct
matched_row_1189,1189,call_df68623f7cb941c0,"医院名称：首都医科大学附属北京妇产医院,产品名称：双歧杆菌三联活菌,商品名：无,剂型：肠溶胶囊,规格：0.21g,生产企业：晋城海斯制药有限公司,配送企业：,订购数量：0,批准文号：国药准字S19993065",,,双歧杆菌三联活菌,0.0,,False,True,pydantic_direct
matched_row_1190,1190,call_0f94c96d2d334200,"医院名称：房山区大石窝高庄社区卫生服务站,产品名称：复方鲜竹沥液,商品名：无,剂型：合剂（含口服液）,规格：10ml,生产企业：杭州天目山药业股份有限公司,配送企业：,订购数量：0,批准文号：国药准字Z33020417",,,复方鲜竹沥液,0.0,,False,True,pydantic_direct
matched_row_1191,1191,call_3d432588743a4210,"医院名称：首都医科大学附属北京潞河医院,产品名称：硝呋太尔,商品名：无,剂型：胶囊剂,规格：0.1g,生产企业：北京金城泰尔制药有限公司,配送企业：,订购数量：0,批准文号：国药准字H20080299",,,硝呋太尔,0.0,,False,True,pydantic_direct
matched_row_1192,1192,call_0acdf0ad04b54604,"医院名称：北京市西城区月坛街道三里河二区社区卫生服务站,产品名称：百令胶囊,商品名：无,剂型：胶囊剂,规格：0.5g,生产企业：杭州中美华东制药有限公司,配送企业：,订购数量：0,批准文号：国药准字Z10910036",,,百令胶囊,0.0,,False,True,pydantic_direct
matched_row_1193,1193,call_7164a95558474559,"医院名称：北京市朝阳区王四营社区卫生服务中心,产品名称：金蝉止痒胶囊,商品名：无,剂型：胶囊剂,规格：0.5g,生产企业：重庆希尔安药业有限公司,配送企业：,订购数量：0,批准文号：国药准字Z20090396",,,金蝉止痒胶囊,0.0,,False,True,pydantic_direct
matched_row_1194,1194,call_678c3bb2bf234c0c,"医院名称：首都医科大学附属北京安贞医院,产品名称：,商品名：无,剂型：薄膜衣片,规格：20mg,生产企业：齐鲁制药(海南)有限公司,配送企业：,订购数量：0,批准文号：国药准字H20193144",,,药品,0.0,,False,True,pydantic_direct
matched_row_1195,1195,call_5a1e09b9fb974862,"医院名称：北京市海淀区羊坊店社区卫生服务中心,产品名称：奥美拉唑,商品名：无,剂型：肠溶胶囊,规格：20mg,生产企业：海南葫芦娃药业集团股份有限公司,配送企业：,订购数量：0,批准文号：国药准字H20046272",,,奥美拉唑,0.0,,False,True,pydantic_direct
matched_row_1196,1196,call_56391949b47f49d6,"医院名称：北京太申祥和中医医院,产品名称：半胱氨酸,商品名：富露施,剂型：颗粒剂,规格：3g:0.2g,生产企业：海南赞邦制药有限公司,配送企业：,订购数量：0,批准文号：国药准字H20000471",,,半胱氨酸,0.0,,False,True,pydantic_direct
matched_row_1197,1197,call_5ede2f8308f747de,"医院名称：北京市房山区桥梁厂职工医院,产品名称：奥美拉唑,商品名：无,剂型：肠溶胶囊,规格：20mg,生产企业：海南葫芦娃药业集团股份有限公司,配送企业：,订购数量：0,批准文号：国药准字H20046272",,,奥美拉唑,0.0,,False,True,pydantic_direct
matched_row_1198,1198,call_3baec3d9e43347db,"医院名称：北京市朝阳区东坝第二社区卫生服务中心,产品名称：维生素B1,商品名：无,剂型：素片,规格：10mg,生产企业：天津力生制药股份有限公司,配送企业：,订购数量：0,批准文号：国药准字H12020168",,,维生素B1,0.0,,False,True,pydantic_direct
matched_row_1199,1199,call_344cd272464c43c1,"医院名称：中国航天科工集团七三一医院,产品名称：吲哚布芬,商品名：无,剂型：素片,规格：0.2g,生产企业：杭州中美华东制药有限公司,配送企业：,订购数量：0,批准文号：国药准字H20163311",,,吲哚布芬,0.0,,False,True,pydantic_direct
matched_row_1200,1200,call_d6de03e0832844d1,"医院名称：北京市朝阳区双桥医院,产品名称：小金片,商品名：无,剂型：素片,规格：0.36g,生产企业：太极集团重庆桐君阁药厂有限公司,配送企业：,订购数量：0,批准文号：国药准字Z20026801",,,小金片,0.0,,False,True,pydantic_direct
matched_row_1201,1201,call_ef232778490f4ce3,"医院名称：北京市朝阳区东坝地区红松园社区卫生服务站,产品名称：消渴丸,商品名：无,剂型：浓缩丸,规格：52.5g,生产企业：广州白云山中一药业有限公司,配送企业：,订购数量：0,批准文号：国药准字Z44020045",,,消渴丸,0.0,,False,True,pydantic_direct
matched_row_1202,1202,call_0613078e215d4ef8,"医院名称：北京市密云区果园社区卫生服务中心,产品名称：达格列净片,商品名：安达唐,剂型：薄膜衣片,规格：10mg,生产企业：美国阿斯利康有限公司AstraZeneca Pharmaceuticals LP(阿斯利康制药有限公司分装),配送企业：,订购数量：0,批准文号：国药准字J20170040",,,达格列净片,0.0,,False,True,pydantic_direct
matched_row_1203,1203,call_ba4b758e4ad448c5,一、项目名称：2019年基层农技推广体系改革与建设（稻麦）项目物资采购 二、项目简要说明：2019年基层农技推广体系改革与建设（稻麦）项目物资采购项目，噻呋·嘧菌酯，采购数量56.25公斤，四氯虫酰胺，采购数量90公斤，微量元素水溶肥料，采购数量1125公斤，详见第四部分项目采购需求。 三、公告媒体及日期：盐城市亭湖区人民政府-政务公开-农业农村局（2020-5-28）。 四、评审信息：评审日期：2020-6-2。 评审地点：盐城市城南新区新河街道大地苑32号楼107室二楼会议室。 评审委员会名单：汪珺、杨元、唐雨华。 五、成交信息： 意向单位：盐城田欢农业服务有限公司。 成交金额：人民币捌万肆仟捌佰贰拾伍元（¥：84825）。 供货期要求：中标人中标后须在签订合同后七天内完成全部内容的供应，并通过采购人的验收。 六、本次采购联系事项： 采购人：盐城市亭湖区农业农村局 联系人：王先生 联系电话：0515-66871509 采购代理机构：江苏天元造价咨询有限公司 联系人：鲍晓阳 联系电话：13961902510 http://www.tinghu.gov.cn/col/col12874/index.html 各有关当事人对成交结果有异议的，可以在本公告发布之日起七个工作日内，以书面形式向采购单位或采购代理机构提出质疑，逾期将不再受理。 盐城市亭湖区农业农村局 江苏天元造价咨询有限公司 2020年06月03日,,,2019年基层农技推广体系改革与建设（稻麦）项目物资采购,,84825.0,False,True,pydantic_direct
matched_row_1204,1204,call_f07a7f77d7a74c29,"医院名称：北京市朝阳区劲松街道劲松一区社区卫生服务站,产品名称：双黄连颗粒,商品名：无,剂型：颗粒剂,规格：每袋装5g(相当于净饮片30g，无蔗糖）,生产企业：北京春风药业有限公司,配送企业：,订购数量：0,批准文号：国药准字Z23020726",,,双黄连颗粒,0.0,,False,True,pydantic_direct
matched_row_1205,1205,call_46d793596be04763,"医院名称：首都医科大学附属北京同仁医院,产品名称：叶酸片,商品名：无,剂型：素片,规格：5mg,生产企业：天津力生制药股份有限公司,配送企业：,订购数量：0,批准文号：国药准字H12020215",,,叶酸片,0.0,,False,True,pydantic_direct
matched_row_1206,1206,call_76d95cbbabd84e6b,"医院名称：北京昌平同康中医门诊部,产品名称：谷维素,商品名：无,剂型：素片,规格：10mg,生产企业：上海青平药业有限公司,配送企业：,订购数量：0,批准文号：国药准字H31020659",,,谷维素,0.0,,False,True,pydantic_direct
matched_row_1207,1207,call_930ebcfc7b1940b6,"医院名称：北京市海淀区和熹会老年公寓医务室,产品名称：血脂康胶囊,商品名：无,剂型：胶囊剂,规格：0.3g,生产企业：北京北大维信生物科技有限公司,配送企业：,订购数量：0,批准文号：国药准字Z10950029",,,血脂康胶囊,0.0,,False,True,pydantic_direct
matched_row_1208,1208,call_b5bcee89d5ba4502,"医院名称：北京市朝阳区常营社区卫生服务中心,产品名称：安神健脑液,商品名：无,剂型：合剂（含口服液）,规格：10ml,生产企业：北京同仁堂科技发展股份有限公司制药厂,配送企业：,订购数量：0,批准文号：国药准字Z11020290",,,安神健脑液,0.0,,False,True,pydantic_direct
matched_row_1209,1209,call_9ffaff9eede54a72,"医院名称：首都医科大学附属北京同仁医院,产品名称：非布司他,商品名：无,剂型：薄膜衣片,规格：40mg,生产企业：江苏恒瑞医药股份有限公司,配送企业：,订购数量：0,批准文号：国药准字H20130081",,,非布司他,0.0,,False,True,pydantic_direct
matched_row_1210,1210,call_d1734aacf5f047a2,"医院名称：北京市朝阳区酒仙桥社区卫生服务中心,产品名称：布洛芬,商品名：贝乐芬,剂型：分散片,规格：0.2g,生产企业：赤峰维康生化制药有限公司,配送企业：,订购数量：0,批准文号：国药准字H20100189",,,布洛芬,0.0,,False,True,pydantic_direct
matched_row_1211,1211,call_38d3a5b4c98f47dc,"医院名称：首都医科大学附属北京潞河医院,产品名称：鲑鱼降钙素,商品名：金尔力,剂型：鼻用喷雾剂,规格：20μg/揿×16喷,生产企业：银谷制药有限责任公司,配送企业：,订购数量：0,批准文号：国药准字H20030905",,,鲑鱼降钙素鼻用喷雾剂,0.0,,False,True,pydantic_direct
matched_row_1212,1212,call_0ec6969947504b6a,"医院名称：北京市密云区果园社区卫生服务中心,产品名称：舒肝和胃丸,商品名：无,剂型：蜜丸,规格：6g,生产企业：北京同仁堂科技发展股份有限公司制药厂,配送企业：,订购数量：0,批准文号：国药准字Z11020202",,,舒肝和胃丸,0.0,,False,True,pydantic_direct
matched_row_1213,1213,call_b15b19237358486e,"医院名称：北京市门头沟区大台社区卫生服务中心,产品名称：清肺消炎丸,商品名：无,剂型：水丸,规格：5g(5g/60丸),生产企业：天津中新药业集团股份有限公司达仁堂制药厂,配送企业：,订购数量：0,批准文号：国药准字Z20103031",,,清肺消炎丸,0.0,,False,True,pydantic_direct
matched_row_1214,1214,call_c33102db15b649be,"医院名称：北京市朝阳区三里屯社区卫生服务中心,产品名称：,商品名：无,剂型：糖衣片,规格：0.25g,生产企业：重庆天致药业股份有限公司,配送企业：,订购数量：0,批准文号：国药准字Z20053880",,,糖衣片,0.0,,False,True,pydantic_direct
matched_row_1215,1215,call_3cd8e54e90604a4c,"医院名称：北京市顺义区法医院,产品名称：颈复康颗粒,商品名：无,剂型：颗粒剂,规格：5g,生产企业：颈复康药业集团有限公司,配送企业：,订购数量：0,批准文号：国药准字Z13022204",,,颈复康颗粒,0.0,,False,True,pydantic_direct
matched_row_1216,1216,call_0509674454224be1,"医院名称：妙峰山镇社区卫生服务中心妙峰山镇涧沟村卫生室,产品名称：复方利血平氨苯蝶啶,商品名：无,剂型：薄膜衣片,规格：复方,生产企业：华润双鹤药业股份有限公司,配送企业：,订购数量：0,批准文号：国药准字H11022335",,,复方利血平氨苯蝶啶,0.0,,False,True,pydantic_direct
matched_row_1217,1217,call_8b15d6e581da4b92,"医院名称：北京市西城区椿树社区卫生服务中心,产品名称：千山活血膏,商品名：无,剂型：膏药剂,规格：每张净重5g,生产企业：北京修成药业有限公司,配送企业：,订购数量：0,批准文号：国药准字Z20025596",,,千山活血膏,0.0,,False,True,pydantic_direct
matched_row_1218,1218,call_bd9b328fc30a40d8,"医院名称：永定镇社区卫生服务中心石门营新区社区卫生服务站,产品名称：血脂康胶囊,商品名：无,剂型：胶囊剂,规格：0.3g,生产企业：北京北大维信生物科技有限公司,配送企业：,订购数量：0,批准文号：国药准字Z10950029",,,血脂康胶囊,0.0,,False,True,pydantic_direct
matched_row_1219,1219,call_f6052d847b1b4e17,"医院名称：北京市崇文区天坛南里社区卫生服务站,产品名称：银杏叶胶囊,商品名：无,剂型：胶囊剂,规格：含总黄酮醇苷9.6mg、萜类内酯2.4mg,生产企业：杭州康恩贝制药有限公司,配送企业：,订购数量：0,批准文号：国药准字Z20063069",,,银杏叶胶囊,0.0,,False,True,pydantic_direct
matched_row_1220,1220,call_13bd381414dc4a21,"医院名称：首都医科大学附属北京潞河医院,产品名称：咪康唑,商品名：达克宁,剂型：乳膏剂,规格：20g:0.4g(2%),生产企业：西安杨森制药有限公司,配送企业：,订购数量：0,批准文号：国药准字H61020001",,,咪康唑,0.0,,False,True,pydantic_direct
matched_row_1221,1221,call_82d6af9117154b37,"医院名称：北京市朝阳区东坝社区卫生服务中心,产品名称：非布司他,商品名：无,剂型：薄膜衣片,规格：40mg,生产企业：江苏恒瑞医药股份有限公司,配送企业：,订购数量：0,批准文号：国药准字H20130081",,,非布司他,0.0,,False,True,pydantic_direct
matched_row_1222,1222,call_9f3379e8645d4c27,"医院名称：北京市朝阳区大屯街道慧忠北里社区卫生服务站,产品名称：麝香壮骨膏,商品名：无,剂型：橡胶膏剂,规格：7cm×10cm,生产企业：沈阳管城制药有限责任公司,配送企业：,订购数量：0,批准文号：国药准字Z21021134",,,麝香壮骨膏,0.0,,False,True,pydantic_direct
matched_row_1223,1223,call_59ea8416d5474a34,"医院名称：首都医科大学附属北京地坛医院,产品名称：新斯的明,商品名：无,剂型：注射液,规格：2ml:1mg,生产企业：上海信谊金朱药业有限公司,配送企业：,订购数量：0,批准文号：国药准字H31022770",,,新斯的明,0.0,,False,True,pydantic_direct
matched_row_1224,1224,call_b67fe9c53c1c49ff,"医院名称：北京长峰医院股份有限公司,产品名称：肠内营养(整蛋白纤维型),商品名：能全力,剂型：口服混悬剂,规格：500ml(1.5kcal/ml),生产企业：纽迪希亚制药(无锡)有限公司,配送企业：,订购数量：0,批准文号：国药准字H20030011",,,肠内营养(整蛋白纤维型),0.0,,False,True,pydantic_direct
matched_row_1225,1225,call_aa2099cb1a184cd9,"医院名称：中国中医科学院眼科医院,产品名称：甜梦口服液,商品名：无,剂型：合剂（含口服液）,规格：10ml,生产企业：荣昌制药(淄博)有限公司,配送企业：,订购数量：0,批准文号：国药准字Z20153070",,,甜梦口服液,0.0,,False,True,pydantic_direct
matched_row_1226,1226,call_5575cbac254b4836,"医院名称：滨河街道社区卫生服务中心平谷镇北小区社区卫生服务站,产品名称：多潘立酮,商品名：无,剂型：素片,规格：10mg,生产企业：佛山手心制药有限公司,配送企业：,订购数量：0,批准文号：国药准字H20093370",,,多潘立酮,0.0,,False,True,pydantic_direct
matched_row_1227,1227,call_3190284255f44556,"医院名称：北京市朝阳区劲松社区卫生服务中心,产品名称：利伐沙班,商品名：拜瑞妥,剂型：薄膜衣片,规格：10mg,生产企业：德国Bayer AG(拜耳医药保健有限公司分装),配送企业：,订购数量：0,批准文号：国药准字J20180075",,,利伐沙班,0.0,,False,True,pydantic_direct
matched_row_1228,1228,call_64d5781bc3c548d1,"医院名称：北京市平谷区熊耳寨乡社区卫生服务中心,产品名称：比索洛尔,商品名：博苏,剂型：素片,规格：5mg,生产企业：北京华素制药股份有限公司,配送企业：,订购数量：0,批准文号：国药准字H10970082",,,比索洛尔,0.0,,False,True,pydantic_direct
matched_row_1229,1229,call_6108f2f189724348,"医院名称：北京市朝阳区和平街街道小黄庄社区卫生服务站,产品名称：归脾合剂,商品名：无,剂型：合剂（含口服液）,规格：10ml,生产企业：广东万年青制药股份有限公司,配送企业：,订购数量：0,批准文号：国药准字Z44023061",,,归脾合剂,0.0,,False,True,pydantic_direct
matched_row_1230,1230,call_377b19a0798f4677,"医院名称：阳坊社区卫生服务中心,产品名称：,商品名：无,剂型：合剂（含口服液）,规格：10ml,生产企业：广州王老吉药业股份有限公司,配送企业：,订购数量：0,批准文号：国药准字Z44020582",,,合剂（含口服液）,0.0,,False,True,pydantic_direct
matched_row_1231,1231,call_22ed418660b54ea3,"医院名称：北京市崇文区富莱茵社区卫生服务站,产品名称：虎力散胶囊,商品名：无,剂型：胶囊剂,规格：0.3g,生产企业：云南云河药业股份有限公司,配送企业：,订购数量：0,批准文号：国药准字Z53020808",,,虎力散胶囊,0.0,,False,True,pydantic_direct
matched_row_1232,1232,call_0e5f7ca881f24291,"医院名称：北京市昌平区中医医院,产品名称：莫西沙星,商品名：无,剂型：注射液,规格：20ml:0.4g,生产企业：成都天台山制药有限公司,配送企业：,订购数量：0,批准文号：国药准字H20140125",,,莫西沙星,0.0,,False,True,pydantic_direct
matched_row_1233,1233,call_0ebf0333fd984797,"医院名称：北京市通州区通大家园社区卫生服务站,产品名称：缬沙坦氢氯噻嗪,商品名：无,剂型：薄膜衣片,规格：每片含:缬沙坦80mg与氢氯噻嗪12.5mg,生产企业：华润赛科药业有限责任公司,配送企业：,订购数量：0,批准文号：国药准字H20080206",,,缬沙坦氢氯噻嗪,0.0,,False,True,pydantic_direct
matched_row_1234,1234,call_f06bcf9d959f4407,"医院名称：北京市石景山区八角街道八角北路社区卫生服务站,产品名称：参芍片,商品名：无,剂型：薄膜衣片,规格：0.3g,生产企业：保定天浩制药有限公司,配送企业：,订购数量：0,批准文号：国药准字Z10900015",,,参芍片,0.0,,False,True,pydantic_direct
matched_row_1235,1235,call_5d8fa0d3744c43c2,"医院名称：北京市老年病医院,产品名称：氯化钠,商品名：无,剂型：注射液,规格：250ml:2.25g(0.9%),生产企业：华润双鹤药业股份有限公司,配送企业：,订购数量：0,批准文号：国药准字H11021191",,,氯化钠,0.0,,False,True,pydantic_direct
matched_row_1236,1236,call_92db1e82904c4815,"医院名称：北京市朝阳区东坝地区高杨树社区卫生服务站,产品名称：消栓肠溶胶囊[消栓胶囊(肠溶)],商品名：无,剂型：肠溶胶囊,规格：0.2g,生产企业：三门峡赛诺维制药有限公司,配送企业：,订购数量：0,批准文号：国药准字Z20000025",,,消栓肠溶胶囊[消栓胶囊(肠溶)],0.0,,False,True,pydantic_direct
matched_row_1237,1237,call_0b35bd9b682d41bd,"医院名称：北京市昌平区南口社区卫生服务中心,产品名称：强力天麻杜仲胶囊,商品名：无,剂型：胶囊剂,规格：0.4g,生产企业：贵州三力制药股份有限公司,配送企业：,订购数量：0,批准文号：国药准字Z52020007",,,强力天麻杜仲胶囊,0.0,,False,True,pydantic_direct
matched_row_1238,1238,call_1dede37eeb254c01,"医院名称：北京市昌平区南口镇第一社区卫生服务站,产品名称：阿托伐他汀,商品名：立普妥,剂型：薄膜衣片,规格：20mg,生产企业：辉瑞制药有限公司,配送企业：,订购数量：0,批准文号：国药准字H20051408",,,阿托伐他汀,0.0,,False,True,pydantic_direct
matched_row_1239,1239,call_b7cbff98d50e4c70,"医院名称：北京市昌平区南口社区卫生服务中心,产品名称：百令胶囊,商品名：无,剂型：胶囊剂,规格：0.5g,生产企业：杭州中美华东制药有限公司,配送企业：,订购数量：0,批准文号：国药准字Z10910036",,,百令胶囊,0.0,,False,True,pydantic_direct
matched_row_1240,1240,call_6cf4d58803a94b6c,"医院名称：平谷区东高村镇社区卫生服务中心东高村社区卫生服务站,产品名称：藿胆滴丸,商品名：无,剂型：滴丸,规格：50mg,生产企业：上海雷允上药业有限公司,配送企业：,订购数量：0,批准文号：国药准字Z20027832",,,藿胆滴丸,0.0,,False,True,pydantic_direct
matched_row_1241,1241,call_966775219da64e30,"医院名称：沙河社区卫生服务中心北街家园社区卫生服务站,产品名称：胃复春片,商品名：无,剂型：薄膜衣片,规格：0.36g,生产企业：杭州胡庆余堂药业有限公司,配送企业：,订购数量：0,批准文号：国药准字Z20040003",,,胃复春片,0.0,,False,True,pydantic_direct
matched_row_1242,1242,call_8169a394ee9a4ce4,"医院名称：北京市垂杨柳医院,产品名称：链霉蛋白酶,商品名：无,剂型：颗粒剂,规格：20000单位,生产企业：北京泰德制药股份有限公司,配送企业：,订购数量：0,批准文号：国药准字H20110030",,,链霉蛋白酶,0.0,,False,True,pydantic_direct
matched_row_1243,1243,call_547078af583e4021,"医院名称：北京市宣武中医医院,产品名称：甘草酸二铵,商品名：天晴甘平,剂型：肠溶胶囊,规格：50mg,生产企业：正大天晴药业集团股份有限公司,配送企业：,订购数量：0,批准文号：国药准字H20040628",,,甘草酸二铵,0.0,,False,True,pydantic_direct
matched_row_1244,1244,call_e3a3e8211ba24580,"医院名称：北京市丰台区东铁营街道铁营社区卫生服务站,产品名称：普罗布考,商品名：畅泰,剂型：薄膜衣片,规格：0.25g,生产企业：颈复康药业集团有限公司,配送企业：,订购数量：100,批准文号：国药准字H10960161",,,普罗布考,100.0,,False,True,pydantic_direct
matched_row_1245,1245,call_33835d9ea02f48f5,"医院名称：首都医科大学附属北京同仁医院,产品名称：替罗非班,商品名：无,剂型：注射液,规格：50ml:12.5mg,生产企业：鲁南贝特制药有限公司,配送企业：,订购数量：0,批准文号：国药准字H20090328",,,替罗非班,0.0,,False,True,pydantic_direct
matched_row_1246,1246,call_ce497b3a5e394549,"医院名称：北京市密云区果园社区卫生服务中心,产品名称：心悦胶囊,商品名：无,剂型：胶囊剂,规格：每粒装0.3g(相当于西洋参茎叶总皂苷50mg),生产企业：吉林省集安益盛药业股份有限公司,配送企业：,订购数量：0,批准文号：国药准字Z20030073",,,心悦胶囊,0.0,,False,True,pydantic_direct
matched_row_1247,1247,call_57da3116b1dd498f,"医院名称：北京市昌平区沙河中西医结合医院,产品名称：天王补心丸,商品名：无,剂型：蜜丸,规格：9g,生产企业：北京同仁堂股份有限公司同仁堂制药厂,配送企业：,订购数量：0,批准文号：国药准字Z11020140",,,天王补心丸,0.0,,False,True,pydantic_direct
matched_row_1248,1248,call_3a366770aea94187,"医院名称：北京市石景山区古城街道水泥厂社区卫生服务站,产品名称：西帕依固龈液,商品名：无,剂型：合剂（含口服液）,规格：30ml,生产企业：新奇康药业股份有限公司,配送企业：,订购数量：0,批准文号：国药准字Z65020012",,,西帕依固龈液,0.0,,False,True,pydantic_direct
matched_row_1249,1249,call_8600c5734fb7494a,"医院名称：北京同仁堂中医医院有限责任公司,产品名称：脑心通胶囊,商品名：无,剂型：胶囊剂,规格：0.4g,生产企业：陕西步长制药有限公司,配送企业：,订购数量：0,批准文号：国药准字Z20025001",,,脑心通胶囊,0.0,,False,True,pydantic_direct
matched_row_1250,1250,call_4364f729371e4656,"医院名称：沙河社区卫生服务中心沙阳路社区卫生服务站,产品名称：人参健脾片,商品名：无,剂型：薄膜衣片,规格：每片重0.51g(相当于饮片1.59g),生产企业：河北百善药业有限公司,配送企业：,订购数量：0,批准文号：国药准字Z20063728",,,人参健脾片,0.0,,False,True,pydantic_direct
matched_row_1251,1251,call_b7722a20c29e4c31,"医院名称：丰台区马家堡街道角门东里社区卫生服务站,产品名称：同仁牛黄清心丸,商品名：无,剂型：蜜丸,规格：3g,生产企业：北京同仁堂股份有限公司同仁堂制药厂,配送企业：,订购数量：300,批准文号：国药准字Z11020025",,,同仁牛黄清心丸,300.0,,False,True,pydantic_direct
matched_row_1252,1252,call_4c4f5831a8364df5,"医院名称：北京普祥中医肿瘤医院,产品名称：硝酸甘油,商品名：无,剂型：素片,规格：0.5mg,生产企业：北京益民药业有限公司,配送企业：,订购数量：0,批准文号：国药准字H11021022",,,硝酸甘油,0.0,,False,True,pydantic_direct
matched_row_1253,1253,call_71d2b7c311c3479d,"医院名称：北京市西城区德胜街道裕中西里社区卫生服务站,产品名称：甘精胰岛素,商品名：来得时,剂型：注射液,规格：3ml:300单位,生产企业：德国Sanofi-Aventis Deutschland GmbH(赛诺菲(北京)制药有限公司分装),配送企业：,订购数量：0,批准文号：国药准字J20140052",,,甘精胰岛素,0.0,,False,True,pydantic_direct
matched_row_1254,1254,call_9ef39a40f2d046f0,"医院名称：北京市平谷区社区服务中心诊所,产品名称：骨通贴膏,商品名：无,剂型：橡胶膏剂,规格：11cm×14cm,生产企业：桂林华润天和药业有限公司,配送企业：,订购数量：0,批准文号：国药准字Z10980134",,,骨通贴膏,0.0,,False,True,pydantic_direct
matched_row_1255,1255,call_b73c61ce9be14c63,"医院名称：北京市东城区永定门外社区卫生服务中心,产品名称：罗格列酮,商品名：太罗,剂型：素片,规格：4mg(以罗格列酮计),生产企业：太极集团重庆涪陵制药厂有限公司,配送企业：,订购数量：50,批准文号：国药准字H20041399",,,罗格列酮,50.0,,False,True,pydantic_direct
matched_row_1256,1256,call_a3d4757283fe4b83,"医院名称：北京惠兰医院,产品名称：卡维地洛,商品名：金络,剂型：薄膜衣片,规格：12.5mg,生产企业：齐鲁制药有限公司,配送企业：,订购数量：0,批准文号：国药准字H20020547",,,卡维地洛,0.0,,False,True,pydantic_direct
matched_row_1257,1257,call_90a50e384d6d4e7c,"医院名称：中日友好医院,产品名称：卡贝缩宫素,商品名：无,剂型：注射液,规格：1ml:100μg,生产企业：辉凌制药(中国)有限公司,配送企业：,订购数量：0,批准文号：国药准字H20093500",,,卡贝缩宫素,0.0,,False,True,pydantic_direct
matched_row_1258,1258,call_a3e59d07a519497b,"医院名称：北京市朝阳区大屯街道慧忠北里社区卫生服务站,产品名称：格列美脲,商品名：万苏平,剂型：素片,规格：2mg,生产企业：江苏万邦生化医药集团有限责任公司,配送企业：,订购数量：0,批准文号：国药准字H20010575",,,格列美脲,0.0,,False,True,pydantic_direct
matched_row_1259,1259,call_fea2687f8cba4264,"医院名称：国务院国有资产监督管理委员会物资机关服务中心门诊部,产品名称：咪康唑,商品名：达克宁,剂型：乳膏剂,规格：20g:0.4g(2%),生产企业：西安杨森制药有限公司,配送企业：,订购数量：0,批准文号：国药准字H61020001",,,咪康唑,0.0,,False,True,pydantic_direct
matched_row_1260,1260,call_30a311ff257546e2,"医院名称：北京市朝阳区小关街道惠新北里社区卫生服务站,产品名称：麝香壮骨膏,商品名：无,剂型：橡胶膏剂,规格：7cm×10cm,生产企业：沈阳管城制药有限责任公司,配送企业：,订购数量：0,批准文号：国药准字Z21021134",,,麝香壮骨膏,0.0,,False,True,pydantic_direct
matched_row_1261,1261,call_b8d8c293264541ab,"医院名称：北京市丰台区马家堡社区卫生服务中心,产品名称：独一味滴丸,商品名：无,剂型：滴丸,规格：每丸重50mg,生产企业：海南赛立克药业有限公司,配送企业：,订购数量：0,批准文号：国药准字Z20080236",,,独一味滴丸,0.0,,False,True,pydantic_direct
matched_row_1262,1262,call_1a8da766178f4328,"医院名称：北京工业大学医院,产品名称：哈西奈德,商品名：无,剂型：溶液剂,规格：10ml:10mg(0.1%),生产企业：福元药业有限公司,配送企业：,订购数量：0,批准文号：国药准字H34020418",,,哈西奈德,0.0,,False,True,pydantic_direct
matched_row_1263,1263,call_f0045b425fef4e18,"医院名称：桥梓社区卫生服务中心北宅社区卫生服务站,产品名称：阿卡波糖,商品名：拜唐苹,剂型：素片,规格：50mg,生产企业：拜耳医药保健有限公司,配送企业：,订购数量：0,批准文号：国药准字H19990205",,,阿卡波糖,0.0,,False,True,pydantic_direct
matched_row_1264,1264,call_1a09739d576842d0,"医院名称：北京市朝阳区管庄第二社区卫生服务中心,产品名称：参苏片,商品名：无,剂型：薄膜衣片,规格：0.31g,生产企业：山西华康药业股份有限公司,配送企业：,订购数量：0,批准文号：国药准字Z20003136",,,参苏片,0.0,,False,True,pydantic_direct
matched_row_1265,1265,call_9bd706b02bd049f8,"医院名称：首都医科大学附属北京潞河医院,产品名称：碳酸镧,商品名：福斯利诺,剂型：咀嚼片,规格：0.5g,生产企业：英国Hamol Limited,配送企业：,订购数量：0,批准文号：H20171351",,,碳酸镧,0.0,,False,True,pydantic_direct
matched_row_1266,1266,call_15815623a67741b7,"医院名称：首都医科大学附属北京佑安医院,产品名称：精蛋白生物合成人胰岛素,商品名：诺和灵30R,剂型：注射用混悬剂,规格：3ml:300IU,生产企业：诺和诺德(中国)制药有限公司,配送企业：,订购数量：0,批准文号：国药准字H20133107",,,精蛋白生物合成人胰岛素,0.0,,False,True,pydantic_direct
matched_row_1267,1267,call_ea458114df524e1c,"医院名称：首都医科大学附属北京潞河医院,产品名称：来氟米特,商品名：妥抒,剂型：薄膜衣片,规格：10mg,生产企业：福建汇天生物药业有限公司,配送企业：,订购数量：0,批准文号：国药准字H20050175",,,来氟米特,0.0,,False,True,pydantic_direct
matched_row_1268,1268,call_cf50d9968cef4137,"医院名称：北京市朝阳区王四营社区卫生服务中心,产品名称：心可舒片,商品名：无,剂型：薄膜衣片,规格：0.31g,生产企业：山东沃华医药科技股份有限公司,配送企业：,订购数量：0,批准文号：国药准字Z37020042",,,心可舒片,0.0,,False,True,pydantic_direct
matched_row_1269,1269,call_d7f524ac5cc146e9,"医院名称：北京市大兴区人民医院,产品名称：舒血宁注射液,商品名：无,剂型：注射液,规格：2ml,折合银杏叶提取物为7.0mg(含总黄酮醇苷1.68mg;含银杏叶内酯0.28mg),生产企业：黑龙江珍宝岛药业股份有限公司,配送企业：,订购数量：0,批准文号：国药准字Z23022004",,,舒血宁注射液,0.0,,False,True,pydantic_direct
matched_row_1270,1270,call_60c26457378348ba,"医院名称：北京中医药大学东直门医院,产品名称：热淋清颗粒,商品名：无,剂型：颗粒剂,规格：4g,生产企业：贵州威门药业股份有限公司,配送企业：,订购数量：0,批准文号：国药准字Z52020383",,,热淋清颗粒,0.0,,False,True,pydantic_direct
matched_row_1271,1271,call_793b36dbc12745fb,"医院名称：丰台区马家堡街道马家堡社区卫生服务站,产品名称：银杏叶滴丸,商品名：无,剂型：滴丸,规格：每丸重60mg(相当于银杏叶提取物16mg),生产企业：万邦德制药集团股份有限公司,配送企业：,订购数量：0,批准文号：国药准字Z20040071",,,银杏叶滴丸,0.0,,False,True,pydantic_direct
matched_row_1272,1272,call_d89839a1b2974a03,"医院名称：北京市朝阳区小红门社区卫生服务中心,产品名称：肠内营养(整蛋白纤维型),商品名：瑞代,剂型：口服乳液,规格：500ml,生产企业：费森尤斯卡比华瑞制药有限公司,配送企业：,订购数量：0,批准文号：国药准字H20183301",,,肠内营养(整蛋白纤维型),0.0,,False,True,pydantic_direct
matched_row_1273,1273,call_25db96af64a8498f,"医院名称：北京市西城区新街口街道赵登禹路社区卫生服务站,产品名称：同仁大活络丸,商品名：无,剂型：蜜丸,规格：3.6g,生产企业：北京同仁堂股份有限公司同仁堂制药厂,配送企业：,订购数量：0,批准文号：国药准字Z11020090",,,同仁大活络丸,0.0,,False,True,pydantic_direct
matched_row_1274,1274,call_9eb059fe1b734942,"医院名称：兴寿社区卫生服务中心,产品名称：牛黄降压丸,商品名：无,剂型：蜜丸,规格：1.6g,生产企业：北京同仁堂科技发展股份有限公司制药厂,配送企业：,订购数量：0,批准文号：国药准字Z11020199",,,牛黄降压丸,0.0,,False,True,pydantic_direct
matched_row_1275,1275,call_4eea9182cf4248c1,"医院名称：北京市密云区巨各庄镇社区卫生服务中心,产品名称：金匮肾气丸,商品名：无,剂型：水蜜丸,规格：72g(20g/100粒),生产企业：北京同仁堂科技发展股份有限公司制药厂,配送企业：,订购数量：0,批准文号：国药准字Z11020147",,,金匮肾气丸,0.0,,False,True,pydantic_direct
matched_row_1276,1276,call_8a26bc1f0265462b,"医院名称：航空总医院,产品名称：对乙酰氨基酚,商品名：无,剂型：素片,规格：0.5g,生产企业：成都通德药业有限公司,配送企业：,订购数量：0,批准文号：国药准字H51021207",,,对乙酰氨基酚,0.0,,False,True,pydantic_direct
matched_row_1277,1277,call_c48388be9faf4458,"医院名称：北京市朝阳区豆各庄地区朝丰家园社区卫生服务站,产品名称：归脾合剂,商品名：无,剂型：合剂（含口服液）,规格：10ml,生产企业：广东万年青制药股份有限公司,配送企业：,订购数量：0,批准文号：国药准字Z44023061",,,归脾合剂,0.0,,False,True,pydantic_direct
matched_row_1278,1278,call_444ebcc3899d45cb,"医院名称：应急总医院,产品名称：清热解毒口服液,商品名：无,剂型：合剂（含口服液）,规格：10ml,生产企业：江西济民可信药业有限公司,配送企业：,订购数量：0,批准文号：国药准字Z19993096",,,清热解毒口服液,0.0,,False,True,pydantic_direct
matched_row_1279,1279,call_7261d35cc94a47b0,"医院名称：北京市朝阳区三里屯社区卫生服务中心,产品名称：安神补心片,商品名：无,剂型：糖衣片,规格：/,生产企业：太极集团四川绵阳制药有限公司,配送企业：,订购数量：0,批准文号：国药准字Z20027508",,,安神补心片,0.0,,False,True,pydantic_direct
matched_row_1280,1280,call_29c58a6b02454246,"医院名称：北京同仁堂中医医院有限责任公司,产品名称：羟氯喹,商品名：纷乐,剂型：薄膜衣片,规格：0.1g,生产企业：上海上药中西制药有限公司,配送企业：,订购数量：0,批准文号：国药准字H19990263",,,羟氯喹,0.0,,False,True,pydantic_direct
matched_row_1281,1281,call_1acacb8a4152462b,"医院名称：北京医院,产品名称：重组人粒细胞刺激因子,商品名：瑞白,剂型：注射液,规格：0.9ml:0.15mg,生产企业：齐鲁制药有限公司,配送企业：,订购数量：0,批准文号：国药准字S19990050",,,重组人粒细胞刺激因子,0.0,,False,True,pydantic_direct
matched_row_1282,1282,call_db9adf35038749fb,"医院名称：中国中医科学院眼科医院,产品名称：洛芬待因,商品名：思为普,剂型：缓释片,规格：0.2g(以布洛芬计),生产企业：西南药业股份有限公司,配送企业：,订购数量：0,批准文号：国药准字H20010516",,,洛芬待因,0.0,,False,True,pydantic_direct
matched_row_1283,1283,call_82fbdd5bfd21487d,"医院名称：平谷区东高村镇社区卫生服务中心曹家庄社区卫生服务站,产品名称：吲达帕胺,商品名：无,剂型：缓释片,规格：1.5mg,生产企业：黄山中皇制药有限公司,配送企业：,订购数量：0,批准文号：国药准字H20070262",,,吲达帕胺,0.0,,False,True,pydantic_direct
matched_row_1284,1284,call_7d8757bdceca43b5,"医院名称：北京市朝阳区王四营社区卫生服务中心,产品名称：开胸顺气丸,商品名：无,剂型：水丸,规格：6g,生产企业：北京同仁堂科技发展股份有限公司制药厂,配送企业：,订购数量：0,批准文号：国药准字Z11020148",,,开胸顺气丸,0.0,,False,True,pydantic_direct
matched_row_1285,1285,call_313d9bcc6b8942b5,"医院名称：怀柔区龙山街道社区卫生服务中心青春苑社区卫生服务站,产品名称：葛兰心宁软胶囊,商品名：无,剂型：软胶囊(胶丸),规格：0.58g,生产企业：西安千禾药业股份有限公司,配送企业：,订购数量：0,批准文号：国药准字Z20025490",,,葛兰心宁软胶囊,0.0,,False,True,pydantic_direct
matched_row_1286,1286,call_38dbe8187fd544a6,"医院名称：北京市平谷区中医医院,产品名称：天麻素,商品名：天眩清,剂型：注射液,规格：2ml:0.2g,生产企业：昆药集团股份有限公司,配送企业：,订购数量：0,批准文号：国药准字H20013046",,,天麻素,0.0,,False,True,pydantic_direct
matched_row_1287,1287,call_424aa07f09fa4044,"医院名称：北京中医药大学附属护国寺中医医院,产品名称：胞磷胆碱,商品名：无,剂型：薄膜衣片,规格：0.1g,生产企业：华润双鹤利民药业（济南）有限公司,配送企业：,订购数量：0,批准文号：国药准字H20080745",,,胞磷胆碱,0.0,,False,True,pydantic_direct
matched_row_1288,1288,call_0a347f7a603e4df5,"医院名称：中国民用航空总医院,产品名称：来氟米特,商品名：爱若华,剂型：薄膜衣片,规格：10mg,生产企业：苏州长征-欣凯制药有限公司,配送企业：,订购数量：0,批准文号：国药准字H20000550",,,来氟米特,0.0,,False,True,pydantic_direct
matched_row_1289,1289,call_e7f2306295444412,"医院名称：北京市朝阳区和平街街道小黄庄社区卫生服务站,产品名称：复方盐酸阿米洛利,商品名：武都力,剂型：素片,规格：盐酸阿米洛利2.5mg,氢氯噻嗪25mg,生产企业：江苏迪赛诺制药有限公司,配送企业：,订购数量：0,批准文号：国药准字H10900029",,,复方盐酸阿米洛利,0.0,,False,True,pydantic_direct
matched_row_1290,1290,call_6c1c0641beab4f24,"医院名称：北京太申祥和中医医院,产品名称：匹伐他汀钙,商品名：无,剂型：薄膜衣片,规格：1mg,生产企业：华润双鹤药业股份有限公司,配送企业：,订购数量：0,批准文号：国药准字H20080736",,,匹伐他汀钙,0.0,,False,True,pydantic_direct
matched_row_1291,1291,call_168f10ab79db46c7,"医院名称：北京市朝阳区潘家园街道武圣西里社区卫生服务站,产品名称：筋骨伤喷雾剂,商品名：无,剂型：喷雾剂,规格：100ml,生产企业：贵州远程制药有限责任公司,配送企业：,订购数量：0,批准文号：国药准字Z20025387",,,筋骨伤喷雾剂,0.0,,False,True,pydantic_direct
matched_row_1292,1292,call_ab51ae5558934eae,"医院名称：平谷区南独乐河镇峨眉山社区卫生服务站,产品名称：养阴清肺口服液,商品名：无,剂型：合剂（含口服液）,规格：10ml,生产企业：呼伦贝尔松鹿制药有限公司,配送企业：,订购数量：0,批准文号：国药准字Z10890016",,,养阴清肺口服液,0.0,,False,True,pydantic_direct
matched_row_1293,1293,call_67ef5e98da774a42,"医院名称：北京市密云区果园社区卫生服务中心,产品名称：消积洁白丸,商品名：无,剂型：水丸,规格：15g(2g/10丸),生产企业：内蒙古库伦蒙药有限公司,配送企业：,订购数量：0,批准文号：国药准字Z20027790",,,消积洁白丸,0.0,,False,True,pydantic_direct
matched_row_1294,1294,call_396361af8dbb43b7,"医院名称：北京市丰台区东铁营街道铁营社区卫生服务站,产品名称：活血止痛膏,商品名：无,剂型：橡胶膏剂,规格：9cm×12cm,生产企业：湖北舒尔迈康药业有限公司,配送企业：,订购数量：0,批准文号：国药准字Z42021573",,,活血止痛膏,0.0,,False,True,pydantic_direct
matched_row_1295,1295,call_8cb5fe7b2a9a4525,"医院名称：丰台区马家堡街道马家堡社区卫生服务站,产品名称：肿痛安胶囊,商品名：无,剂型：胶囊剂,规格：0.28g,生产企业：河北奥星集团药业有限公司,配送企业：,订购数量：0,批准文号：国药准字Z13021496",,,肿痛安胶囊,0.0,,False,True,pydantic_direct
matched_row_1296,1296,call_e0f928ea39634421,"医院名称：北京市海淀区青龙桥社区卫生服务中心,产品名称：防风通圣颗粒,商品名：无,剂型：颗粒剂,规格：3g,生产企业：烟台天正药业有限公司,配送企业：,订购数量：0,批准文号：国药准字Z19991008",,,防风通圣颗粒,0.0,,False,True,pydantic_direct
matched_row_1297,1297,call_67a9b01a169b41e1,"医院名称：北京市昌平区南口社区卫生服务中心,产品名称：参芍片,商品名：无,剂型：薄膜衣片,规格：0.3g,生产企业：保定天浩制药有限公司,配送企业：,订购数量：0,批准文号：国药准字Z10900015",,,参芍片,0.0,,False,True,pydantic_direct
matched_row_1298,1298,call_d03ec5d6ac2f4653,"医院名称：北京联科中医肾病医院,产品名称：黄芪片,商品名：无,剂型：薄膜衣片,规格：0.41g,生产企业：四川奇力制药有限公司,配送企业：,订购数量：0,批准文号：国药准字Z20090313",,,黄芪片,0.0,,False,True,pydantic_direct
matched_row_1299,1299,call_988df70e7b854821,"医院名称：北京市石景山区五里坨街道社区卫生服务中心,产品名称：缬沙坦氢氯噻嗪,商品名：复代文,剂型：薄膜衣片,规格：每片含:缬沙坦80mg与氢氯噻嗪12.5mg,生产企业：意大利诺华Novartis Farma S.p.A.(I)(北京诺华制药有限公司分装),配送企业：,订购数量：0,批准文号：国药准字J20140049",,,缬沙坦氢氯噻嗪,0.0,,False,True,pydantic_direct
matched_row_1300,1300,call_96e30683302e49b1,"医院名称：门城地区社区卫生服务中心德露苑社区卫生服务站,产品名称：普乐安片,商品名：无,剂型：薄膜衣片,规格：每片重0.57g(含油菜花粉0.5g),生产企业：浙江康恩贝制药股份有限公司,配送企业：,订购数量：0,批准文号：国药准字Z33020303",,,普乐安片,0.0,,False,True,pydantic_direct
matched_row_1301,1301,call_65ca9ce039514e42,"医院名称：北京市房山区韩村河七贤社区卫生服务站,产品名称：青鹏软膏,商品名：无,剂型：软膏剂,规格：20g,生产企业：金诃藏药股份有限公司,配送企业：,订购数量：0,批准文号：国药准字Z63020274",,,青鹏软膏,0.0,,False,True,pydantic_direct
matched_row_1302,1302,call_e597b882291c45ff,"医院名称：北京京煤集团总医院机关医务室,产品名称：金匮肾气丸,商品名：无,剂型：水蜜丸,规格：72g(20g/100粒),生产企业：北京同仁堂科技发展股份有限公司制药厂,配送企业：,订购数量：0,批准文号：国药准字Z11020147",,,金匮肾气丸,0.0,,False,True,pydantic_direct
matched_row_1303,1303,call_ff64fc6f4a1e4563,"医院名称：北京市丰台区马家堡社区卫生服务中心,产品名称：舒肝止痛丸,商品名：无,剂型：浓缩丸,规格：4.5g(12g/100粒),生产企业：北京同仁堂科技发展股份有限公司制药厂,配送企业：,订购数量：0,批准文号：国药准字Z11020072",,,舒肝止痛丸,0.0,,False,True,pydantic_direct
matched_row_1304,1304,call_1c45f790d7004fdd,"医院名称：门城地区社区卫生服务中心三家店社区卫生服务站,产品名称：胰岛素,商品名：无,剂型：注射液,规格：3ml:300单位,生产企业：诺和诺德(中国)制药有限公司,配送企业：,订购数量：0,批准文号：国药准字S20153001",,,胰岛素,0.0,,False,True,pydantic_direct
matched_row_1305,1305,call_3d248e29950e4fb6,"医院名称：北京市朝阳区管庄地区京通新城社区卫生服务站,产品名称：格列美脲,商品名：亚莫利,剂型：素片,规格：2mg,生产企业：赛诺菲(北京)制药有限公司,配送企业：,订购数量：0,批准文号：国药准字H20057672",,,格列美脲,0.0,,False,True,pydantic_direct
matched_row_1306,1306,call_cb566d482f424199,中标人： 沧州市荣达市政工程有限公司总报价:1899919.80 元 工期:2020年12月底前完工 工程质量:符合相关专业技术规范合格标准项目经理姓名:张云基,,,市政工程,,1899919.8,False,True,pydantic_direct
matched_row_1307,1307,call_d45ee186186d4955,"医院名称：北京市门头沟区清水镇社区卫生服务中心,产品名称：左甲状腺素,商品名：优甲乐,剂型：素片,规格：50μg,生产企业：德国默克Merck KGaA,配送企业：,订购数量：0,批准文号：H20140052",,,左甲状腺素,0.0,,False,True,pydantic_direct
matched_row_1308,1308,call_a383fab2584c4b45,"医院名称：航空总医院,产品名称：康复新液,商品名：无,剂型：溶液剂,规格：100ml,生产企业：四川好医生攀西药业有限责任公司,配送企业：,订购数量：0,批准文号：国药准字Z51021834",,,康复新液,0.0,,False,True,pydantic_direct
matched_row_1309,1309,call_57304ad6024746a5,"医院名称：北京市大兴区清源西里社区卫生服务站,产品名称：鼻炎康片,商品名：无,剂型：薄膜衣片,规格：每片重0.37g,生产企业：国药集团德众(佛山)药业有限公司,配送企业：,订购数量：0,批准文号：国药准字Z20023063",,,鼻炎康片,0.0,,False,True,pydantic_direct
matched_row_1310,1310,call_6c6e6c162f2f4f80,"医院名称：北京市朝阳区东风社区卫生服务中心泛海分中心,产品名称：,商品名：无,剂型：糖浆剂,规格：200ml,生产企业：太极集团重庆涪陵制药厂有限公司,配送企业：,订购数量：0,批准文号：国药准字Z50020615",,,糖浆剂,0.0,,False,True,pydantic_direct
matched_row_1311,1311,call_480d5b8597de45b5,采购项目编号：HCBD-ZC2019-02403 采购人名称：河北雄安新区生态环境局 采购人联系方式：0312-5620130 采购人地址 ：河北雄安新区容城县奥威街73号 采购代理机构全称 ：华春建设工程项目管理有限责任公司 采购代理机构地址 ：中国冶金地质总局地球物理勘查院南配楼2楼(保定市竞秀区) 采购代理机构联系方式 ：17325283560 项目实施地点 ：采购人指定地点 采购内容：指挥大厅相关设备(一期)，详见招标文件技术规格及参数要求；具体详见招标文件 采购公告期：2019年12月06日 品目分类 采购项目包组 供应商组织机构代码 供应商名称 供应商地址 主要标的名称 标的基本情况 规格型号 数量 单价 金额（元） 优惠率 服务要求 货物 A 91110000710927126K 新华网股份有限公司 北京市大兴区北兴路(东段)2号院12号楼1-5层101 沉浸式系统内容管理平台和智能交互底层支持模块 沉浸式系统内容管理平台：平台支持web端、移动端、PC端、VR端、MR端访问；平台客户端支持在PC和VR或者PC和MR两种模式下运行并支持自由切换。智能交互底层支持模块：是所有智能交互终端分配交互的通道，识别智能交互终端发来的交互指令数据，识别处理结果转换为相应指令分发到对应信号源终端和图像控制端上执行和响应，数据转发速度大于等于30帧每秒。 一批 11697900 11697900 3.4% 三年质保、终身提供售后服务 定标日期：2020年01月06日 开标地点：雄安新区公共资源交易中心开标室一 评标地点：雄安新区公共资源交易中心评标室二 本公告发布媒体：中国河北政府采购网、雄安新区公共资源交易服务平台 传真电话：0312-588852 受理质疑电话：17325283560 备注： 评审委员会成员名单：尚永福、刘耀、盛莉、刘中一、杨素霞；招标人代表：王英俊、谷雅亭 代理费用收费标准：按计价格[2002]1980号文标准计取 代理费用收费金额：86000,,,沉浸式系统内容管理平台和智能交互底层支持模块,,11697900.0,True,True,pydantic_direct
matched_row_1312,1312,call_44dc4849cd4440c8,"医院名称：中国航天科技集团公司第五研究院第五〇二研究所门诊部,产品名称：辅酶Q10,商品名：能气朗,剂型：糖衣片,规格：10mg,生产企业：卫材(中国)药业有限公司,配送企业：,订购数量：0,批准文号：国药准字H10930021",,,辅酶Q10,0.0,,False,True,pydantic_direct
matched_row_1313,1313,call_0a789712c41043cf,"医院名称：北京市石景山区老山社区卫生服务中心,产品名称：银丹心脑通软胶囊,商品名：无,剂型：软胶囊(胶丸),规格：0.4g,生产企业：贵州百灵企业集团制药股份有限公司,配送企业：,订购数量：0,批准文号：国药准字Z20027144",,,银丹心脑通软胶囊,0.0,,False,True,pydantic_direct
matched_row_1314,1314,call_f14e7d84705e4185,"医院名称：北京市朝阳区劲松街道劲松一区社区卫生服务站,产品名称：那格列奈,商品名：唐力,剂型：薄膜衣片,规格：0.12g,生产企业：北京诺华制药有限公司,配送企业：,订购数量：0,批准文号：国药准字H20030504",,,那格列奈,0.0,,False,True,pydantic_direct
matched_row_1315,1315,call_2433423ae1424eef,"医院名称：北京市朝阳区东坝地区东坝家园社区卫生服务站,产品名称：连翘败毒丸,商品名：无,剂型：水丸,规格：6g(6g/100粒),生产企业：北京同仁堂科技发展股份有限公司制药厂,配送企业：,订购数量：0,批准文号：国药准字Z11020149",,,连翘败毒丸,0.0,,False,True,pydantic_direct
matched_row_1316,1316,call_6e5d38d8b830486a,"医院名称：北京市顺义区牛栏山社区卫生服务中心木林院区,产品名称：祛风止痛胶囊,商品名：无,剂型：胶囊剂,规格：0.3g,生产企业：陕西步长制药有限公司,配送企业：,订购数量：0,批准文号：国药准字Z10970038",,,祛风止痛胶囊,0.0,,False,True,pydantic_direct
matched_row_1317,1317,call_da6b809b9a9e4a03,"医院名称：北京市丰台区朱家坟社区卫生服务中心,产品名称：亮菌,商品名：无,剂型：口服溶液剂,规格：10ml,生产企业：合肥诚志生物制药有限公司,配送企业：,订购数量：0,批准文号：国药准字H34020002",,,亮菌,0.0,,False,True,pydantic_direct
matched_row_1318,1318,call_12327471259e4be5,"医院名称：北京市朝阳区将台地区芳园里社区卫生服务站,产品名称：杏贝止咳颗粒,商品名：无,剂型：颗粒剂,规格：4g,生产企业：江苏康缘药业股份有限公司,配送企业：,订购数量：0,批准文号：国药准字Z20050631",,,杏贝止咳颗粒,0.0,,False,True,pydantic_direct
matched_row_1319,1319,call_e2f30cb295c94ff1,"医院名称：北京朝阳中西医结合急诊抢救中心,产品名称：枣仁安神液,商品名：无,剂型：合剂（含口服液）,规格：10ml,生产企业：北京同仁堂股份有限公司同仁堂制药厂,配送企业：,订购数量：50,批准文号：国药准字Z11020035",,,枣仁安神液,50.0,,False,True,pydantic_direct
matched_row_1320,1320,call_b55af67d70b048e8,"医院名称：中国中医科学院广安门医院,产品名称：阿达帕林,商品名：达芙文,剂型：凝胶剂,规格：30g:30mg(0.1%),生产企业：法国高德美国际公司Laboratoires Galderma,配送企业：,订购数量：0,批准文号：H20090656",,,阿达帕林,0.0,,False,True,pydantic_direct
matched_row_1321,1321,call_08554cb770024062,"医院名称：北京市丰台区长辛店镇大灰厂第一社区卫生服务站,产品名称：羧甲司坦,商品名：无,剂型：口服溶液剂,规格：10ml:0.5g(5%),生产企业：广州白云山医药集团股份有限公司白云山制药总厂,配送企业：,订购数量：0,批准文号：国药准字H20073871",,,羧甲司坦,0.0,,False,True,pydantic_direct
matched_row_1322,1322,call_19fb2f8a335c4132,"医院名称：北京市房山区长阳镇社区卫生服务中心,产品名称：洛索洛芬,商品名：无,剂型：贴膏剂,规格：14cm×10cm,生产企业：湖南九典制药股份有限公司,配送企业：,订购数量：0,批准文号：国药准字H20173272",,,洛索洛芬,0.0,,False,True,pydantic_direct
matched_row_1323,1323,call_5fdcf8256cb54a7f,"医院名称：中日友好医院,产品名称：桂枝茯苓胶囊,商品名：无,剂型：胶囊剂,规格：0.31g,生产企业：江苏康缘药业股份有限公司,配送企业：,订购数量：0,批准文号：国药准字Z10950005",,,桂枝茯苓胶囊,0.0,,False,True,pydantic_direct
matched_row_1324,1324,call_5344901ad3eb484d,"医院名称：北京市延庆区永宁镇社区卫生服务中心,产品名称：祖卡木颗粒,商品名：无,剂型：颗粒剂,规格：12g,生产企业：新疆维吾尔药业有限责任公司,配送企业：,订购数量：0,批准文号：国药准字Z65020179",,,祖卡木颗粒,0.0,,False,True,pydantic_direct
matched_row_1325,1325,call_e6ae03a0f1334dba,"医院名称：北京市朝阳区东坝地区红松园社区卫生服务站,产品名称：血塞通软胶囊,商品名：无,剂型：软胶囊(胶丸),规格：0.1g,生产企业：昆药集团股份有限公司,配送企业：,订购数量：0,批准文号：国药准字Z20040016",,,血塞通软胶囊,0.0,,False,True,pydantic_direct
matched_row_1326,1326,call_23ff998a82984947,"项目名称：雄安新区生态环境局生态环境智慧监测体系建设项目-指挥大厅相关设备（一期） 项目编码：HB2019112030020002 项目联系人：吕猛 项目联系电话：17325283560 采购人：河北雄安新区生态环境局 采购人地址：河北雄安新区容城县奥威街73号 采购人联系方式：0312-5620130 代理机构：华春建设工程项目管理有限责任公司 代理机构地址：中国冶金地质总局地球物理勘查院南配楼2楼(保定市竞秀区) 代理机构联系方式：17325283560 本项目招标公告日期：2019-12-06 定标日期：2020-01-06 总中标金额：1169.79万元 合同履行日期：合同签订后30个工作日内 采购数量：沉浸式系统内容管理平台和智能交互底层支持模块,规格型号：沉浸式系统内容管理平台：平台支持web端、移动端、PC端、VR端、MR端访问；平台客户端支持在PC和VR或者PC和MR两种模式下运行并支持自由切换。智能交互底层支持模块：是所有智能交互终端分配交互的通道，识别智能交互终端发来的交互指令数据，识别处理结果转换为相应指令分发到对应信号源终端和图像控制端上执行和响应，数据转发速度大于等于30帧每秒。，数量：一批,单价：11697900元,服务要求：三年质保、终身提供售后服务 评审委员会成员名单：尚永福、刘耀、盛莉、刘中一、杨素霞；招标人代表：王英俊、谷雅亭 供货商信息： 中标供应商名称：新华网股份有限公司 中标供应商地址：北京市大兴区北兴路(东段)2号院12号楼1-5层101 中标供货商金额：1169.79万元 备注：",,,沉浸式系统内容管理平台和智能交互底层支持模块,,11697900.0,True,True,pydantic_direct
matched_row_1327,1327,call_7c82be081da54fb1,"医院名称：北京市昌平区南口镇第一社区卫生服务站,产品名称：厄贝沙坦氢氯噻嗪,商品名：安博诺,剂型：薄膜衣片,规格：厄贝沙坦0.15g,氢氯噻嗪12.5mg,生产企业：法国赛诺菲Sanofi Winthrop Industries(赛诺菲(杭州)制药有限公司分装),配送企业：,订购数量：0,批准文号：国药准字J20130041",,,厄贝沙坦氢氯噻嗪,0.0,,False,True,pydantic_direct
matched_row_1328,1328,call_43e8993cbd0e4050,"医院名称：北京市朝阳区和平街社区卫生服务中心,产品名称：氨酚伪麻美芬Ⅱ,商品名：灵诺,剂型：软胶囊(胶丸),规格：对乙酰氨基酚0.1625g,盐酸伪麻黄碱15mg,氢溴酸右美沙芬7.5mg,生产企业：浙江安宝药业有限公司,配送企业：,订购数量：0,批准文号：国药准字H20010341",,,氨酚伪麻美芬Ⅱ,0.0,,False,True,pydantic_direct
matched_row_1329,1329,call_8889f1c7e1914358,"医院名称：北京市丰台区东铁营街道铁营社区卫生服务站,产品名称：骨通贴膏,商品名：无,剂型：橡胶膏剂,规格：11cm×14cm,生产企业：桂林华润天和药业有限公司,配送企业：,订购数量：0,批准文号：国药准字Z10980134",,,骨通贴膏,0.0,,False,True,pydantic_direct
matched_row_1330,1330,call_e1d2cf28a565460c,"医院名称：北京中医药大学东直门医院（通州院区）,产品名称：异山梨酯,商品名：欣康,剂型：素片,规格：20mg,生产企业：鲁南贝特制药有限公司,配送企业：,订购数量：0,批准文号：国药准字H10940039",,,异山梨酯,0.0,,False,True,pydantic_direct
matched_row_1331,1331,call_a8e9b18343734792,"医院名称：北京长峰医院股份有限公司,产品名称：,商品名：无,剂型：薄膜衣片,规格：20mg:5mg,生产企业：第一三共制药(上海)有限公司,配送企业：,订购数量：0,批准文号：国药准字H20180009",,,薄膜衣片,0.0,,False,True,pydantic_direct
matched_row_1332,1332,call_8051b04096c841ee,"医院名称：北京华医中西医结合皮肤病医院有限公司,产品名称：西替利嗪,商品名：西可韦,剂型：素片,规格：10mg,生产企业：苏州东瑞制药有限公司,配送企业：,订购数量：0,批准文号：国药准字H19980014",,,西替利嗪,0.0,,False,True,pydantic_direct
matched_row_1333,1333,call_4a2c6d7019ae4dc3,"医院名称：沙河社区卫生服务中心松兰堡社区卫生服务站,产品名称：阿莫西林,商品名：无,剂型：胶囊剂,规格：0.25g,生产企业：浙江金华康恩贝生物制药有限公司,配送企业：,订购数量：0,批准文号：国药准字H33021381",,,阿莫西林,0.0,,False,True,pydantic_direct
matched_row_1334,1334,call_f57b74ea9cc741dd,"医院名称：通州区梨园社区卫生服务中心分部,产品名称：,商品名：无,剂型：素片,规格：5mg,生产企业：浙江京新药业股份有限公司,配送企业：,订购数量：0,批准文号：国药准字H20103356",,,药品,0.0,,False,True,pydantic_direct
matched_row_1335,1335,call_85af58c4a2954101,"项目名称：雄安新区生态环境局生态环境智慧监测体系建设项目-指挥大厅相关设备（一期） 项目编码：HB2019112030020002 项目联系人：吕猛 项目联系电话：17325283560 采购人：河北雄安新区生态环境局 采购人地址：河北雄安新区容城县奥威街73号 采购人联系方式：0312-5620130 代理机构：华春建设工程项目管理有限责任公司 代理机构地址：中国冶金地质总局地球物理勘查院南配楼2楼(保定市竞秀区) 代理机构联系方式：17325283560 本项目招标公告日期：2019-12-06 定标日期：2020-01-06 总中标金额：1169.79万元 合同履行日期：合同签订后30个工作日内 采购数量：沉浸式系统内容管理平台和智能交互底层支持模块,规格型号：沉浸式系统内容管理平台：平台支持web端、移动端、PC端、VR端、MR端访问；平台客户端支持在PC和VR或者PC和MR两种模式下运行并支持自由切换。智能交互底层支持模块：是所有智能交互终端分配交互的通道，识别智能交互终端发来的交互指令数据，识别处理结果转换为相应指令分发到对应信号源终端和图像控制端上执行和响应，数据转发速度大于等于30帧每秒。，数量：一批,单价：11697900元,服务要求：三年质保、终身提供售后服务 评审委员会成员名单：尚永福、刘耀、盛莉、刘中一、杨素霞；招标人代表：王英俊、谷雅亭 供货商信息： 中标供应商名称：新华网股份有限公司 中标供应商地址：北京市大兴区北兴路(东段)2号院12号楼1-5层101 中标供货商金额：1169.79万元 备注：",,,沉浸式系统内容管理平台和智能交互底层支持模块,,11697900.0,True,True,pydantic_direct
matched_row_1336,1336,call_ad6a57de3a544373,"医院名称：北京市丰台区马家堡社区卫生服务中心,产品名称：五子衍宗丸,商品名：无,剂型：水蜜丸,规格：60g,生产企业：北京同仁堂股份有限公司同仁堂制药厂,配送企业：,订购数量：0,批准文号：国药准字Z11020188",,,五子衍宗丸,0.0,,False,True,pydantic_direct
matched_row_1337,1337,call_aa696b3e0ffc46c7,"医院名称：北京市朝阳区安贞街道安华里社区卫生服务站,产品名称：金水宝片,商品名：无,剂型：薄膜衣片,规格：0.42g(含发酵虫草菌粉0.25g),生产企业：江西济民可信药业有限公司,配送企业：,订购数量：0,批准文号：国药准字Z20163112",,,金水宝片,0.0,,False,True,pydantic_direct
matched_row_1338,1338,call_5806a65e5c4d4266,"医院名称：首都医科大学附属北京中医医院,产品名称：四磨汤口服液,商品名：无,剂型：合剂（含口服液）,规格：10ml,生产企业：湖南汉森制药股份有限公司,配送企业：,订购数量：0,批准文号：国药准字Z20025044",,,四磨汤口服液,0.0,,False,True,pydantic_direct
matched_row_1339,1339,call_e0e84c21205b43e7,"医院名称：首都医科大学附属北京同仁医院,产品名称：曲唑酮,商品名：无,剂型：素片,规格：25mg,生产企业：沈阳福宁药业有限公司,配送企业：,订购数量：0,批准文号：国药准字H20060037",,,曲唑酮,0.0,,False,True,pydantic_direct
matched_row_1340,1340,call_c026edae43cf42cc,"医院名称：北京市朝阳区呼家楼街道核桃园北里社区卫生服务站,产品名称：百令胶囊,商品名：无,剂型：胶囊剂,规格：0.5g,生产企业：杭州中美华东制药有限公司,配送企业：,订购数量：0,批准文号：国药准字Z10910036",,,百令胶囊,0.0,,False,True,pydantic_direct
matched_row_1341,1341,call_d43fbb75a82146a9,"医院名称：首都医科大学附属北京同仁医院,产品名称：氯沙坦钾氢氯噻嗪,商品名：海捷亚,剂型：薄膜衣片,规格：氯沙坦钾50mg,氢氯噻嗪12.5mg,生产企业：英国Merck Sharp & Dohme Limited(杭州默沙东制药有限公司分装),配送企业：,订购数量：0,批准文号：国药准字J20130035",,,氯沙坦钾氢氯噻嗪,0.0,,False,True,pydantic_direct
matched_row_1342,1342,call_99f393635aee49d0,"医院名称：北京市西城区金融街街道文化社区卫生服务站,产品名称：缬沙坦氨氯地平,商品名：无,剂型：薄膜衣片,规格：缬沙坦80mg,氨氯地平5mg,生产企业：西班牙Novartis Farmaceuctica. S.A(北京诺华制药有限公司分装),配送企业：,订购数量：0,批准文号：国药准字J20140101",,,缬沙坦氨氯地平,0.0,,False,True,pydantic_direct
matched_row_1343,1343,call_81dd4e7c67ff4836,"医院名称：首都医科大学附属北京潞河医院,产品名称：左氨氯地平,商品名：无,剂型：素片,规格：2.5mg,生产企业：海南先声药业有限公司,配送企业：,订购数量：0,批准文号：国药准字H20093088",,,左氨氯地平,0.0,,False,True,pydantic_direct
matched_row_1344,1344,call_6ae0c63e66cc48e3,"医院名称：北京市海淀区聂各庄卫生院,产品名称：止嗽定喘丸,商品名：无,剂型：浓缩丸,规格：2.2g/10粒,生产企业：天津中新药业集团股份有限公司乐仁堂制药厂,配送企业：,订购数量：0,批准文号：国药准字Z12020637",,,止嗽定喘丸,0.0,,False,True,pydantic_direct
matched_row_1345,1345,call_d876514d82f1456d,"医院名称：北京市和平街街道十四区社区卫生服务站,产品名称：金天格胶囊,商品名：无,剂型：胶囊剂,规格：0.4g,生产企业：金花企业(集团)股份有限公司西安金花制药厂,配送企业：,订购数量：0,批准文号：国药准字Z20030080",,,金天格胶囊,0.0,,False,True,pydantic_direct
matched_row_1346,1346,call_47cb998065384254,"医院名称：北京世纪兴华医院,产品名称：精蛋白重组人胰岛素,商品名：优泌林,剂型：注射用混悬剂,规格：3ml:300IU,生产企业：法国礼来(礼来苏州制药有限公司分装),配送企业：,订购数量：0,批准文号：国药准字J20170017",,,精蛋白重组人胰岛素,0.0,,False,True,pydantic_direct
matched_row_1347,1347,call_56bcc5e569bf4ceb,"医院名称：北京市通州区马驹桥镇马驹桥社区卫生服务中心,产品名称：氯沙坦钾氢氯噻嗪,商品名：无,剂型：薄膜衣片,规格：氯沙坦钾50mg,氢氯噻嗪12.5mg,生产企业：北京福元医药股份有限公司,配送企业：,订购数量：0,批准文号：国药准字H20074021",,,氯沙坦钾氢氯噻嗪,0.0,,False,True,pydantic_direct
matched_row_1348,1348,call_2fb29f1160a84741,"医院名称：北京大学首钢医院,产品名称：小儿豉翘清热颗粒,商品名：无,剂型：颗粒剂,规格：2g（无蔗糖）,生产企业：济川药业集团有限公司,配送企业：,订购数量：0,批准文号：国药准字Z20123090",,,小儿豉翘清热颗粒,0.0,,False,True,pydantic_direct
matched_row_1349,1349,call_4d9ddfb3829b45f1,"医院名称：北京市石景山区老山社区卫生服务中心,产品名称：水飞蓟宾,商品名：无,剂型：薄膜衣片,规格：50mg,生产企业：湖南千金协力药业有限公司,配送企业：,订购数量：0,批准文号：国药准字H43021882",,,水飞蓟宾,0.0,,False,True,pydantic_direct
matched_row_1350,1350,call_e8503c2c8a804116,"医院名称：黄松峪社区卫生服务中心黄松峪乡黑豆峪社区卫生服务站,产品名称：琥珀酸亚铁,商品名：无,剂型：薄膜衣片,规格：0.1g,生产企业：湖南华纳大药厂股份有限公司,配送企业：,订购数量：0,批准文号：国药准字H20133230",,,琥珀酸亚铁,0.0,,False,True,pydantic_direct
matched_row_1351,1351,call_06b9c0f193804009,"医院名称：北京大学第一医院,产品名称：兰索拉唑,商品名：无,剂型：冻干粉针剂,规格：30mg,生产企业：江苏奥赛康药业有限公司,配送企业：,订购数量：0,批准文号：国药准字H20080336",,,兰索拉唑,0.0,,False,True,pydantic_direct
matched_row_1352,1352,call_2e2dbad54e9e4274,"医院名称：北京博爱医院,产品名称：银杏叶胶囊,商品名：无,剂型：胶囊剂,规格：含总黄酮醇苷9.6mg、萜类内酯2.4mg,生产企业：上海信谊百路达药业有限公司,配送企业：,订购数量：0,批准文号：国药准字Z20010169",,,银杏叶胶囊,0.0,,False,True,pydantic_direct
matched_row_1353,1353,call_6d9d890853d04a09,"医院名称：北京市海淀区清河社区卫生服务中心,产品名称：复方雪莲胶囊,商品名：无,剂型：胶囊剂,规格：0.3g,生产企业：国药集团新疆制药有限公司,配送企业：,订购数量：0,批准文号：国药准字Z65020059",,,复方雪莲胶囊,0.0,,False,True,pydantic_direct
matched_row_1354,1354,call_58c42e5439004e19,"医院名称：北京市朝阳区双桥医院,产品名称：羧甲司坦,商品名：无,剂型：口服溶液剂,规格：10ml:0.5g(5%),生产企业：北京诚济制药股份有限公司,配送企业：,订购数量：0,批准文号：国药准字H20044967",,,羧甲司坦,0.0,,False,True,pydantic_direct
matched_row_1355,1355,call_f5ce422941104329,"医院名称：北京市延庆区千家店镇社区卫生服务中心,产品名称：替米沙坦氢氯噻嗪,商品名：无,剂型：胶囊剂,规格：替米沙坦40mg,氢氯噻嗪12.5mg,生产企业：上海双基药业有限公司,配送企业：,订购数量：0,批准文号：国药准字H20080208",,,替米沙坦氢氯噻嗪,0.0,,False,True,pydantic_direct
matched_row_1356,1356,call_57ee2800196d4727,"医院名称：北京市通州区通大家园社区卫生服务站,产品名称：布地奈德,商品名：普米克令舒,剂型：吸入剂,规格：2ml:1mg,生产企业：澳大利亚阿斯利康AstraZeneca Pty Ltd,配送企业：,订购数量：0,批准文号：H20140475",,,布地奈德,0.0,,False,True,pydantic_direct
matched_row_1357,1357,call_781a1963b83d4132,"医院名称：北京市通州区梨园社区中心第四诊区,产品名称：二甲双胍,商品名：卜可,剂型：缓释片,规格：0.5g,生产企业：北京万辉双鹤药业有限责任公司,配送企业：,订购数量：0,批准文号：国药准字H20041986",,,二甲双胍,0.0,,False,True,pydantic_direct
matched_row_1358,1358,call_f9f27c5a35a84eff,"医院名称：北京市密云区果园社区卫生服务中心,产品名称：痹祺胶囊,商品名：无,剂型：胶囊剂,规格：0.3g,生产企业：天津达仁堂京万红药业有限公司,配送企业：,订购数量：0,批准文号：国药准字Z10910026",,,痹祺胶囊,0.0,,False,True,pydantic_direct
matched_row_1359,1359,call_b43b2a1ab6e04591,"医院名称：东小口社区卫生服务中心,产品名称：西黄丸,商品名：无,剂型：糊丸,规格：3g(1g/20丸),生产企业：北京同仁堂科技发展股份有限公司制药厂,配送企业：,订购数量：0,批准文号：国药准字Z11020073",,,西黄丸,0.0,,False,True,pydantic_direct
matched_row_1360,1360,call_b0b4f2a82f0d4b48,"医院名称：中国航天科工集团七三一医院,产品名称：杏灵分散片,商品名：瑞科宁,剂型：分散片,规格：0.31g(含银杏酮酯40mg),生产企业：北京四环科宝制药有限公司,配送企业：,订购数量：0,批准文号：国药准字Z20060444",,,杏灵分散片,0.0,,False,True,pydantic_direct
matched_row_1361,1361,call_1bd988c4f8ff4cc9,"医院名称：北京大学第一医院,产品名称：喷昔洛韦,商品名：夫坦,剂型：乳膏剂,规格：10g:0.1g,生产企业：重庆华邦制药有限公司,配送企业：,订购数量：0,批准文号：国药准字H20000189",,,喷昔洛韦乳膏剂,0.0,,False,True,pydantic_direct
matched_row_1362,1362,call_c8df26c067d04a0d,"医院名称：北京市房山区琉璃河镇路村卫生室,产品名称：感冒清热颗粒,商品名：无,剂型：颗粒剂,规格：12g,生产企业：北京同仁堂科技发展股份有限公司制药厂,配送企业：,订购数量：0,批准文号：国药准字Z11020361",,,感冒清热颗粒,0.0,,False,True,pydantic_direct
matched_row_1363,1363,call_78b8a55ee6634ab3,"医院名称：中国中医科学院眼科医院,产品名称：氯化钠,商品名：无,剂型：注射液,规格：250ml:2.25g(0.9%),生产企业：中国大冢制药有限公司,配送企业：,订购数量：0,批准文号：国药准字H12020025",,,氯化钠,0.0,,False,True,pydantic_direct
matched_row_1364,1364,call_aabb1c25d63948db,"医院名称：北京市海淀区羊坊店社区卫生服务中心,产品名称：小建中胶囊,商品名：无,剂型：胶囊剂,规格：0.4g,生产企业：贵州太和制药有限公司,配送企业：,订购数量：0,批准文号：国药准字Z10960046",,,小建中胶囊,0.0,,False,True,pydantic_direct
matched_row_1365,1365,call_487e71c819d640af,"医院名称：北京市昌平区南口社区卫生服务中心,产品名称：牛黄降压丸,商品名：无,剂型：蜜丸,规格：1.6g,生产企业：北京同仁堂科技发展股份有限公司制药厂,配送企业：,订购数量：0,批准文号：国药准字Z11020199",,,牛黄降压丸,0.0,,False,True,pydantic_direct
matched_row_1366,1366,call_cf9027edfdb84035,"医院名称：北京市朝阳区小红门社区卫生服务中心,产品名称：,商品名：无,剂型：薄膜衣片,规格：2.5mg,生产企业：国药集团工业有限公司,配送企业：,订购数量：0,批准文号：国药准字H20058628",,,薄膜衣片,0.0,,False,True,pydantic_direct
matched_row_1367,1367,call_0c74ef13a1074157,"医院名称：北京市平谷区峪口社区卫生服务中心,产品名称：氨溴索,商品名：无,剂型：注射液,规格：2ml:15mg,生产企业：成都倍特药业有限公司,配送企业：,订购数量：0,批准文号：国药准字H20183196",,,氨溴索,0.0,,False,True,pydantic_direct
matched_row_1368,1368,call_191b44b238db4052,"医院名称：怀柔区龙山街道社区卫生服务中心丽湖社区卫生服务站,产品名称：玻璃酸,商品名：无,剂型：滴眼剂,规格：5ml:5mg(0.1%),生产企业：珠海联邦制药股份有限公司中山分公司,配送企业：,订购数量：0,批准文号：国药准字H20040352",,,玻璃酸,0.0,,False,True,pydantic_direct
matched_row_1369,1369,call_983352a9b10f4e0f,"医院名称：北京市平谷区平谷镇社区卫生服务中心,产品名称：云南白药胶囊,商品名：无,剂型：胶囊剂,规格：0.25g,生产企业：云南白药集团股份有限公司,配送企业：,订购数量：0,批准文号：国药准字Z53020799",,,云南白药胶囊,0.0,,False,True,pydantic_direct
matched_row_1370,1370,call_34706b68a25344fc,"医院名称：北京市朝阳区小红门社区卫生服务中心,产品名称：培元通脑胶囊,商品名：无,剂型：胶囊剂,规格：0.6g,生产企业：河南羚锐制药股份有限公司,配送企业：,订购数量：0,批准文号：国药准字Z20000022",,,培元通脑胶囊,0.0,,False,True,pydantic_direct
matched_row_1371,1371,call_12bf9d708a96474a,"医院名称：北京鹤年堂中医医院有限公司,产品名称：二甲双胍格列吡嗪,商品名：无,剂型：薄膜衣片,规格：盐酸二甲双胍0.25g,格列吡嗪2.5mg,生产企业：扬子江药业集团南京海陵药业有限公司,配送企业：,订购数量：0,批准文号：国药准字H20120056",,,二甲双胍格列吡嗪,0.0,,False,True,pydantic_direct
matched_row_1372,1372,call_d9e365645b5c4554,"医院名称：丰台区马家堡街道角门东里社区卫生服务站,产品名称：肺力咳合剂,商品名：无,剂型：合剂（含口服液）,规格：150ml,生产企业：贵州健兴药业有限公司,配送企业：,订购数量：0,批准文号：国药准字Z20025136",,,肺力咳合剂,0.0,,False,True,pydantic_direct
matched_row_1373,1373,call_2aab9e452d254064,"医院名称：北京市顺义区法医院,产品名称：曲安奈德益康唑,商品名：派瑞松,剂型：乳膏剂,规格：15g:0.15g(硝酸益康唑1%),生产企业：西安杨森制药有限公司,配送企业：,订购数量：0,批准文号：国药准字H20000454",,,曲安奈德益康唑乳膏,0.0,,False,True,pydantic_direct
matched_row_1374,1374,call_11b4613881514810,"医院名称：北京市西城区月坛街道社会路社区卫生服务站,产品名称：叶酸,商品名：斯利安,剂型：素片,规格：0.4mg,生产企业：北京斯利安药业有限公司,配送企业：,订购数量：0,批准文号：国药准字H10970079",,,叶酸,0.0,,False,True,pydantic_direct
matched_row_1375,1375,call_90015fe103814142,"医院名称：平谷区东高村镇社区卫生服务中心赵家务社区卫生服务站,产品名称：甲钴胺,商品名：奇信,剂型：胶囊剂,规格：0.5mg,生产企业：扬子江药业集团南京海陵药业有限公司,配送企业：,订购数量：0,批准文号：国药准字H20052315",,,甲钴胺,0.0,,False,True,pydantic_direct
matched_row_1376,1376,call_ae1b34f90ce24453,"医院名称：房山区青龙湖镇坨里社区卫生服务站,产品名称：黄氏响声丸,商品名：无,剂型：浓缩丸,规格：0.133g,生产企业：无锡济民可信山禾药业股份有限公司,配送企业：,订购数量：0,批准文号：国药准字Z32020461",,,黄氏响声丸,0.0,,False,True,pydantic_direct
matched_row_1377,1377,call_8548cf8cb98f4fb4,"医院名称：妙峰山镇社区卫生服务中心妙峰山镇丁家滩村卫生室,产品名称：通宣理肺丸,商品名：无,剂型：蜜丸,规格：6g,生产企业：北京同仁堂股份有限公司同仁堂制药厂,配送企业：,订购数量：0,批准文号：国药准字Z11020023",,,通宣理肺丸,0.0,,False,True,pydantic_direct
matched_row_1378,1378,call_3da4fc76df8d416a,"医院名称：北京市朝阳区小红门社区卫生服务中心,产品名称：强力天麻杜仲胶囊,商品名：无,剂型：胶囊剂,规格：0.4g,生产企业：贵州三力制药股份有限公司,配送企业：,订购数量：0,批准文号：国药准字Z52020007",,,强力天麻杜仲胶囊,0.0,,False,True,pydantic_direct
matched_row_1379,1379,call_12159908bef446b6,"医院名称：房山区良乡地区太平庄社区卫生服务站,产品名称：骨松宝颗粒,商品名：无,剂型：颗粒剂,规格：5g,生产企业：贵州富华药业有限责任公司,配送企业：,订购数量：0,批准文号：国药准字Z52020005",,,骨松宝颗粒,0.0,,False,True,pydantic_direct
matched_row_1380,1380,call_3918ed609eca413a,"医院名称：首都医科大学附属北京妇产医院,产品名称：百令胶囊,商品名：无,剂型：胶囊剂,规格：0.5g,生产企业：杭州中美华东制药有限公司,配送企业：,订购数量：0,批准文号：国药准字Z10910036",,,百令胶囊,0.0,,False,True,pydantic_direct
matched_row_1381,1381,call_54b9b804d6674b5f,"医院名称：航空总医院,产品名称：卡前列甲酯,商品名：无,剂型：栓剂,规格：0.5mg,生产企业：东北制药集团沈阳第一制药有限公司,配送企业：,订购数量：0,批准文号：国药准字H10800007",,,卡前列甲酯,0.0,,False,True,pydantic_direct
matched_row_1382,1382,call_488c3df395f54cc5,"医院名称：北京市朝阳区来广营社区卫生服务中心,产品名称：,商品名：无,剂型：薄膜衣片,规格：10mg,生产企业：浙江京新药业股份有限公司,配送企业：,订购数量：0,批准文号：国药准字H20080483",,,瑞舒伐他汀钙片,0.0,,False,True,pydantic_direct
matched_row_1383,1383,call_abf07b1492244c1e,"医院名称：北京市朝阳区王四营社区卫生服务中心,产品名称：替米沙坦,商品名：沙汀宁,剂型：素片,规格：40mg,生产企业：湖南威特制药股份有限公司,配送企业：,订购数量：0,批准文号：国药准字H20041741",,,替米沙坦,0.0,,False,True,pydantic_direct
matched_row_1384,1384,call_45b480f44a2d41b2,"医院名称：北京市朝阳区金盏地区黎各庄社区卫生服务站,产品名称：氯化钠,商品名：无,剂型：注射液,规格：100ml:0.9g(0.9%),生产企业：华润双鹤药业股份有限公司,配送企业：,订购数量：0,批准文号：国药准字H11021190",,,氯化钠,0.0,,False,True,pydantic_direct
matched_row_1385,1385,call_4a6b28c7766e4c54,"医院名称：通州区梨园社区卫生服务中心分部,产品名称：特拉唑嗪,商品名：泰乐,剂型：胶囊剂,规格：2mg,生产企业：扬子江药业集团江苏制药股份有限公司,配送企业：,订购数量：0,批准文号：国药准字H20000094",,,特拉唑嗪,0.0,,False,True,pydantic_direct
matched_row_1386,1386,call_71aca4fe87b145f9,"医院名称：北京市门头沟区大峪街道高层社区卫生服务站,产品名称：曲美他嗪,商品名：无,剂型：胶囊剂,规格：20mg,生产企业：北京嘉林药业股份有限公司,配送企业：,订购数量：0,批准文号：国药准字H20080433",,,曲美他嗪,0.0,,False,True,pydantic_direct
matched_row_1387,1387,call_99c7d5a0d4514deb,"医院名称：门城地区社区卫生服务中心绮霞苑社区卫生服务站,产品名称：排石颗粒,商品名：无,剂型：颗粒剂,规格：5g,生产企业：南京同仁堂药业有限责任公司,配送企业：,订购数量：0,批准文号：国药准字Z32020071",,,排石颗粒,0.0,,False,True,pydantic_direct
matched_row_1388,1388,call_cf696332702a4456,"医院名称：北京老年医院,产品名称：洛芬待因,商品名：思为普,剂型：缓释片,规格：0.2g(以布洛芬计),生产企业：西南药业股份有限公司,配送企业：,订购数量：0,批准文号：国药准字H20010516",,,洛芬待因,0.0,,False,True,pydantic_direct
matched_row_1389,1389,call_eb1d7aca14274f31,"医院名称：北京市朝阳区大屯街道慧忠北里社区卫生服务站,产品名称：连花清瘟颗粒,商品名：无,剂型：颗粒剂,规格：6g,生产企业：北京以岭药业有限公司,配送企业：,订购数量：0,批准文号：国药准字Z20100040",,,连花清瘟颗粒,0.0,,False,True,pydantic_direct
matched_row_1390,1390,call_6d2261bd0dc54fce,"医院名称：北京市朝阳区香河园街道西坝河中里社区卫生服务站,产品名称：麝香保心丸,商品名：无,剂型：水丸,规格：22.5mg,生产企业：上海和黄药业有限公司,配送企业：,订购数量：0,批准文号：国药准字Z31020068",,,麝香保心丸,0.0,,False,True,pydantic_direct
matched_row_1391,1391,call_bf674f447fd34a91,"医院名称：首都医科大学附属北京潞河医院,产品名称：氟替卡松,商品名：辅舒良,剂型：鼻用喷雾剂,规格：0.05%(50μg/喷,120喷),生产企业：西班牙葛兰素威康GLAXO WELLCOME,S.A.,配送企业：,订购数量：0,批准文号：H20140117",,,氟替卡松鼻用喷雾剂,0.0,,False,True,pydantic_direct
matched_row_1392,1392,call_cf4857c78a4a48ba,"医院名称：北京市朝阳区东风社区卫生服务中心(石佛营西里),产品名称：阿莫西林克拉维酸钾,商品名：无,剂型：薄膜衣片,规格：0.375g(0.25g/0.125g),生产企业：圣大(张家口)药业有限公司,配送企业：,订购数量：0,批准文号：国药准字H20003334",,,阿莫西林克拉维酸钾,0.0,,False,True,pydantic_direct
matched_row_1393,1393,call_2536ad2342ed431e,"医院名称：北京太申祥和中医医院,产品名称：同仁大活络丸,商品名：无,剂型：蜜丸,规格：3.6g,生产企业：北京同仁堂股份有限公司同仁堂制药厂,配送企业：,订购数量：0,批准文号：国药准字Z11020090",,,同仁大活络丸,0.0,,False,True,pydantic_direct
matched_row_1394,1394,call_cd09787d0f6c41d1,"医院名称：北京中医药大学附属护国寺中医医院,产品名称：氨酚曲马多,商品名：及通安,剂型：薄膜衣片,规格：37.5mg/325mg,生产企业：西安杨森制药有限公司,配送企业：,订购数量：0,批准文号：国药准字H20050676",,,氨酚曲马多,0.0,,False,True,pydantic_direct
matched_row_1395,1395,call_2608f3152e9d4bee,"医院名称：北京大学首钢医院,产品名称：螺内酯,商品名：无,剂型：素片,规格：20mg,生产企业：杭州民生药业有限公司,配送企业：,订购数量：0,批准文号：国药准字H33020070",,,螺内酯,0.0,,False,True,pydantic_direct
matched_row_1396,1396,call_409db2a3cb0c407f,"医院名称：北京今康中医医院,产品名称：呋塞米,商品名：无,剂型：素片,规格：20mg,生产企业：上海朝晖药业有限公司,配送企业：,订购数量：0,批准文号：国药准字H31021074",,,呋塞米,0.0,,False,True,pydantic_direct
matched_row_1397,1397,call_ecc01e1b52fd4e1f,"医院名称：延庆区沈家营社区卫生服务中心,产品名称：美托洛尔,商品名：倍他乐克,剂型：缓释片,规格：47.5mg,生产企业：瑞典阿斯利康AstraZeneca AB(阿斯利康制药分装),配送企业：,订购数量：0,批准文号：国药准字J20150044",,,美托洛尔,0.0,,False,True,pydantic_direct
matched_row_1398,1398,call_ebb60b64a09346c1,"医院名称：阳坊社区卫生服务中心,产品名称：百乐眠胶囊,商品名：无,剂型：胶囊剂,规格：0.27g,生产企业：扬子江药业集团有限公司,配送企业：,订购数量：0,批准文号：国药准字Z20020131",,,百乐眠胶囊,0.0,,False,True,pydantic_direct
matched_row_1399,1399,call_7b099445c68d40f1,"医院名称：北京市朝阳区小红门社区卫生服务中心,产品名称：精蛋白锌重组赖脯胰岛素混和,商品名：优泌乐25,剂型：注射用混悬剂,规格：3ml:300单位,生产企业：意大利Eli Lilly Italia S.p.A.(礼来苏州制药有限公司分装),配送企业：,订购数量：0,批准文号：国药准字J20140145",,,精蛋白锌重组赖脯胰岛素混和,0.0,,False,True,pydantic_direct
matched_row_1400,1400,call_0aebe290420343bb,"医院名称：北京市通州区漷县镇觅子店社区卫生服务中心,产品名称：莫米松,商品名：无,剂型：乳膏剂,规格：10g:10mg(0.1%),生产企业：上海通用药业股份有限公司,配送企业：,订购数量：0,批准文号：国药准字H20040853",,,莫米松,0.0,,False,True,pydantic_direct
matched_row_1401,1401,call_d6967e899ba944ef,"医院名称：北京市石景山区古城街道水泥厂社区卫生服务站,产品名称：贝那普利,商品名：洛汀新,剂型：薄膜衣片,规格：10mg,生产企业：北京诺华制药有限公司,配送企业：,订购数量：0,批准文号：国药准字H20030514",,,贝那普利,0.0,,False,True,pydantic_direct
matched_row_1402,1402,call_d040fe2e6a1d40d2,"医院名称：沙河社区卫生服务中心,产品名称：依折麦布,商品名：益适纯,剂型：素片,规格：10mg,生产企业：新加坡MSD International GmbH (Singapore Branch)(杭州默沙东制药有限公司分装),配送企业：,订购数量：0,批准文号：国药准字J20171023",,,依折麦布,0.0,,False,True,pydantic_direct
matched_row_1403,1403,call_da932b9d75f148bb,"医院名称：北京市和平里医院中药库,产品名称：培元通脑胶囊,商品名：无,剂型：胶囊剂,规格：0.6g,生产企业：河南羚锐制药股份有限公司,配送企业：,订购数量：0,批准文号：国药准字Z20000022",,,培元通脑胶囊,0.0,,False,True,pydantic_direct
matched_row_1404,1404,call_e3b11dc359184d23,"医院名称：门头沟区门城地区社区卫生服务中心永新社区卫生服务站,产品名称：开胸顺气丸,商品名：无,剂型：水丸,规格：6g,生产企业：北京同仁堂科技发展股份有限公司制药厂,配送企业：,订购数量：0,批准文号：国药准字Z11020148",,,开胸顺气丸,0.0,,False,True,pydantic_direct
matched_row_1405,1405,call_073f63a4a2194669,"医院名称：北京市朝阳区东坝地区东坝家园社区卫生服务站,产品名称：,商品名：无,剂型：薄膜衣片,规格：20mg,生产企业：齐鲁制药(海南)有限公司,配送企业：,订购数量：0,批准文号：国药准字H20193144",,,药品,0.0,,False,True,pydantic_direct
matched_row_1406,1406,call_2a05ba41f9c2406d,"医院名称：北京市平谷区东高村镇社区卫生服务中心,产品名称：蓝芩口服液,商品名：无,剂型：合剂（含口服液）,规格：10ml(相当于原药材21.2g),生产企业：扬子江药业集团有限公司,配送企业：,订购数量：0,批准文号：国药准字Z20063795",,,蓝芩口服液,0.0,,False,True,pydantic_direct
matched_row_1407,1407,call_5983ccc1f0cc4356,"医院名称：北京中医药大学附属护国寺中医医院,产品名称：,商品名：无,剂型：薄膜衣片,规格：20mg,生产企业：齐鲁制药(海南)有限公司,配送企业：,订购数量：0,批准文号：国药准字H20193144",,,药品,0.0,,False,True,pydantic_direct
matched_row_1408,1408,call_49ee86807c3840c0,"医院名称：北京市海淀区聂各庄卫生院,产品名称：别嘌醇,商品名：奥迈必利,剂型：缓释胶囊,规格：0.25g,生产企业：黑龙江澳利达奈德制药有限公司,配送企业：,订购数量：0,批准文号：国药准字H20041338",,,别嘌醇,0.0,,False,True,pydantic_direct
matched_row_1409,1409,call_0eaacb53181c496e,"医院名称：北京市密云区冯家峪镇社区卫生服务中心,产品名称：安胃疡胶囊,商品名：无,剂型：胶囊剂,规格：每粒含黄酮类化合物0.2g,生产企业：惠州市九惠制药股份有限公司,配送企业：,订购数量：0,批准文号：国药准字Z10970059",,,安胃疡胶囊,0.0,,False,True,pydantic_direct
matched_row_1410,1410,call_3605b5cbbd3440e2,"医院名称：北京市朝阳区东坝地区高杨树社区卫生服务站,产品名称：拉西地平,商品名：乐息平,剂型：薄膜衣片,规格：4mg,生产企业：西班牙葛兰素威康GLAXO WELLCOME,S.A.,配送企业：,订购数量：0,批准文号：H20140294",,,拉西地平,0.0,,False,True,pydantic_direct
matched_row_1411,1411,call_eb6aef68aeae43dd,"医院名称：大兴区清源街道社区卫生服务中心福苑社区卫生服务站,产品名称：疏风解毒胶囊,商品名：无,剂型：胶囊剂,规格：0.52g,生产企业：安徽济人药业有限公司,配送企业：,订购数量：0,批准文号：国药准字Z20090047",,,疏风解毒胶囊,0.0,,False,True,pydantic_direct
matched_row_1412,1412,call_1237a4901c3345cd,"医院名称：北京市门头沟区军庄镇社区卫生服务中心,产品名称：知柏地黄丸,商品名：无,剂型：水蜜丸,规格：72g(20g/100粒),生产企业：北京同仁堂科技发展股份有限公司制药厂,配送企业：,订购数量：0,批准文号：国药准字Z11020152",,,知柏地黄丸,0.0,,False,True,pydantic_direct
matched_row_1413,1413,call_edfd1e5f4e8d4e8d,"医院名称：北京市昌平区沙河中西医结合医院,产品名称：阿莫西林,商品名：无,剂型：胶囊剂,规格：0.25g,生产企业：浙江金华康恩贝生物制药有限公司,配送企业：,订购数量：0,批准文号：国药准字H33021381",,,阿莫西林,0.0,,False,True,pydantic_direct
matched_row_1414,1414,call_129612596c624bc2,"医院名称：延庆区张山营镇社区卫生服务中心（中羊坊社区服务站),产品名称：甲钴胺,商品名：无,剂型：胶囊剂,规格：0.5mg,生产企业：北京春风药业有限公司,配送企业：,订购数量：0,批准文号：国药准字H20060828",,,甲钴胺,0.0,,False,True,pydantic_direct
matched_row_1415,1415,call_7765ff32927343b8,"医院名称：首都医科大学附属北京潞河医院,产品名称：他莫昔芬,商品名：无,剂型：薄膜衣片,规格：10mg,生产企业：扬子江药业集团有限公司,配送企业：,订购数量：0,批准文号：国药准字H32021472",,,他莫昔芬,0.0,,False,True,pydantic_direct
matched_row_1416,1416,call_a876744128e74367,"医院名称：北京市昌平区南口社区卫生服务中心,产品名称：硝苯地平,商品名：拜新同,剂型：控释片,规格：30mg,生产企业：德国Bayer AG(拜耳医药保健有限公司分装),配送企业：,订购数量：0,批准文号：国药准字J20180025",,,硝苯地平,0.0,,False,True,pydantic_direct
matched_row_1417,1417,call_6be5e71be0344857,"医院名称：北京清河圣地妇儿医院,产品名称：胰岛素,商品名：无,剂型：注射液,规格：3ml:300单位,生产企业：诺和诺德(中国)制药有限公司,配送企业：,订购数量：0,批准文号：国药准字S20133006",,,胰岛素,0.0,,False,True,pydantic_direct
matched_row_1418,1418,call_4df147ec03684380,"医院名称：北京市海淀区青龙桥街道中共中央党校社区卫生服务站,产品名称：乐脉胶囊,商品名：无,剂型：胶囊剂,规格：0.29g,生产企业：海南中玉药业有限公司,配送企业：,订购数量：0,批准文号：国药准字Z20050850",,,乐脉胶囊,0.0,,False,True,pydantic_direct
matched_row_1419,1419,call_94e4525516b947e6,"医院名称：北京市房山区琉璃河镇西南吕村卫生室,产品名称：头孢氨苄,商品名：无,剂型：薄膜衣片,规格：0.25g,生产企业：山东新华制药股份有限公司,配送企业：,订购数量：0,批准文号：国药准字H37020259",,,头孢氨苄,0.0,,False,True,pydantic_direct
matched_row_1420,1420,call_f71f4b826e8c48b4,"医院名称：北京市朝阳区常营地区民族家园社区卫生服务站,产品名称：牛黄清火丸,商品名：无,剂型：蜜丸,规格：3g,生产企业：北京同仁堂科技发展股份有限公司制药厂,配送企业：,订购数量：0,批准文号：国药准字Z11020200",,,牛黄清火丸,0.0,,False,True,pydantic_direct
matched_row_1421,1421,call_b17d33c86fe74548,"医院名称：北京市朝阳区东风社区卫生服务中心,产品名称：地尔硫卓,商品名：合心爽,剂型：素片,规格：30mg,生产企业：天津田边制药有限公司,配送企业：,订购数量：0,批准文号：国药准字H12020126",,,地尔硫卓,0.0,,False,True,pydantic_direct
matched_row_1422,1422,call_1f9897a83e424e2c,"医院名称：北京市朝阳区小关街道惠新苑社区卫生服务站,产品名称：同仁牛黄清心丸,商品名：无,剂型：蜜丸,规格：3g,生产企业：北京同仁堂股份有限公司同仁堂制药厂,配送企业：,订购数量：0,批准文号：国药准字Z11020025",,,同仁牛黄清心丸,0.0,,False,True,pydantic_direct
matched_row_1423,1423,call_7fbc3d883896456f,"医院名称：北京市门头沟区中医医院,产品名称：氟桂利嗪,商品名：无,剂型：胶囊剂,规格：5mg,生产企业：郑州凯利药业有限公司,配送企业：,订购数量：0,批准文号：国药准字H41020337",,,氟桂利嗪,0.0,,False,True,pydantic_direct
matched_row_1424,1424,call_63fb1093a46146de,"医院名称：北京市密云区医院,产品名称：匹伐他汀钙,商品名：无,剂型：薄膜衣片,规格：1mg,生产企业：华润双鹤药业股份有限公司,配送企业：,订购数量：0,批准文号：国药准字H20080736",,,匹伐他汀钙,0.0,,False,True,pydantic_direct
matched_row_1425,1425,call_05fbfe886c014e08,"医院名称：房山区良乡地区太平庄社区卫生服务站,产品名称：福多司坦,商品名：无,剂型：薄膜衣片,规格：0.2g,生产企业：江苏正大丰海制药有限公司,配送企业：,订购数量：0,批准文号：国药准字H20090216",,,福多司坦,0.0,,False,True,pydantic_direct
matched_row_1426,1426,call_8b5ddbb0adc24778,"医院名称：中国中医科学院广安门医院,产品名称：马栗种子提取物片,商品名：威利坦,剂型：薄膜衣片,规格：0.4g(七叶素50毫克),生产企业：德国威玛舒培博士药厂(Dr Willmar Schwabe),配送企业：,订购数量：0,批准文号：Z20130002",,,马栗种子提取物片,0.0,,False,True,pydantic_direct
matched_row_1427,1427,call_ecdb9fdb651146cd,"医院名称：北京市朝阳区呼家楼第二社区卫生服务中心,产品名称：强力定眩片,商品名：无,剂型：糖衣片,规格：0.35g,生产企业：陕西汉王药业有限公司,配送企业：,订购数量：0,批准文号：国药准字Z61020139",,,强力定眩片,0.0,,False,True,pydantic_direct
matched_row_1428,1428,call_13fa46ccbf01477e,"医院名称：北京市朝阳区劲松社区卫生服务中心,产品名称：拨云退翳丸,商品名：无,剂型：水蜜丸,规格：1g/10丸,生产企业：太极集团重庆桐君阁药厂有限公司,配送企业：,订购数量：0,批准文号：国药准字Z20025052",,,拨云退翳丸,0.0,,False,True,pydantic_direct
matched_row_1429,1429,call_22c301171c0c4614,"医院名称：北京长峰医院股份有限公司,产品名称：湿润烧伤膏,商品名：无,剂型：软膏剂,规格：60g,生产企业：汕头市美宝制药有限公司,配送企业：,订购数量：0,批准文号：国药准字Z20000004",,,湿润烧伤膏,0.0,,False,True,pydantic_direct
matched_row_1430,1430,call_cbcc8ee7df6443f7,"医院名称：平谷区东高村镇社区卫生服务中心北张岱社区卫生服务站,产品名称：熊胆滴眼液,商品名：无,剂型：滴眼剂,规格：10ml,生产企业：云南傣药有限公司,配送企业：,订购数量：0,批准文号：国药准字Z20025416",,,熊胆滴眼液,0.0,,False,True,pydantic_direct
matched_row_1431,1431,call_72202ebfa4b64865,"医院名称：北京市朝阳区太阳宫社区卫生服务中心南区,产品名称：维生素AD,商品名：伊可新,剂型：滴剂,规格：VA2000IU:VD700IU,生产企业：山东达因海洋生物制药股份有限公司,配送企业：,订购数量：0,批准文号：国药准字H37022974",,,维生素AD,0.0,,False,True,pydantic_direct
matched_row_1432,1432,call_c6545a8f3931423f,"医院名称：北京市朝阳区双井第二社区卫生服务中心,产品名称：藤黄健骨片,商品名：无,剂型：薄膜衣片,规格：0.5g,生产企业：湖南方盛制药股份有限公司,配送企业：,订购数量：0,批准文号：国药准字Z20090570",,,藤黄健骨片,0.0,,False,True,pydantic_direct
matched_row_1433,1433,call_e0f22411f46b4ec3,"医院名称：北京市房山区妇幼保健院,产品名称：妇炎消胶囊,商品名：无,剂型：胶囊剂,规格：0.45g,生产企业：贵州益佰女子大药厂有限责任公司,配送企业：,订购数量：0,批准文号：国药准字Z20025333",,,妇炎消胶囊,0.0,,False,True,pydantic_direct
matched_row_1434,1434,call_a1f76288521543b7,"医院名称：北京市朝阳区和平街街道胜古庄社区卫生服务站,产品名称：四妙丸,商品名：无,剂型：水丸,规格：6g(1g/15粒),生产企业：吉林紫鑫药业股份有限公司,配送企业：,订购数量：0,批准文号：国药准字Z22024960",,,四妙丸,0.0,,False,True,pydantic_direct
matched_row_1435,1435,call_db8095388020434a,"医院名称：北京市朝阳区东湖社区卫生服务中心,产品名称：消痛贴膏,商品名：无,剂型：贴膏剂,规格：药芯袋每贴装1.2g,润湿剂每袋装2.5ml,生产企业：西藏奇正藏药股份有限公司,配送企业：,订购数量：0,批准文号：国药准字Z54020113",,,消痛贴膏,0.0,,False,True,pydantic_direct
matched_row_1436,1436,call_3ad075f6c066485b,"医院名称：中国中医科学院望京医院,产品名称：虎力散胶囊,商品名：无,剂型：胶囊剂,规格：0.3g,生产企业：云南云河药业股份有限公司,配送企业：,订购数量：0,批准文号：国药准字Z53020808",,,虎力散胶囊,0.0,,False,True,pydantic_direct
matched_row_1437,1437,call_6896d19852394b38,"医院名称：北京市昌平区南口社区卫生服务中心,产品名称：护肝胶囊,商品名：无,剂型：胶囊剂,规格：0.35g,生产企业：通化金恺威药业有限公司,配送企业：,订购数量：0,批准文号：国药准字Z20027716",,,护肝胶囊,0.0,,False,True,pydantic_direct
matched_row_1438,1438,call_f4b02fd8631d4764,"医院名称：北京市海淀区羊坊店社区卫生服务中心,产品名称：复方碳酸钙(碳酸钙+D3),商品名：无,剂型：素片,规格：每片含钙0.5g,VD3 5μg(200单位),生产企业：北京振东康远制药有限公司,配送企业：,订购数量：0,批准文号：国药准字H20093675",,,复方碳酸钙(碳酸钙+D3),0.0,,False,True,pydantic_direct
matched_row_1439,1439,call_7a1f3f87a8ca452b,"医院名称：北京市朝阳区安贞街道安华里社区卫生服务站,产品名称：脑心通胶囊,商品名：无,剂型：胶囊剂,规格：0.4g,生产企业：陕西步长制药有限公司,配送企业：,订购数量：0,批准文号：国药准字Z20025001",,,脑心通胶囊,0.0,,False,True,pydantic_direct
matched_row_1440,1440,call_75803d8fd5c749a4,"医院名称：北京市朝阳区小关街道惠新苑社区卫生服务站,产品名称：曲美他嗪,商品名：无,剂型：薄膜衣片,规格：20mg,生产企业：北京福元医药股份有限公司,配送企业：,订购数量：0,批准文号：国药准字H20065167",,,曲美他嗪,0.0,,False,True,pydantic_direct
matched_row_1441,1441,call_db679d2614da478b,"医院名称：北京市朝阳区南磨房街道南新园社区卫生服务站,产品名称：厄贝沙坦,商品名：安来,剂型：素片,规格：75mg,生产企业：浙江华海药业股份有限公司,配送企业：,订购数量：0,批准文号：国药准字H20030016",,,厄贝沙坦,0.0,,False,True,pydantic_direct
matched_row_1442,1442,call_bb777914e4c54ff2,"医院名称：北京市海淀区聂各庄卫生院,产品名称：氨氯地平,商品名：压氏达,剂型：素片,规格：5mg,生产企业：华润赛科药业有限责任公司,配送企业：,订购数量：0,批准文号：国药准字H20010700",,,氨氯地平,0.0,,False,True,pydantic_direct
matched_row_1443,1443,call_d97ebc80be8e414a,"医院名称：北京市顺义区牛栏山社区卫生服务中心木林院区,产品名称：安脑丸,商品名：无,剂型：蜜丸,规格：3g,生产企业：哈尔滨蒲公英药业有限公司,配送企业：,订购数量：0,批准文号：国药准字Z23020126",,,安脑丸,0.0,,False,True,pydantic_direct
matched_row_1444,1444,call_48b5041281774375,"医院名称：中国民用航空总医院,产品名称：速效救心丸,商品名：无,剂型：滴丸,规格：40mg,生产企业：天津中新药业集团股份有限公司第六中药厂,配送企业：,订购数量：0,批准文号：国药准字Z12020025",,,速效救心丸,0.0,,False,True,pydantic_direct
matched_row_1445,1445,call_7c16d663a58a44d7,"医院名称：大兴区清源街道社区卫生服务中心福苑社区卫生服务站,产品名称：银翘解毒软胶囊,商品名：无,剂型：软胶囊(胶丸),规格：0.45g,生产企业：江苏康缘阳光药业有限公司,配送企业：,订购数量：10,批准文号：国药准字Z20010019",,,银翘解毒软胶囊,10.0,,False,True,pydantic_direct
matched_row_1446,1446,call_21d92009cdf14ef0,"医院名称：国务院国有资产监督管理委员会轻工离退休干部局医务室,产品名称：甲钴胺,商品名：弥可保,剂型：薄膜衣片,规格：0.5mg,生产企业：卫材(中国)药业有限公司,配送企业：,订购数量：0,批准文号：国药准字H20143107",,,甲钴胺,0.0,,False,True,pydantic_direct
matched_row_1447,1447,call_db8010bb63734f41,"医院名称：北京市朝阳区亚运村街道祁家豁子社区卫生服务站,产品名称：安脑丸,商品名：无,剂型：蜜丸,规格：3g(3g/11粒),生产企业：哈尔滨蒲公英药业有限公司,配送企业：,订购数量：0,批准文号：国药准字Z23021691",,,安脑丸,0.0,,False,True,pydantic_direct
matched_row_1448,1448,call_6a799604f25940e5,"医院名称：中国科学技术馆医务室,产品名称：非那雄胺,商品名：保列治,剂型：薄膜衣片,规格：5mg,生产企业：波多黎各AIAC International Pharma LLC(杭州默沙东制药有限公司分装),配送企业：,订购数量：0,批准文号：国药准字J20120071",,,非那雄胺,0.0,,False,True,pydantic_direct
matched_row_1449,1449,call_95221a7de36c401f,"医院名称：北京市通州区通大家园社区卫生服务站,产品名称：厄贝沙坦,商品名：安来,剂型：素片,规格：75mg,生产企业：浙江华海药业股份有限公司,配送企业：,订购数量：0,批准文号：国药准字H20030016",,,厄贝沙坦,0.0,,False,True,pydantic_direct
matched_row_1450,1450,call_d0718417fdb94af3,"医院名称：通州区梨园社区卫生服务中心分部,产品名称：羧甲司坦,商品名：无,剂型：口服溶液剂,规格：10ml:0.5g(5%),生产企业：北京诚济制药股份有限公司,配送企业：,订购数量：0,批准文号：国药准字H20044967",,,羧甲司坦,0.0,,False,True,pydantic_direct
matched_row_1451,1451,call_a0af22026e014c04,"医院名称：北京市顺义区牛栏山社区卫生服务中心后王各庄社区卫生服务站,产品名称：阿卡波糖,商品名：贝希,剂型：胶囊剂,规格：50mg,生产企业：四川绿叶制药股份有限公司,配送企业：,订购数量：0,批准文号：国药准字H20020391",,,阿卡波糖,0.0,,False,True,pydantic_direct
matched_row_1452,1452,call_ddc1652aec6a48fe,"医院名称：北京市朝阳区东湖社区卫生服务中心,产品名称：黄芪片,商品名：无,剂型：薄膜衣片,规格：0.41g,生产企业：四川奇力制药有限公司,配送企业：,订购数量：0,批准文号：国药准字Z20090313",,,黄芪片,0.0,,False,True,pydantic_direct
matched_row_1453,1453,call_f2724858ade74c84,"医院名称：首都医科大学附属北京佑安医院,产品名称：安络化纤丸,商品名：无,剂型：浓缩丸,规格：6g,生产企业：森隆药业有限公司,配送企业：,订购数量：0,批准文号：国药准字Z20010098",,,安络化纤丸,0.0,,False,True,pydantic_direct
matched_row_1454,1454,call_353f79d3c7614114,"医院名称：北京市丰盛中医骨伤专科医院,产品名称：双氯芬酸,商品名：扶他林,剂型：乳胶剂,规格：20g:0.2g(1%),生产企业：北京诺华制药有限公司,配送企业：,订购数量：0,批准文号：国药准字H19990291",,,双氯芬酸,0.0,,False,True,pydantic_direct
matched_row_1455,1455,call_5e6454544ed14206,"医院名称：中国气象局医院,产品名称：绞股蓝总苷颗粒,商品名：无,剂型：颗粒剂,规格：3g,生产企业：湖南华宝通制药有限公司,配送企业：,订购数量：0,批准文号：国药准字Z10930015",,,绞股蓝总苷颗粒,0.0,,False,True,pydantic_direct
matched_row_1456,1456,call_7c86093b8f00424c,"1、项目名称： 环氧乙烷灭菌器等医疗设备采购项目 2、项目编号： [3500]FYZB[GK]2020007 3、采购人名称： 福建医科大学附属第二医院 地址： 福建省泉州市中山北路34号 项目负责人： 李勤 联系电话： 059522770853 4、代理机构名称： 福建省福怡药械招标有限公司 地址： 福州市台江区交通路88号 评审部经办人： 黄玠霖 联系电话： 86569165 5、招标公告日期： 2020-03-13 6、招标结果确定日期： 2020-04-10 7、资格性及符合性审查情况： 各投标人资格性及符合性审查均合格。 8、中标情况： 包1 合同包 品目号 品目编号 品目名称 商品名称 品牌 规格型号 数量 单价 总价 1 1-1 A032025 消毒灭菌设备及器具 环氧乙烷灭菌器 3M GS8-1D 1 1727500元 1727500元 服务要求或标的的基本概况 1-1保修36个月 中标供应商名称 国药器械泉州有限公司 中标供应商地址 福建省泉州市丰泽区大兴路1466号东海泰禾广场11a幢1301、1302、1303、1327室（经营场所：福建省泉州市丰泽区大兴路1466号东海泰禾广场11a幢1306室 中标金额 1727500.0000元 9、收费金额：2.30025万元 收费标准：①参照国家发展计划委员会计价格[2002]1980号文件规定的货物类标准，按差额定率累进法计算。②中标人应在领取中标通知书前先以转帐或电汇付款方式一次性向招标代理机构缴纳招标代理服务费；开户行：招商银行福州江滨支行；户 名：福建省福怡药械招标有限公司；帐 号：673581399610001。 10、其他（协议供货、定点采购项目信息）：无。 11、评标委员会成员名单 采购人代表： 黄倩 (包1) 评审专家： 黄强增,马继民,陈新俤,郑沁春 12、公告期限为本公告之日起1个工作日。 福建省福怡药械招标有限公司 2020年04月10日",,,环氧乙烷灭菌器,1.0,1727500.0,True,True,pydantic_direct
matched_row_1457,1457,call_eda46e9d4b924da4,"医院名称：门城地区社区卫生服务中心新桥路社区卫生服务站,产品名称：藿香正气水,商品名：无,剂型：酊剂,规格：10ml,生产企业：北京同仁堂科技发展股份有限公司制药厂,配送企业：,订购数量：0,批准文号：国药准字Z11020377",,,藿香正气水,0.0,,False,True,pydantic_direct
matched_row_1458,1458,call_aad6321d81ee473c,"医院名称：北京丰台华山医院,产品名称：盐酸伪麻黄碱/马来酸氯苯那敏,商品名：新康泰克,剂型：缓释胶囊,规格：盐酸伪麻黄碱90mg,马来酸氯苯那敏4mg,生产企业：中美天津史克制药有限公司,配送企业：,订购数量：0,批准文号：国药准字H20010430",,,新康泰克,0.0,,False,True,pydantic_direct
matched_row_1459,1459,call_7532967d23f44fc8,"医院名称：北京市通州区梨园镇梨园社区卫生服务中心,产品名称：重组甘精胰岛素,商品名：长秀霖,剂型：注射液,规格：3ml:300单位,生产企业：甘李药业股份有限公司,配送企业：,订购数量：0,批准文号：国药准字S20050051",,,重组甘精胰岛素,0.0,,False,True,pydantic_direct
matched_row_1460,1460,call_8260ab5edac24b20,"医院名称：首都医科大学附属北京佑安医院,产品名称：钆喷酸葡胺,商品名：无,剂型：注射液,规格：20ml:9.38g(469.01mg/ml),生产企业：北京北陆药业股份有限公司,配送企业：,订购数量：200,批准文号：国药准字H10960045",,,钆喷酸葡胺,200.0,,False,True,pydantic_direct
matched_row_1461,1461,call_70f91f8f461a48cd,"医院名称：北京市朝阳区和平街街道小黄庄社区卫生服务站,产品名称：藿香正气软胶囊,商品名：无,剂型：软胶囊(胶丸),规格：0.45g,生产企业：天津中新药业集团股份有限公司达仁堂制药厂,配送企业：,订购数量：0,批准文号：国药准字Z10890019",,,藿香正气软胶囊,0.0,,False,True,pydantic_direct
matched_row_1462,1462,call_8f8dce56204544a2,"医院名称：北京市大兴区庞各庄镇中心卫生院,产品名称：普罗布考,商品名：之乐,剂型：薄膜衣片,规格：0.125g,生产企业：齐鲁制药有限公司,配送企业：,订购数量：0,批准文号：国药准字H10980054",,,普罗布考,0.0,,False,True,pydantic_direct
matched_row_1463,1463,call_64eddb230b0d402f,"医院名称：北京市大兴区黄村镇社区卫生服务中心,产品名称：,商品名：无,剂型：糖衣片,规格：0.35g,生产企业：山东凤凰制药股份有限公司,配送企业：,订购数量：0,批准文号：国药准字Z20033270",,,糖衣片,0.0,,False,True,pydantic_direct
matched_row_1464,1464,call_037f38e3c0224c07,"医院名称：丰台区长辛店大街社区卫生服务站,产品名称：麻仁软胶囊,商品名：无,剂型：软胶囊(胶丸),规格：0.6g,生产企业：天津市中央药业有限公司,配送企业：,订购数量：120,批准文号：国药准字Z10940031",,,麻仁软胶囊,120.0,,False,True,pydantic_direct
matched_row_1465,1465,call_8d175fe98a744a79,"医院名称：北京市朝阳区和平街街道砖角楼社区卫生服务站,产品名称：克拉霉素,商品名：无,剂型：薄膜衣片,规格：0.125g,生产企业：广东逸舒制药股份有限公司,配送企业：,订购数量：0,批准文号：国药准字H20059139",,,克拉霉素,0.0,,False,True,pydantic_direct
matched_row_1466,1466,call_e2bf9d1b5978473d,"医院名称：北京市朝阳区东坝地区高杨树社区卫生服务站,产品名称：氯沙坦钾氢氯噻嗪,商品名：无,剂型：薄膜衣片,规格：氯沙坦钾50mg,氢氯噻嗪12.5mg,生产企业：北京福元医药股份有限公司,配送企业：,订购数量：0,批准文号：国药准字H20074021",,,氯沙坦钾氢氯噻嗪,0.0,,False,True,pydantic_direct
matched_row_1467,1467,call_35c7e39ec689435f,"医院名称：北京市房山区城关街道顾册社区卫生服务站,产品名称：瑞巴派特,商品名：无,剂型：薄膜衣片,规格：0.1g,生产企业：浙江远力健药业有限责任公司,配送企业：,订购数量：0,批准文号：国药准字H20010015",,,瑞巴派特,0.0,,False,True,pydantic_direct
matched_row_1468,1468,call_b2ba73dfc4d64285,"医院名称：北京市房山区长阳镇社区卫生服务中心,产品名称：阿奇霉素,商品名：无,剂型：分散片,规格：0.25g(25万单位),生产企业：石药集团欧意药业有限公司,配送企业：,订购数量：0,批准文号：国药准字H20066358",,,阿奇霉素,0.0,,False,True,pydantic_direct
matched_row_1469,1469,call_717fca1b2b64452a,"医院名称：首都医科大学附属北京潞河医院,产品名称：磷霉素氨丁三醇,商品名：无,剂型：散剂,规格：3g(以磷霉素计),生产企业：山西仟源医药集团股份有限公司,配送企业：,订购数量：0,批准文号：国药准字H19994124",,,磷霉素氨丁三醇,0.0,,False,True,pydantic_direct
matched_row_1470,1470,call_fe32ba75d44f48a6,"医院名称：北京市密云区果园社区卫生服务中心,产品名称：马来酸依那普利叶酸,商品名：无,剂型：素片,规格：马来酸依那普利5mg,叶酸0.4mg,生产企业：深圳奥萨制药有限公司,配送企业：,订购数量：0,批准文号：国药准字H20103783",,,马来酸依那普利叶酸,0.0,,False,True,pydantic_direct
matched_row_1471,1471,call_297439ec25a44e20,"医院名称：北京市朝阳区麦子店街道农展南里社区卫生服务站,产品名称：叶酸,商品名：无,剂型：素片,规格：5mg,生产企业：常州制药厂有限公司,配送企业：,订购数量：0,批准文号：国药准字H32023302",,,叶酸,0.0,,False,True,pydantic_direct
matched_row_1472,1472,call_2670f68a994445af,"医院名称：北京市门头沟区医院,产品名称：西替利嗪,商品名：迪迪,剂型：胶囊剂,规格：10mg,生产企业：北京康蒂尼药业有限公司,配送企业：,订购数量：0,批准文号：国药准字H20010331",,,西替利嗪,0.0,,False,True,pydantic_direct
matched_row_1473,1473,call_c9f23be2b22c420f,"医院名称：北京市怀柔区怀北镇河防口社区卫生服务站,产品名称：复方丹参滴丸,商品名：无,剂型：滴丸,规格：薄膜衣丸每丸27mg,生产企业：天士力医药集团股份有限公司,配送企业：,订购数量：0,批准文号：国药准字Z10950111",,,复方丹参滴丸,0.0,,False,True,pydantic_direct
matched_row_1474,1474,call_facf5ae22c1d4398,"医院名称：门城地区社区卫生服务中心德露苑社区卫生服务站,产品名称：碳酸钙,商品名：无,剂型：素片,规格：0.3g(以钙计),生产企业：武汉同济现代医药科技股份有限公司,配送企业：,订购数量：0,批准文号：国药准字H42022521",,,碳酸钙,0.0,,False,True,pydantic_direct
matched_row_1475,1475,call_670a7cb4ef1841e6,"医院名称：平谷区小辛寨社区卫生服务站,产品名称：活血止痛膏,商品名：无,剂型：橡胶膏剂,规格：9cm×12cm,生产企业：湖北舒尔迈康药业有限公司,配送企业：,订购数量：0,批准文号：国药准字Z42021573",,,活血止痛膏,0.0,,False,True,pydantic_direct
matched_row_1476,1476,call_2d722522796f4f92,"医院名称：北京市朝阳区豆各庄地区朝丰家园社区卫生服务站,产品名称：杏贝止咳颗粒,商品名：无,剂型：颗粒剂,规格：4g,生产企业：江苏康缘药业股份有限公司,配送企业：,订购数量：0,批准文号：国药准字Z20050631",,,杏贝止咳颗粒,0.0,,False,True,pydantic_direct
matched_row_1477,1477,call_d2feed4157204dcf,"医院名称：北京理工大学社区卫生服务中心,产品名称：加味逍遥丸,商品名：无,剂型：水丸,规格：6g/100粒,生产企业：北京同仁堂科技发展股份有限公司制药厂,配送企业：,订购数量：0,批准文号：国药准字Z11020248",,,加味逍遥丸,0.0,,False,True,pydantic_direct
matched_row_1478,1478,call_6a421362c283440b,"医院名称：北京市朝阳区王四营社区卫生服务中心,产品名称：阿魏酸哌嗪,商品名：无,剂型：素片,规格：50mg,生产企业：海南林恒制药股份有限公司,配送企业：,订购数量：0,批准文号：国药准字H46020603",,,阿魏酸哌嗪,0.0,,False,True,pydantic_direct
matched_row_1479,1479,call_a99e309c15454098,"医院名称：北京瑞京糖尿病医院有限责任公司,产品名称：,商品名：无,剂型：薄膜衣片,规格：75mg,生产企业：石药集团欧意药业有限公司,配送企业：,订购数量：0,批准文号：国药准字H20193160",,,薄膜衣片,0.0,,False,True,pydantic_direct
matched_row_1480,1480,call_20132f0efaee460f,"医院名称：沙河社区卫生服务中心,产品名称：伏格列波糖,商品名：无,剂型：咀嚼片,规格：0.2mg,生产企业：北京太洋药业股份有限公司,配送企业：,订购数量：0,批准文号：国药准字H20090045",,,伏格列波糖,0.0,,False,True,pydantic_direct
matched_row_1481,1481,call_a8114f6f9917442c,"医院名称：北京市朝阳区王四营社区卫生服务中心,产品名称：匹伐他汀钙,商品名：无,剂型：薄膜衣片,规格：2mg,生产企业：华润双鹤药业股份有限公司,配送企业：,订购数量：0,批准文号：国药准字H20080737",,,匹伐他汀钙,0.0,,False,True,pydantic_direct
matched_row_1482,1482,call_cc5a8eae75e44a1e,"医院名称：北京市丰台区卢沟桥乡靛厂村社区卫生服务站,产品名称：血塞通软胶囊,商品名：无,剂型：软胶囊(胶丸),规格：0.1g,生产企业：昆药集团股份有限公司,配送企业：,订购数量：0,批准文号：国药准字Z20040016",,,血塞通软胶囊,0.0,,False,True,pydantic_direct
matched_row_1483,1483,call_44f30979443049a2,"医院名称：北京市朝阳区大屯街道慧忠北里社区卫生服务站,产品名称：麻仁软胶囊,商品名：无,剂型：软胶囊(胶丸),规格：0.6g,生产企业：天津市中央药业有限公司,配送企业：,订购数量：0,批准文号：国药准字Z10940031",,,麻仁软胶囊,0.0,,False,True,pydantic_direct
matched_row_1484,1484,call_49489fdec4f2468d,"医院名称：北京市通州区北苑街道怡佳家园社区卫生服务站,产品名称：胆宁片,商品名：无,剂型：薄膜衣片,规格：0.36g,生产企业：上海和黄药业有限公司,配送企业：,订购数量：0,批准文号：国药准字Z10910040",,,胆宁片,0.0,,False,True,pydantic_direct
matched_row_1485,1485,call_260d9bd6020045a7,"医院名称：北京市朝阳区小红门社区卫生服务中心,产品名称：替米沙坦,商品名：美卡素,剂型：素片,规格：80mg,生产企业：德国勃林格殷格翰公司Boehringer Ingelheim Pharma GmbH & Co. KG(上海勃林格殷格翰药业有限公司分装),配送企业：,订购数量：0,批准文号：国药准字J20180016",,,替米沙坦,0.0,,False,True,pydantic_direct
matched_row_1486,1486,call_d9eae364bab14251,"医院名称：北京市朝阳区东风社区卫生服务中心(石佛营西里),产品名称：复方丙酸氯倍他索,商品名：金纽尔,剂型：软膏剂,规格：40g:丙酸氯倍他索20mg与维A酸10mg,生产企业：江苏知原药业有限公司,配送企业：,订购数量：0,批准文号：国药准字H20040122",,,复方丙酸氯倍他索,0.0,,False,True,pydantic_direct
matched_row_1487,1487,call_2a99fb20b96c44ef,"医院名称：北京市朝阳区酒仙桥社区卫生服务中心,产品名称：注射用丹参多酚酸盐,商品名：无,剂型：冻干粉针剂,规格：每瓶装50mg(含丹参乙酸镁40mg),生产企业：上海绿谷制药有限公司,配送企业：,订购数量：0,批准文号：国药准字Z20050247",,,注射用丹参多酚酸盐,0.0,,False,True,pydantic_direct
matched_row_1488,1488,call_6d0af95932294aa3,"医院名称：首都医科大学附属北京安贞医院,产品名称：氟比洛芬酯,商品名：凯纷,剂型：注射液,规格：5ml:50mg,生产企业：北京泰德制药股份有限公司,配送企业：,订购数量：0,批准文号：国药准字H20041508",,,氟比洛芬酯,0.0,,False,True,pydantic_direct
matched_row_1489,1489,call_2fb8b7cf5de94410,"医院名称：北京市门头沟区雁翅镇社区卫生服务中心,产品名称：瑞格列奈,商品名：诺和龙,剂型：素片,规格：2.0mg,生产企业：德国Boehringer Ingelheim Pharma GmbH & Co.KG,配送企业：,订购数量：0,批准文号：H20171160",,,瑞格列奈,0.0,,False,True,pydantic_direct
matched_row_1490,1490,call_74518b7953654655,"医院名称：北京市门头沟区清水镇社区卫生服务中心,产品名称：杏灵分散片,商品名：瑞科宁,剂型：分散片,规格：0.31g(含银杏酮酯40mg),生产企业：北京四环科宝制药有限公司,配送企业：,订购数量：0,批准文号：国药准字Z20060444",,,杏灵分散片,0.0,,False,True,pydantic_direct
matched_row_1491,1491,call_eb828b20eddb472d,"医院名称：中国航天科工集团七三一医院,产品名称：埃索美拉唑,商品名：耐信,剂型：肠溶片,规格：20mg,生产企业：阿斯利康制药有限公司,配送企业：,订购数量：0,批准文号：国药准字H20046379",,,埃索美拉唑,0.0,,False,True,pydantic_direct
matched_row_1492,1492,call_1a702d7f1b6d46f8,"医院名称：北京市朝阳区和平街社区卫生服务中心,产品名称：坦索罗辛,商品名：齐索,剂型：缓释胶囊,规格：0.2mg,生产企业：浙江海力生制药有限公司,配送企业：,订购数量：0,批准文号：国药准字H20020623",,,坦索罗辛,0.0,,False,True,pydantic_direct
matched_row_1493,1493,call_b98a1a7a716b4e9c,"医院名称：北京市朝阳区常营社区卫生服务中心,产品名称：藿香正气软胶囊,商品名：无,剂型：软胶囊(胶丸),规格：0.45g,生产企业：天津中新药业集团股份有限公司达仁堂制药厂,配送企业：,订购数量：0,批准文号：国药准字Z10890019",,,藿香正气软胶囊,0.0,,False,True,pydantic_direct
matched_row_1494,1494,call_c19a3a8496c449c9,"医院名称：北京中医药大学东直门医院（通州院区）,产品名称：布洛芬,商品名：无,剂型：颗粒剂,规格：2.3g:0.4g,生产企业：太阳石(唐山)药业有限公司,配送企业：,订购数量：0,批准文号：国药准字H20070139",,,布洛芬,0.0,,False,True,pydantic_direct
matched_row_1495,1495,call_f0a2e24503cb4243,"医院名称：北京大学第一医院,产品名称：麝香壮骨膏,商品名：无,剂型：橡胶膏剂,规格：8cm×13cm,生产企业：黄石卫生材料药业有限公司,配送企业：,订购数量：0,批准文号：国药准字Z42021305",,,麝香壮骨膏,0.0,,False,True,pydantic_direct
matched_row_1496,1496,call_0ec14f66832c4ae1,"医院名称：北京市通州区梨园社区中心第四诊区,产品名称：替米沙坦,商品名：美卡素,剂型：素片,规格：80mg,生产企业：德国勃林格殷格翰公司Boehringer Ingelheim Pharma GmbH & Co. KG(上海勃林格殷格翰药业有限公司分装),配送企业：,订购数量：0,批准文号：国药准字J20180016",,,替米沙坦,0.0,,False,True,pydantic_direct
matched_row_1497,1497,call_7283a15c76e2473c,"医院名称：丰台区太平桥街道万泉寺社区卫生服务站,产品名称：复方丹参滴丸,商品名：无,剂型：滴丸,规格：薄膜衣丸每丸27mg,生产企业：天士力医药集团股份有限公司,配送企业：,订购数量：0,批准文号：国药准字Z10950111",,,复方丹参滴丸,0.0,,False,True,pydantic_direct
matched_row_1498,1498,call_a017d228e3464f68,"医院名称：北京工业大学医院,产品名称：二甲双胍,商品名：格华止,剂型：薄膜衣片,规格：0.5g,生产企业：中美上海施贵宝制药有限公司,配送企业：,订购数量：0,批准文号：国药准字H20023370",,,二甲双胍,0.0,,False,True,pydantic_direct
matched_row_1499,1499,call_783a55ca4f304680,"医院名称：首都医科大学附属北京潞河医院,产品名称：甲钴胺,商品名：弥可保,剂型：注射液,规格：1ml:0.5mg,生产企业：卫材(中国)药业有限公司,配送企业：,订购数量：0,批准文号：国药准字H20174048",,,甲钴胺,0.0,,False,True,pydantic_direct
matched_row_1500,1500,call_3d48c5eacc3749f2,"医院名称：北京市延庆区儒林社区卫生服务中心,产品名称：宣肺止嗽合剂,商品名：无,剂型：合剂（含口服液）,规格：20ml,生产企业：甘肃普安制药股份有限公司,配送企业：,订购数量：0,批准文号：国药准字Z20050288",,,宣肺止嗽合剂,0.0,,False,True,pydantic_direct
matched_row_1501,1501,call_24378f4540a6413c,"医院名称：北京市朝阳区东坝地区高杨树社区卫生服务站,产品名称：甲钴胺,商品名：弥可保,剂型：注射液,规格：1ml:0.5mg,生产企业：卫材(中国)药业有限公司,配送企业：,订购数量：0,批准文号：国药准字H20174048",,,甲钴胺,0.0,,False,True,pydantic_direct
matched_row_1502,1502,call_8ae68170a8c94299,"医院名称：北京市海淀区羊坊店社区卫生服务中心,产品名称：复方血栓通片,商品名：无,剂型：薄膜衣片,规格：0.35g,生产企业：广东众生药业股份有限公司,配送企业：,订购数量：0,批准文号：国药准字Z20060167",,,复方血栓通片,0.0,,False,True,pydantic_direct
matched_row_1503,1503,call_71e2249e16f64f2c,"医院名称：北京市西城区新街口街道赵登禹路社区卫生服务站,产品名称：金天格胶囊,商品名：无,剂型：胶囊剂,规格：0.4g,生产企业：金花企业(集团)股份有限公司西安金花制药厂,配送企业：,订购数量：0,批准文号：国药准字Z20030080",,,金天格胶囊,0.0,,False,True,pydantic_direct
matched_row_1504,1504,call_c6e27ea384c84253,"医院名称：北京市丰台区丰台街道新华街社区卫生服务站,产品名称：参松养心胶囊,商品名：无,剂型：胶囊剂,规格：0.4g,生产企业：北京以岭药业有限公司,配送企业：,订购数量：0,批准文号：国药准字Z20103032",,,参松养心胶囊,0.0,,False,True,pydantic_direct
matched_row_1505,1505,call_44b7f039ae604989,"医院名称：北京市朝阳区东坝社区卫生服务中心,产品名称：卡维地洛,商品名：金络,剂型：素片,规格：10mg,生产企业：齐鲁制药有限公司,配送企业：,订购数量：0,批准文号：国药准字H20000100",,,卡维地洛,0.0,,False,True,pydantic_direct
matched_row_1506,1506,call_92be4213c69a4c71,"医院名称：北京理工大学社区卫生服务中心,产品名称：奥美拉唑,商品名：绅丽雨,剂型：肠溶片,规格：20mg,生产企业：北京太洋药业股份有限公司,配送企业：,订购数量：0,批准文号：国药准字H19990114",,,奥美拉唑,0.0,,False,True,pydantic_direct
matched_row_1507,1507,call_e6b88672b7564f83,"医院名称：北京市海淀区羊坊店社区卫生服务中心,产品名称：解毒生肌膏,商品名：无,剂型：软膏剂,规格：20g,生产企业：广西壮族自治区花红药业股份有限公司,配送企业：,订购数量：0,批准文号：国药准字Z45020400",,,解毒生肌膏,0.0,,False,True,pydantic_direct
matched_row_1508,1508,call_cfb10f98dac04cb5,"医院名称：北京市朝阳区芍药居南社区卫生服务站,产品名称：强力定眩片,商品名：无,剂型：糖衣片,规格：0.35g,生产企业：陕西汉王药业有限公司,配送企业：,订购数量：0,批准文号：国药准字Z61020139",,,强力定眩片,0.0,,False,True,pydantic_direct
matched_row_1509,1509,call_4d2306f8b2a94fec,"医院名称：北京市丰台区东铁营街道铁营社区卫生服务站,产品名称：伤科灵喷雾剂,商品名：无,剂型：喷雾剂,规格：70ml,生产企业：贵州恒霸药业有限责任公司,配送企业：,订购数量：0,批准文号：国药准字Z20025252",,,伤科灵喷雾剂,0.0,,False,True,pydantic_direct
matched_row_1510,1510,call_e596ea412ca64451,"医院名称：北京市密云区果园社区卫生服务中心,产品名称：麝香壮骨膏,商品名：无,剂型：橡胶膏剂,规格：8cm×13cm,生产企业：黄石卫生材料药业有限公司,配送企业：,订购数量：0,批准文号：国药准字Z42021305",,,麝香壮骨膏,0.0,,False,True,pydantic_direct
matched_row_1511,1511,call_69767a2607544203,"医院名称：北京市朝阳区麦子店街道农展南里社区卫生服务站,产品名称：生物合成人胰岛素,商品名：诺和灵R,剂型：注射液,规格：3ml:300IU,生产企业：诺和诺德(中国)制药有限公司,配送企业：,订购数量：0,批准文号：国药准字H20174124",,,生物合成人胰岛素,0.0,,False,True,pydantic_direct
matched_row_1512,1512,call_9f8d003270b24bd4,"医院名称：首都医科大学附属北京友谊医院,产品名称：阿维A,商品名：方希,剂型：胶囊剂,规格：10mg,生产企业：重庆华邦制药有限公司,配送企业：,订购数量：0,批准文号：国药准字H20010126",,,阿维A,0.0,,False,True,pydantic_direct
matched_row_1513,1513,call_2b16ec010e054fb6,"医院名称：北京市亚太中医骨科医院,产品名称：二甲双胍,商品名：格华止,剂型：薄膜衣片,规格：0.5g,生产企业：中美上海施贵宝制药有限公司,配送企业：,订购数量：0,批准文号：国药准字H20023370",,,二甲双胍,0.0,,False,True,pydantic_direct
matched_row_1514,1514,call_537df8275e7b4fd8,"医院名称：北京市朝阳区三里屯街道幸福二村社区卫生服务站,产品名称：青鹏软膏,商品名：无,剂型：软膏剂,规格：20g,生产企业：西藏奇正藏药股份有限公司,配送企业：,订购数量：0,批准文号：国药准字Z54020140",,,青鹏软膏,0.0,,False,True,pydantic_direct
matched_row_1515,1515,call_a002531ae60643a7,"医院名称：北京中医药大学东方医院,产品名称：消癌平注射液,商品名：无,剂型：注射剂,规格：20ml（静脉注射）,生产企业：南京圣和药业股份有限公司,配送企业：,订购数量：0,批准文号：国药准字Z20025868",,,消癌平注射液,0.0,,False,True,pydantic_direct
matched_row_1516,1516,call_9a75d4a423b0471f,"医院名称：沙河社区卫生服务中心松兰堡社区卫生服务站,产品名称：通宣理肺胶囊,商品名：无,剂型：胶囊剂,规格：0.36g,生产企业：山东明仁福瑞达制药股份有限公司,配送企业：,订购数量：0,批准文号：国药准字Z10960087",,,通宣理肺胶囊,0.0,,False,True,pydantic_direct
matched_row_1517,1517,call_2ba568dc794445e1,"医院名称：北京市密云区冯家峪镇社区卫生服务中心,产品名称：曲安奈德益康唑,商品名：派瑞松,剂型：乳膏剂,规格：15g:0.15g(硝酸益康唑1%),生产企业：西安杨森制药有限公司,配送企业：,订购数量：0,批准文号：国药准字H20000454",,,曲安奈德益康唑,0.0,,False,True,pydantic_direct
matched_row_1518,1518,call_9b2c5949fbfe4db8,"医院名称：北京市朝阳区安贞街道安华里社区卫生服务站,产品名称：莫匹罗星,商品名：百多邦,剂型：软膏剂,规格：5g:0.1g,生产企业：中美天津史克制药有限公司,配送企业：,订购数量：0,批准文号：国药准字H10930064",,,莫匹罗星软膏,0.0,,False,True,pydantic_direct
matched_row_1519,1519,call_2f71349c34154415,"医院名称：首都医科大学宣武医院,产品名称：胰岛素,商品名：无,剂型：注射液,规格：3ml:300单位,生产企业：诺和诺德(中国)制药有限公司,配送企业：,订购数量：400,批准文号：国药准字S20133006",,,胰岛素,400.0,,False,True,pydantic_direct
matched_row_1520,1520,call_8fa61e56441a4d67,"医院名称：延庆区张山营镇社区卫生服务中心,产品名称：尪痹胶囊,商品名：无,剂型：胶囊剂,规格：0.55g,生产企业：辽宁华润本溪三药有限公司,配送企业：,订购数量：0,批准文号：国药准字Z20080096",,,尪痹胶囊,0.0,,False,True,pydantic_direct
matched_row_1521,1521,call_9b89f053e6ca4ebb,"医院名称：房山区长沟镇西甘池村第二卫生室,产品名称：元胡止痛片,商品名：无,剂型：糖衣片,规格：片芯重0.25g,生产企业：广西药用植物园制药厂,配送企业：,订购数量：0,批准文号：国药准字Z45021589",,,元胡止痛片,0.0,,False,True,pydantic_direct
matched_row_1522,1522,call_d8e1395059554722,"医院名称：北京市丰台区铁营医院,产品名称：麻黄止嗽胶囊,商品名：无,剂型：胶囊剂,规格：0.28g,生产企业：陕西开元制药有限公司,配送企业：,订购数量：0,批准文号：国药准字Z20090079",,,麻黄止嗽胶囊,0.0,,False,True,pydantic_direct
matched_row_1523,1523,call_ca793fed40bb4e8e,"医院名称：北京市密云区巨各庄镇社区卫生服务中心,产品名称：强力枇杷露,商品名：无,剂型：糖浆剂,规格：250ml,生产企业：哈尔滨市康隆药业有限责任公司,配送企业：,订购数量：0,批准文号：国药准字Z23023220",,,强力枇杷露,0.0,,False,True,pydantic_direct
matched_row_1524,1524,call_acee7b16c35e458a,"医院名称：中国空间技术研究院门诊部,产品名称：康复新液,商品名：无,剂型：合剂（含口服液）,规格：50ml,生产企业：昆明赛诺制药股份有限公司,配送企业：,订购数量：0,批准文号：国药准字Z53020054",,,康复新液,0.0,,False,True,pydantic_direct
matched_row_1525,1525,call_08fd45698a82444d,"医院名称：北京市怀柔区桥梓镇社区卫生服务中心,产品名称：呋塞米,商品名：无,剂型：素片,规格：20mg,生产企业：上海朝晖药业有限公司,配送企业：,订购数量：0,批准文号：国药准字H31021074",,,呋塞米,0.0,,False,True,pydantic_direct
matched_row_1526,1526,call_dda8199cc2dc4158,"医院名称：北京市化工职业病防治院,产品名称：尿毒清颗粒,商品名：无,剂型：颗粒剂,规格：5g,生产企业：康臣药业(内蒙古)有限责任公司,配送企业：,订购数量：0,批准文号：国药准字Z20073256",,,尿毒清颗粒,0.0,,False,True,pydantic_direct
matched_row_1527,1527,call_3358bc50df8d4cdc,"医院名称：北京市房山区韩村河五候社区卫生服务站,产品名称：硝苯地平,商品名：拜新同,剂型：控释片,规格：30mg,生产企业：德国Bayer AG(拜耳医药保健有限公司分装),配送企业：,订购数量：0,批准文号：国药准字J20180025",,,硝苯地平,0.0,,False,True,pydantic_direct
matched_row_1528,1528,call_08bc587b32f24bb8,"医院名称：北京市门头沟区大台社区卫生服务中心,产品名称：藿香正气水,商品名：无,剂型：酊剂,规格：10ml,生产企业：北京同仁堂科技发展股份有限公司制药厂,配送企业：,订购数量：0,批准文号：国药准字Z11020377",,,藿香正气水,0.0,,False,True,pydantic_direct
matched_row_1529,1529,call_4794e00135ae4bcf,"医院名称：北京市昌平区南口社区卫生服务中心,产品名称：活血止痛膏,商品名：无,剂型：橡胶膏剂,规格：7cm×10cm,生产企业：安徽安科余良卿药业有限公司,配送企业：,订购数量：0,批准文号：国药准字Z34020905",,,活血止痛膏,0.0,,False,True,pydantic_direct
matched_row_1530,1530,call_d20cf09966644332,"医院名称：北京市朝阳区三里屯街道幸福二村社区卫生服务站,产品名称：强力定眩片,商品名：无,剂型：糖衣片,规格：0.35g,生产企业：陕西汉王药业有限公司,配送企业：,订购数量：0,批准文号：国药准字Z61020139",,,强力定眩片,0.0,,False,True,pydantic_direct
matched_row_1531,1531,call_1252dbebfcc84fbb,"医院名称：北京世纪兴华医院,产品名称：麦味地黄丸,商品名：无,剂型：蜜丸,规格：9g,生产企业：北京同仁堂科技发展股份有限公司制药厂,配送企业：,订购数量：0,批准文号：国药准字Z11020057",,,麦味地黄丸,0.0,,False,True,pydantic_direct
matched_row_1532,1532,call_43e3c3ba40734754,"医院名称：首都医科大学附属北京潞河医院,产品名称：缬沙坦氨氯地平(Ⅰ),商品名：无,剂型：薄膜衣片,规格：缬沙坦80mg,氨氯地平5mg,生产企业：西班牙诺华Novartis Farmaceutica S.A.,配送企业：,订购数量：0,批准文号：H20100734",,,缬沙坦氨氯地平(Ⅰ),0.0,,False,True,pydantic_direct
matched_row_1533,1533,call_134ee7e49d2b4fa7,"医院名称：首都医科大学附属北京安贞医院大屯社区卫生服务中心,产品名称：洛索洛芬,商品名：乐松,剂型：素片,规格：60mg,生产企业：第一三共制药(上海)有限公司,配送企业：,订购数量：0,批准文号：国药准字H20030769",,,洛索洛芬,0.0,,False,True,pydantic_direct
matched_row_1534,1534,call_4dc73a7fd2664117,"医院名称：北京安定门中医医院,产品名称：阿托伐他汀,商品名：阿乐,剂型：薄膜衣片,规格：20mg,生产企业：北京嘉林药业股份有限公司,配送企业：,订购数量：0,批准文号：国药准字H20093819",,,阿托伐他汀,0.0,,False,True,pydantic_direct
matched_row_1535,1535,call_94f71d3cf28b49dc,"医院名称：北京大学第一医院,产品名称：卡铂,商品名：波贝,剂型：注射液,规格：10ml:0.1g,生产企业：齐鲁制药有限公司,配送企业：,订购数量：0,批准文号：国药准字H20020180",,,卡铂,0.0,,False,True,pydantic_direct
matched_row_1536,1536,call_83f81afa1dc04eec,"医院名称：首都医科大学附属北京地坛医院,产品名称：达比加群酯,商品名：泰毕全,剂型：胶囊剂,规格：110mg,生产企业：德国勃林格殷格翰公司Boehringer Ingelheim Pharma GmbH & Co. KG(上海勃林格殷格翰药业有限公司分装),配送企业：,订购数量：0,批准文号：国药准字J20171035",,,达比加群酯,0.0,,False,True,pydantic_direct
matched_row_1537,1537,call_791e7e1cbff04acc,"医院名称：北京市朝阳区小红门社区卫生服务中心,产品名称：碳酸钙,商品名：无,剂型：素片,规格：0.3g(以钙计),生产企业：武汉同济现代医药科技股份有限公司,配送企业：,订购数量：0,批准文号：国药准字H42022521",,,碳酸钙,0.0,,False,True,pydantic_direct
matched_row_1538,1538,call_dd03fbd20e3e4953,"医院名称：北京市朝阳区太阳宫地区西坝河北里社区卫生服务站,产品名称：速效救心丸,商品名：无,剂型：滴丸,规格：40mg,生产企业：天津中新药业集团股份有限公司第六中药厂,配送企业：,订购数量：0,批准文号：国药准字Z12020025",,,速效救心丸,0.0,,False,True,pydantic_direct
matched_row_1539,1539,call_f18b4121a9424a4a,"医院名称：北京市丰台区南苑j街道诚苑社区卫生服务站,产品名称：脑心通胶囊,商品名：无,剂型：胶囊剂,规格：0.4g,生产企业：陕西步长制药有限公司,配送企业：,订购数量：0,批准文号：国药准字Z20025001",,,脑心通胶囊,0.0,,False,True,pydantic_direct
matched_row_1540,1540,call_fb81ff6449864dbb,"医院名称：北京市丰台区马家堡社区卫生服务中心,产品名称：益气维血胶囊,商品名：无,剂型：胶囊剂,规格：0.45g,生产企业：广东红珊瑚药业有限公司,配送企业：,订购数量：0,批准文号：国药准字Z20050700",,,益气维血胶囊,0.0,,False,True,pydantic_direct
matched_row_1541,1541,call_7734248575e747a1,"医院名称：永定镇社区卫生服务中心石门营新区社区卫生服务站,产品名称：荷丹胶囊,商品名：无,剂型：胶囊剂,规格：每粒装0.33g,生产企业：南昌济顺制药有限公司,配送企业：,订购数量：50,批准文号：国药准字Z20060081",,,荷丹胶囊,50.0,,False,True,pydantic_direct
matched_row_1542,1542,call_0c9fa3c1f4fa4ae7,"医院名称：北京市平谷区峪口社区卫生服务中心,产品名称：祛痰止咳胶囊,商品名：无,剂型：胶囊剂,规格：0.45g,生产企业：广东一力罗定制药有限公司,配送企业：,订购数量：0,批准文号：国药准字Z20090641",,,祛痰止咳胶囊,0.0,,False,True,pydantic_direct
matched_row_1543,1543,call_9f39758ac0834252,"医院名称：首都医科大学附属北京安贞医院,产品名称：左旋卡尼汀,商品名：无,剂型：注射液,规格：5ml:1g,生产企业：东北制药集团沈阳第一制药有限公司,配送企业：,订购数量：0,批准文号：国药准字H20113215",,,左旋卡尼汀,0.0,,False,True,pydantic_direct
matched_row_1544,1544,call_841a96ce2ad54772,"医院名称：北京市朝阳区小关街道惠新苑社区卫生服务站,产品名称：补肾固齿丸,商品名：无,剂型：水丸,规格：4g(1g/30丸),生产企业：成都九芝堂金鼎药业有限公司,配送企业：,订购数量：0,批准文号：国药准字Z51021248",,,补肾固齿丸,0.0,,False,True,pydantic_direct
matched_row_1545,1545,call_8909198a4a804550,"医院名称：中国石油大厦医务室,产品名称：,商品名：无,剂型：薄膜衣片,规格：20mg,生产企业：齐鲁制药(海南)有限公司,配送企业：,订购数量：0,批准文号：国药准字H20193144",,,薄膜衣片,0.0,,False,True,pydantic_direct
matched_row_1546,1546,call_40d28ab50e1e47e3,"医院名称：北京市石景山区老山社区卫生服务中心,产品名称：固本益肠片,商品名：无,剂型：薄膜衣片,规格：每片重0.62g,生产企业：沈阳绿洲制药有限责任公司,配送企业：,订购数量：0,批准文号：国药准字Z10940035",,,固本益肠片,0.0,,False,True,pydantic_direct
matched_row_1547,1547,call_42a1c1d57a304f57,"医院名称：房山区良乡地区昊天社区卫生服务站,产品名称：头孢克肟,商品名：世福素,剂型：颗粒剂,规格：50mg,生产企业：广州白云山医药集团股份有限公司白云山制药总厂,配送企业：,订购数量：0,批准文号：国药准字H10940128",,,头孢克肟,0.0,,False,True,pydantic_direct
matched_row_1548,1548,call_430db040b1a34bf8,"医院名称：北京中医药大学第三附属医院,产品名称：胞磷胆碱,商品名：无,剂型：薄膜衣片,规格：0.1g,生产企业：华润双鹤利民药业（济南）有限公司,配送企业：,订购数量：0,批准文号：国药准字H20080745",,,胞磷胆碱,0.0,,False,True,pydantic_direct
matched_row_1549,1549,call_a744047b675544cd,"医院名称：北京市丰台区西罗园社区卫生服务中心,产品名称：感冒清热颗粒,商品名：无,剂型：颗粒剂,规格：6g,生产企业：北京同仁堂科技发展股份有限公司制药厂,配送企业：,订购数量：0,批准文号：国药准字Z11020361",,,感冒清热颗粒,0.0,,False,True,pydantic_direct
matched_row_1550,1550,call_a415c6cbe0b14ed5,"医院名称：北京大学首钢医院,产品名称：脂肪乳氨基酸(17),商品名：空,剂型：注射液,规格：1440ml,生产企业：费森尤斯卡比华瑞制药有限公司,配送企业：,订购数量：0,批准文号：国药准字H20103135",,,脂肪乳氨基酸(17),0.0,,False,True,pydantic_direct
matched_row_1551,1551,call_25b1fc2c61fe44e4,"医院名称：北京市朝阳区安贞街道安华里社区卫生服务站,产品名称：缬沙坦氨氯地平,商品名：无,剂型：薄膜衣片,规格：缬沙坦80mg,氨氯地平5mg,生产企业：西班牙Novartis Farmaceuctica. S.A(北京诺华制药有限公司分装),配送企业：,订购数量：0,批准文号：国药准字J20140101",,,缬沙坦氨氯地平,0.0,,False,True,pydantic_direct
matched_row_1552,1552,call_112b0f48ca49497c,"医院名称：北京市门头沟区军庄镇社区卫生服务中心,产品名称：伏格列波糖,商品名：无,剂型：素片,规格：0.3mg,生产企业：苏州中化药品工业有限公司,配送企业：,订购数量：0,批准文号：国药准字H20143287",,,伏格列波糖,0.0,,False,True,pydantic_direct
matched_row_1553,1553,call_60a1fad16dfa4754,"医院名称：北京语言大学社区卫生服务中心,产品名称：二甲双胍,商品名：格华止,剂型：薄膜衣片,规格：0.5g,生产企业：中美上海施贵宝制药有限公司,配送企业：,订购数量：0,批准文号：国药准字H20023370",,,二甲双胍,0.0,,False,True,pydantic_direct
matched_row_1554,1554,call_3bd8ade2227042c0,"医院名称：北京市朝阳区劲松街道农光里社区卫生服务站,产品名称：养血荣筋丸,商品名：无,剂型：水蜜丸,规格：6g(10g/100粒),生产企业：北京东升制药有限公司,配送企业：,订购数量：0,批准文号：国药准字Z20033237",,,养血荣筋丸,0.0,,False,True,pydantic_direct
matched_row_1555,1555,call_76eb99fc03814914,"医院名称：北京市朝阳区三里屯街道中纺里社区卫生服务站,产品名称：热淋清颗粒,商品名：无,剂型：颗粒剂,规格：4g,生产企业：贵州威门药业股份有限公司,配送企业：,订购数量：0,批准文号：国药准字Z52020383",,,热淋清颗粒,0.0,,False,True,pydantic_direct
matched_row_1556,1556,call_734b8639eb064962,"医院名称：北京市朝阳区香河园社区卫生服务中心,产品名称：胃苏颗粒,商品名：无,剂型：颗粒剂,规格：5g,生产企业：扬子江药业集团江苏制药股份有限公司,配送企业：,订购数量：0,批准文号：国药准字Z10950007",,,胃苏颗粒,0.0,,False,True,pydantic_direct
matched_row_1557,1557,call_71faaa8257314969,"医院名称：首都医科大学附属北京潞河医院,产品名称：替米沙坦氢氯噻嗪,商品名：无,剂型：胶囊剂,规格：替米沙坦40mg,氢氯噻嗪12.5mg,生产企业：上海双基药业有限公司,配送企业：,订购数量：0,批准文号：国药准字H20080208",,,替米沙坦氢氯噻嗪,0.0,,False,True,pydantic_direct
matched_row_1558,1558,call_7ae5288339a54626,"医院名称：北京理工大学社区卫生服务中心,产品名称：通心络胶囊,商品名：无,剂型：胶囊剂,规格：0.26g,生产企业：石家庄以岭药业股份有限公司,配送企业：,订购数量：0,批准文号：国药准字Z19980015",,,通心络胶囊,0.0,,False,True,pydantic_direct
matched_row_1559,1559,call_e070ca8707dd4519,"医院名称：北京市朝阳区和平街社区卫生服务中心,产品名称：氨基葡萄糖,商品名：普力得,剂型：胶囊剂,规格：0.24g,生产企业：北京康必得药业有限公司,配送企业：,订购数量：0,批准文号：国药准字H20070173",,,氨基葡萄糖,0.0,,False,True,pydantic_direct
matched_row_1560,1560,call_1e3293de138a42ed,"医院名称：北京市门头沟区永定镇社区卫生服务中心,产品名称：开塞露(含甘油),商品名：无,剂型：溶液剂,规格：20ml,生产企业：武汉五景药业有限公司,配送企业：,订购数量：0,批准文号：国药准字H42021081",,,开塞露(含甘油),0.0,,False,True,pydantic_direct
matched_row_1561,1561,call_8c9b6c82662a41fc,"医院名称：北京朝阳中西医结合急诊抢救中心,产品名称：重组人白介素-11,商品名：特尔康,剂型：冻干粉针剂,规格：1600万单位(2mg),生产企业：厦门特宝生物工程股份有限公司,配送企业：,订购数量：0,批准文号：国药准字S20050037",,,重组人白介素-11,0.0,,False,True,pydantic_direct
matched_row_1562,1562,call_57e99583b1f84beb,"医院名称：王辛庄社区卫生服务中心王辛庄镇杨家会社区卫生服务站,产品名称：血塞通胶囊,商品名：无,剂型：胶囊剂,规格：0.1g,生产企业：云南白药集团文山七花有限责任公司,配送企业：,订购数量：0,批准文号：国药准字Z53020832",,,血塞通胶囊,0.0,,False,True,pydantic_direct
matched_row_1563,1563,call_d1bb13ee455f47c4,"医院名称：阳坊社区卫生服务中心,产品名称：氨基葡萄糖,商品名：无,剂型：胶囊剂,规格：0.314g(硫酸氨基葡萄糖0.25g),生产企业：台湾永信药品工业股份有限公司台中幼狮厂,配送企业：,订购数量：0,批准文号：HC20130008",,,氨基葡萄糖,0.0,,False,True,pydantic_direct
matched_row_1564,1564,call_1db6f15d11a5464f,"医院名称：北京市房山区第一医院,产品名称：甲氧明,商品名：无,剂型：注射液,规格：1ml:10mg,生产企业：远大医药(中国)有限公司,配送企业：,订购数量：0,批准文号：国药准字H42021934",,,甲氧明,0.0,,False,True,pydantic_direct
matched_row_1565,1565,call_e328a559fcfc4fcf,"医院名称：中国兵器工业第二○八研究所医务室,产品名称：维生素C,商品名：无,剂型：素片,规格：0.1g,生产企业：辅仁药业集团有限公司,配送企业：,订购数量：0,批准文号：国药准字H20073356",,,维生素C,0.0,,False,True,pydantic_direct
matched_row_1566,1566,call_6aecf513751c4c75,"医院名称：永定镇社区卫生服务中心石门营新区社区卫生服务站,产品名称：骨松宝颗粒,商品名：无,剂型：颗粒剂,规格：5g,生产企业：贵州富华药业有限责任公司,配送企业：,订购数量：0,批准文号：国药准字Z52020005",,,骨松宝颗粒,0.0,,False,True,pydantic_direct
matched_row_1567,1567,call_785097d7eb424c74,"医院名称：中国民用航空总医院,产品名称：拉西地平,商品名：乐息平,剂型：薄膜衣片,规格：4mg,生产企业：西班牙葛兰素威康GLAXO WELLCOME,S.A.,配送企业：,订购数量：0,批准文号：H20140294",,,拉西地平,0.0,,False,True,pydantic_direct
matched_row_1568,1568,call_5a32ed6dcede476d,"医院名称：北京市丰台区马家堡社区卫生服务中心,产品名称：牛黄上清胶囊,商品名：无,剂型：胶囊剂,规格：0.3g,生产企业：江西康恩贝中药有限公司,配送企业：,订购数量：100,批准文号：国药准字Z10960013",,,牛黄上清胶囊,100.0,,False,True,pydantic_direct
matched_row_1569,1569,call_bedd211c1dda4402,"医院名称：北京市门头沟区医院,产品名称：聚乙二醇4000,商品名：无,剂型：散剂,规格：10g,生产企业：马应龙药业集团股份有限公司,配送企业：,订购数量：0,批准文号：国药准字H20080092",,,聚乙二醇4000,0.0,,False,True,pydantic_direct
matched_row_1570,1570,call_7b608d924d794221,"医院名称：北京市朝阳区东坝地区单店社区卫生服务站,产品名称：颈舒颗粒,商品名：无,剂型：颗粒剂,规格：6g,生产企业：国药集团精方(安徽)药业股份有限公司,配送企业：,订购数量：0,批准文号：国药准字Z20010153",,,颈舒颗粒,0.0,,False,True,pydantic_direct
matched_row_1571,1571,call_da3598b790984836,"医院名称：北京市顺义区牛栏山社区卫生服务中心木林院区,产品名称：羟苯磺酸钙,商品名：无,剂型：分散片,规格：0.25g,生产企业：江苏万高药业股份有限公司,配送企业：,订购数量：0,批准文号：国药准字H20080288",,,羟苯磺酸钙,0.0,,False,True,pydantic_direct
matched_row_1572,1572,call_cc99dd1aef034b3c,"医院名称：北京中医药大学东直门医院,产品名称：屈螺酮炔雌醇,商品名：优思明,剂型：薄膜衣片,规格：炔雌醇30μg,屈螺酮3mg,生产企业：德国Bayer Weimar GmbH & Co.KG(拜耳医药保健有限公司广州分公司分装),配送企业：,订购数量：0,批准文号：国药准字J20130120",,,屈螺酮炔雌醇,0.0,,False,True,pydantic_direct
matched_row_1573,1573,call_3297a6b020334c95,"医院名称：北京市朝阳区王四营地区孛罗营社区卫生服务站,产品名称：心元胶囊,商品名：无,剂型：胶囊剂,规格：0.3g,生产企业：吉泰安(四川)药业有限公司,配送企业：,订购数量：0,批准文号：国药准字Z10970090",,,心元胶囊,0.0,,False,True,pydantic_direct
matched_row_1574,1574,call_dada2a22051a4f51,"医院名称：北京市石景山区杨庄医院（北京市石景山区杨庄社区卫生服务站）,产品名称：振源胶囊,商品名：无,剂型：胶囊剂,规格：每粒装0.25g(含人参果总皂苷25mg),生产企业：吉林省集安益盛药业股份有限公司,配送企业：,订购数量：0,批准文号：国药准字Z22026091",,,振源胶囊,0.0,,False,True,pydantic_direct
matched_row_1575,1575,call_f7032c2372be44aa,"医院名称：北京市丰台区东铁营街道铁营社区卫生服务站,产品名称：小金片,商品名：无,剂型：素片,规格：0.36g,生产企业：太极集团重庆桐君阁药厂有限公司,配送企业：,订购数量：0,批准文号：国药准字Z20026801",,,小金片,0.0,,False,True,pydantic_direct
matched_row_1576,1576,call_e601e206767c4fc1,"医院名称：北京大学首钢医院,产品名称：三七通舒胶囊,商品名：无,剂型：肠溶胶囊,规格：0.2g,生产企业：成都泰合健康科技集团股份有限公司华神制药厂,配送企业：,订购数量：0,批准文号：国药准字Z20030109",,,三七通舒胶囊,0.0,,False,True,pydantic_direct
matched_row_1577,1577,call_9f24abd433444ea1,"医院名称：北京市朝阳区芍药居南社区卫生服务站,产品名称：异山梨酯,商品名：欣康,剂型：缓释片,规格：40mg,生产企业：鲁南贝特制药有限公司,配送企业：,订购数量：0,批准文号：国药准字H19991039",,,异山梨酯,0.0,,False,True,pydantic_direct
matched_row_1578,1578,call_361166c2070c4a98,"医院名称：北京大学首钢医院,产品名称：清热八味胶囊,商品名：无,剂型：胶囊剂,规格：0.3g,生产企业：内蒙古奥特奇蒙药股份有限公司金山蒙药厂,配送企业：,订购数量：0,批准文号：国药准字Z20063676",,,清热八味胶囊,0.0,,False,True,pydantic_direct
matched_row_1579,1579,call_f73e8ea72a6549e0,"医院名称：大兴区清源街道社区卫生服务中心海子角社区卫生服务站,产品名称：注射用血栓通,商品名：无,剂型：冻干粉针剂,规格：0.25g,生产企业：广西梧州制药(集团)股份有限公司,配送企业：,订购数量：0,批准文号：国药准字Z20025652",,,注射用血栓通,0.0,,False,True,pydantic_direct
matched_row_1580,1580,call_0b7a0c83965145e1,"医院名称：北京市朝阳区劲松街道劲松一区社区卫生服务站,产品名称：头孢呋辛酯,商品名：巴欣,剂型：薄膜衣片,规格：0.25g,生产企业：成都倍特药业股份有限公司,配送企业：,订购数量：0,批准文号：国药准字H20010026",,,头孢呋辛酯,0.0,,False,True,pydantic_direct
matched_row_1581,1581,call_75682d55321642a8,"医院名称：北京市朝阳区东坝地区高杨树社区卫生服务站,产品名称：百令胶囊,商品名：无,剂型：胶囊剂,规格：0.5g,生产企业：杭州中美华东制药有限公司,配送企业：,订购数量：0,批准文号：国药准字Z10910036",,,百令胶囊,0.0,,False,True,pydantic_direct
matched_row_1582,1582,call_1152a4dbf68f4b7e,"医院名称：北京市平谷区南独乐河镇社区卫生服务中心,产品名称：布地奈德福莫特罗,商品名：信必可都保,剂型：吸入剂,规格：(160μg/4.5μg)/吸×60,生产企业：瑞典阿斯利康AstraZeneca AB,配送企业：,订购数量：0,批准文号：",,,布地奈德福莫特罗,0.0,,False,True,pydantic_direct
matched_row_1583,1583,call_5c392e2efe294921,"医院名称：北京市朝阳区东湖街道南湖东园北社区卫生服务站,产品名称：,商品名：无,剂型：薄膜衣片,规格：10mg,生产企业：浙江京新药业股份有限公司,配送企业：,订购数量：0,批准文号：国药准字H20080483",,,药品,0.0,,False,True,pydantic_direct
matched_row_1584,1584,call_e2af7423374d4c7c,"医院名称：北京航星机器制造有限公司北京东城航星医院,产品名称：金果饮,商品名：无,剂型：合剂（含口服液）,规格：15ml,生产企业：江西济民可信药业有限公司,配送企业：,订购数量：0,批准文号：国药准字Z19993095",,,金果饮,0.0,,False,True,pydantic_direct
matched_row_1585,1585,call_74508f7e30c54981,"医院名称：北京市丰台区卢沟桥乡小瓦窑村社区卫生服务站,产品名称：氯吡格雷,商品名：泰嘉,剂型：薄膜衣片,规格：25mg,生产企业：深圳信立泰药业股份有限公司,配送企业：,订购数量：0,批准文号：国药准字H20000542",,,氯吡格雷,0.0,,False,True,pydantic_direct
matched_row_1586,1586,call_854650250277473e,"医院名称：北京市朝阳区呼家楼第二社区卫生服务中心,产品名称：复方鲜竹沥液,商品名：无,剂型：合剂（含口服液）,规格：20ml,生产企业：江西南昌济生制药有限责任公司,配送企业：,订购数量：0,批准文号：国药准字Z36020364",,,复方鲜竹沥液,0.0,,False,True,pydantic_direct
matched_row_1587,1587,call_71055cf8234e4550,"医院名称：北京市门头沟区雁翅镇社区卫生服务中心,产品名称：缬沙坦氨氯地平(Ⅰ),商品名：无,剂型：薄膜衣片,规格：缬沙坦80mg,氨氯地平5mg,生产企业：西班牙诺华Novartis Farmaceutica S.A.,配送企业：,订购数量：0,批准文号：H20100734",,,缬沙坦氨氯地平(Ⅰ),0.0,,False,True,pydantic_direct
matched_row_1588,1588,call_9082cbe3f22d4783,"医院名称：北京市通州区马驹桥镇马驹桥社区卫生服务中心,产品名称：克林霉素,商品名：无,剂型：冻干粉针剂,规格：0.15g,生产企业：重庆药友制药有限责任公司,配送企业：,订购数量：0,批准文号：国药准字H20030084",,,克林霉素,0.0,,False,True,pydantic_direct
matched_row_1589,1589,call_92ff0714a6dc4554,"医院名称：北京市大兴区黄村镇社区卫生服务中心,产品名称：六神丸,商品名：无,剂型：水丸,规格：30粒(3.125g/1000粒),生产企业：雷允上药业集团有限公司,配送企业：,订购数量：0,批准文号：国药准字Z32020481",,,六神丸,0.0,,False,True,pydantic_direct
matched_row_1590,1590,call_5937620a10ed4a26,"医院名称：中日友好医院,产品名称：氨溴特罗,商品名：易坦静,剂型：口服溶液剂,规格：100ml,生产企业：北京韩美药品有限公司,配送企业：,订购数量：0,批准文号：国药准字H20040317",,,氨溴特罗,0.0,,False,True,pydantic_direct
matched_row_1591,1591,call_38c70737d80a4964,"医院名称：北京老年医院,产品名称：伤科灵喷雾剂,商品名：无,剂型：喷雾剂,规格：70ml,生产企业：贵州恒霸药业有限责任公司,配送企业：,订购数量：0,批准文号：国药准字Z20025252",,,伤科灵喷雾剂,0.0,,False,True,pydantic_direct
matched_row_1592,1592,call_ebdb85c04a0441f2,"医院名称：北京朝阳急诊抢救中心,产品名称：左乙拉西坦,商品名：开浦兰,剂型：薄膜衣片,规格：0.25g,生产企业：比利时UCB Pharma S.A.(优时比(珠海)制药有限公司分装),配送企业：,订购数量：0,批准文号：国药准字J20160087",,,左乙拉西坦,0.0,,False,True,pydantic_direct
matched_row_1593,1593,call_473730998e064afa,"医院名称：北京市丰台区马家堡社区卫生服务中心,产品名称：消渴丸,商品名：无,剂型：浓缩丸,规格：52.5g,生产企业：广州白云山中一药业有限公司,配送企业：,订购数量：0,批准文号：国药准字Z44020045",,,消渴丸,0.0,,False,True,pydantic_direct
matched_row_1594,1594,call_e205c6bdc2d249c3,"医院名称：丰台区太平桥街道万泉寺社区卫生服务站,产品名称：甲钴胺,商品名：怡神保,剂型：糖衣片,规格：0.5mg,生产企业：华北制药股份有限公司,配送企业：,订购数量：0,批准文号：国药准字H20031126",,,甲钴胺,0.0,,False,True,pydantic_direct
matched_row_1595,1595,call_59e9797fd8054775,"医院名称：北京市海淀区上地社区卫生服务中心,产品名称：非洛地平,商品名：波依定,剂型：缓释片,规格：5mg,生产企业：阿斯利康制药有限公司,配送企业：,订购数量：0,批准文号：国药准字H20030415",,,非洛地平,0.0,,False,True,pydantic_direct
matched_row_1596,1596,call_88266f70759d40d3,"医院名称：北京市房山区韩村河岳各庄社区卫生服务站,产品名称：贝尼地平,商品名：无,剂型：薄膜衣片,规格：8mg,生产企业：山东华素制药有限公司,配送企业：,订购数量：0,批准文号：国药准字H20184009",,,贝尼地平,0.0,,False,True,pydantic_direct
matched_row_1597,1597,call_2d858fd9b01e4f13,"医院名称：航空总医院,产品名称：罗哌卡因,商品名：耐乐品,剂型：注射液,规格：10ml:75mg,生产企业：瑞典阿斯利康AstraZeneca AB,配送企业：,订购数量：0,批准文号：H20140764",,,罗哌卡因,0.0,,False,True,pydantic_direct
matched_row_1598,1598,call_79d63abf47954216,"医院名称：北京市房山区大石窝镇社区卫生服务中心,产品名称：安脑片,商品名：无,剂型：薄膜衣片,规格：0.5g,生产企业：哈尔滨蒲公英药业有限公司,配送企业：,订购数量：0,批准文号：国药准字Z23020125",,,安脑片,0.0,,False,True,pydantic_direct
matched_row_1599,1599,call_aeadfda9864c4fef,"医院名称：北京市西城区月坛街道三里河二区社区卫生服务站,产品名称：强力定眩片,商品名：无,剂型：糖衣片,规格：0.35g,生产企业：陕西汉王药业有限公司,配送企业：,订购数量：0,批准文号：国药准字Z61020139",,,强力定眩片,0.0,,False,True,pydantic_direct
matched_row_1600,1600,call_3049f22396374836,"医院名称：北京市朝阳区王四营社区卫生服务中心,产品名称：清热八味胶囊,商品名：无,剂型：胶囊剂,规格：0.3g,生产企业：内蒙古奥特奇蒙药股份有限公司金山蒙药厂,配送企业：,订购数量：0,批准文号：国药准字Z20063676",,,清热八味胶囊,0.0,,False,True,pydantic_direct
matched_row_1601,1601,call_222fb1b7fff24325,"医院名称：平谷区东高村镇社区卫生服务中心曹家庄社区卫生服务站,产品名称：替米沙坦,商品名：无,剂型：素片,规格：80mg,生产企业：苏州东瑞制药有限公司,配送企业：,订购数量：0,批准文号：国药准字H20070149",,,替米沙坦,0.0,,False,True,pydantic_direct
matched_row_1602,1602,call_9165680bd3e641e5,"医院名称：北京中医药大学东直门医院,产品名称：硼替佐米,商品名：万珂,剂型：冻干粉针剂,规格：3.5mg,生产企业：意大利BSP Pharmaceuticals S.r.l.(西安杨森制药有限公司分装),配送企业：,订购数量：0,批准文号：国药准字J20120055",,,硼替佐米,0.0,,False,True,pydantic_direct
matched_row_1603,1603,call_98b45f5a0b1645ed,"医院名称：兴寿社区卫生服务中心,产品名称：沙美特罗替卡松,商品名：舒利迭,剂型：吸入剂,规格：(50μg/250μg)/泡×60,生产企业：法国Glaxo Wellcome Production,配送企业：,订购数量：0,批准文号：H20140164",,,沙美特罗替卡松,0.0,,False,True,pydantic_direct
matched_row_1604,1604,call_348712cfc54245f6,"医院名称：北京市丰台区长辛店街道玉皇庄社区卫生服务站,产品名称：清热解毒口服液,商品名：无,剂型：合剂（含口服液）,规格：10ml,生产企业：神威药业集团有限公司,配送企业：,订购数量：0,批准文号：国药准字Z13020805",,,清热解毒口服液,0.0,,False,True,pydantic_direct
matched_row_1605,1605,call_bf95158bbd92468c,"医院名称：中国航天科技集团五院五〇一门诊部,产品名称：血塞通片,商品名：无,剂型：薄膜衣片,规格：每片重0.225g(含三七总皂苷0.1g),生产企业：昆药集团血塞通药业股份有限公司,配送企业：,订购数量：0,批准文号：国药准字Z53021343",,,血塞通片,0.0,,False,True,pydantic_direct
matched_row_1606,1606,call_9929f5f568cb496d,"医院名称：北京市朝阳区东坝地区东坝家园社区卫生服务站,产品名称：云南白药膏,商品名：无,剂型：橡胶膏剂,规格：6.5cm×10cm,生产企业：云南白药集团无锡药业有限公司,配送企业：,订购数量：0,批准文号：国药准字Z20073015",,,云南白药膏,0.0,,False,True,pydantic_direct
matched_row_1607,1607,call_8e6a647c53904c3d,"医院名称：首都医科大学附属北京潞河医院,产品名称：达沙替尼,商品名：无,剂型：薄膜衣片,规格：50mg,生产企业：正大天晴药业集团股份有限公司,配送企业：,订购数量：0,批准文号：国药准字H20133272",,,达沙替尼,0.0,,False,True,pydantic_direct
matched_row_1608,1608,call_42572b3e0257440d,"医院名称：北京市丰台区朱家坟社区卫生服务中心,产品名称：仙灵骨葆胶囊,商品名：无,剂型：胶囊剂,规格：0.5g,生产企业：国药集团同济堂(贵州)制药有限公司,配送企业：,订购数量：0,批准文号：国药准字Z20025337",,,仙灵骨葆胶囊,0.0,,False,True,pydantic_direct
matched_row_1609,1609,call_46316e64f0f84157,"医院名称：怀柔区龙山街道社区卫生服务中心青春苑社区卫生服务站,产品名称：阿卡波糖,商品名：拜唐苹,剂型：素片,规格：50mg,生产企业：拜耳医药保健有限公司,配送企业：,订购数量：0,批准文号：国药准字H19990205",,,阿卡波糖,0.0,,False,True,pydantic_direct
matched_row_1610,1610,call_ee013501544d4f79,"医院名称：北京联科中医肾病医院,产品名称：阿昔洛韦,商品名：无,剂型：素片,规格：0.1g,生产企业：珠海联邦制药股份有限公司中山分公司,配送企业：,订购数量：0,批准文号：国药准字H19983136",,,阿昔洛韦,0.0,,False,True,pydantic_direct
matched_row_1611,1611,call_2c82578b95a9419f,"医院名称：北京世纪兴华医院,产品名称：阿卡波糖,商品名：无,剂型：咀嚼片,规格：50mg,生产企业：杭州中美华东制药有限公司,配送企业：,订购数量：0,批准文号：国药准字H20150012",,,阿卡波糖,0.0,,False,True,pydantic_direct
matched_row_1612,1612,call_fe19e657216c45b9,"医院名称：北京市大兴区福提园养老院医务室,产品名称：乳酶生,商品名：无,剂型：素片,规格：0.15g,生产企业：桂林南药股份有限公司,配送企业：,订购数量：0,批准文号：国药准字H45020337",,,乳酶生,0.0,,False,True,pydantic_direct
matched_row_1613,1613,call_b18defa89c2841e2,"医院名称：北京市门头沟区永定镇社区卫生服务中心,产品名称：加味逍遥丸,商品名：无,剂型：水丸,规格：6g/100粒,生产企业：北京同仁堂科技发展股份有限公司制药厂,配送企业：,订购数量：0,批准文号：国药准字Z11020248",,,加味逍遥丸,0.0,,False,True,pydantic_direct
matched_row_1614,1614,call_969571250f5f4fde,"医院名称：北京京煤集团总医院机关医务室,产品名称：厄贝沙坦氢氯噻嗪,商品名：安博诺,剂型：薄膜衣片,规格：厄贝沙坦0.15g,氢氯噻嗪12.5mg,生产企业：法国赛诺菲Sanofi Winthrop Industries(赛诺菲(杭州)制药有限公司分装),配送企业：,订购数量：0,批准文号：国药准字J20130041",,,厄贝沙坦氢氯噻嗪,0.0,,False,True,pydantic_direct
matched_row_1615,1615,call_b7934d2170034c5a,"医院名称：北京市朝阳区东坝地区高杨树社区卫生服务站,产品名称：维生素C,商品名：无,剂型：素片,规格：0.1g,生产企业：山东新华制药股份有限公司,配送企业：,订购数量：0,批准文号：国药准字H37020378",,,维生素C,0.0,,False,True,pydantic_direct
matched_row_1616,1616,call_0e6061947d9240e6,"医院名称：北京市大兴区福提园养老院医务室,产品名称：哌拉西林钠舒巴坦钠,商品名：无,剂型：溶媒结晶粉针剂,规格：2.5g(2.0g/0.5g),生产企业：瑞阳制药有限公司,配送企业：,订购数量：0,批准文号：国药准字H20060431",,,哌拉西林钠舒巴坦钠,0.0,,False,True,pydantic_direct
matched_row_1617,1617,call_07a4eb3a16754e9e,"医院名称：北京市昌平区中医医院,产品名称：氯吡格雷,商品名：波立维,剂型：薄膜衣片,规格：75mg,生产企业：法国赛诺菲Sanofi Winthrop Industries(赛诺菲(杭州)制药有限公司分装),配送企业：,订购数量：0,批准文号：国药准字J20130083",,,氯吡格雷,0.0,,False,True,pydantic_direct
matched_row_1618,1618,call_7a355a82f90e42e8,"医院名称：北京市海淀区花园路街道金尚嘉园社区卫生服务站,产品名称：乳酸菌素,商品名：无,剂型：分散片,规格：0.2g,生产企业：杭州苏泊尔南洋药业有限公司,配送企业：,订购数量：0,批准文号：国药准字H20051128",,,乳酸菌素,0.0,,False,True,pydantic_direct
matched_row_1619,1619,call_9374ef0e820a469c,"医院名称：北京市朝阳区三里屯社区卫生服务中心,产品名称：,商品名：无,剂型：颗粒剂,规格：8g,生产企业：贵州威门药业股份有限公司,配送企业：,订购数量：0,批准文号：国药准字Z20163050",,,颗粒剂,0.0,,False,True,pydantic_direct
matched_row_1620,1620,call_6a67db90a7614df7,"医院名称：北京市房山区青龙湖镇社区卫生服务中心,产品名称：辛伐他汀,商品名：幸露,剂型：胶囊剂,规格：20mg,生产企业：山东鲁抗医药股份有限公司,配送企业：,订购数量：0,批准文号：国药准字H20040618",,,辛伐他汀,0.0,,False,True,pydantic_direct
matched_row_1621,1621,call_784810ee06cf4fe5,"医院名称：北京国都医院,产品名称：氨氯地平阿托伐他汀,商品名：无,剂型：薄膜衣片,规格：氨氯地平5mg,阿托伐他汀10mg,生产企业：德国Pfizer Manufacturing Deutschland GmbH（Betriebsstatte Freiburg）(瀚晖制药有限公司分装),配送企业：,订购数量：0,批准文号：国药准字J20171045",,,氨氯地平阿托伐他汀,0.0,,False,True,pydantic_direct
matched_row_1622,1622,call_3148c9f41ef746fa,"医院名称：北京大学首钢医院,产品名称：复方苁蓉益智胶囊,商品名：无,剂型：胶囊剂,规格：0.3g,生产企业：安徽誉隆亚东药业有限公司,配送企业：,订购数量：0,批准文号：国药准字Z20080047",,,复方苁蓉益智胶囊,0.0,,False,True,pydantic_direct
matched_row_1623,1623,call_1e2002b2836d4497,"医院名称：延庆区千家店镇社区卫生服务中心（花盆社区服务站),产品名称：坤宝丸,商品名：无,剂型：水蜜丸,规格：5g(10g/100粒),生产企业：北京同仁堂股份有限公司同仁堂制药厂,配送企业：,订购数量：0,批准文号：国药准字Z11020185",,,坤宝丸,0.0,,False,True,pydantic_direct
matched_row_1624,1624,call_fce73ec0e980413d,"医院名称：北京中医药大学附属护国寺中医医院,产品名称：玻璃酸,商品名：施沛特,剂型：注射液,规格：2ml:20mg,生产企业：山东博士伦福瑞达制药有限公司,配送企业：,订购数量：0,批准文号：国药准字H10960136",,,玻璃酸,0.0,,False,True,pydantic_direct
matched_row_1625,1625,call_e2ceb545f25c4526,"医院名称：北京六合医院,产品名称：铝碳酸镁,商品名：达喜,剂型：咀嚼片,规格：0.5g,生产企业：拜耳医药保健有限公司,配送企业：,订购数量：0,批准文号：国药准字H20013410",,,铝碳酸镁,0.0,,False,True,pydantic_direct
matched_row_1626,1626,call_3dc9693436614c57,"医院名称：北京王府中西医结合医院,产品名称：5-氨基水杨酸,商品名：莎尔福,剂型：肠溶片,规格：0.5g,生产企业：德国Losan Pharma GmbH,配送企业：,订购数量：0,批准文号：S201500125",,,5-氨基水杨酸,0.0,,False,True,pydantic_direct
matched_row_1627,1627,call_55d45d785a5b4ca4,"医院名称：首都医科大学附属北京朝阳医院,产品名称：玻璃酸钠,商品名：爱丽,剂型：滴眼剂,规格：5ml:5mg(0.1%),生产企业：日本参天制药株式会社能登工厂(Santen Pharmaceutical Co.,Ltd. Noto Plant),配送企业：,订购数量：0,批准文号：H20130583",,,玻璃酸钠,0.0,,False,True,pydantic_direct
matched_row_1628,1628,call_a6b44cd7275843b8,"医院名称：北京市朝阳区东坝社区卫生服务中心,产品名称：生血宝合剂,商品名：无,剂型：合剂（含口服液）,规格：100ml（无糖型）,生产企业：清华德人西安幸福制药有限公司,配送企业：,订购数量：0,批准文号：国药准字Z20050770",,,生血宝合剂,0.0,,False,True,pydantic_direct
matched_row_1629,1629,call_3238aaf163834b35,"医院名称：北京市朝阳区高碑店地区白家楼社区卫生服务站,产品名称：复方血栓通片,商品名：无,剂型：薄膜衣片,规格：0.35g,生产企业：广东众生药业股份有限公司,配送企业：,订购数量：0,批准文号：国药准字Z20060167",,,复方血栓通片,0.0,,False,True,pydantic_direct
matched_row_1630,1630,call_5f91449095e34c65,"医院名称：丰台区太平桥街道万泉寺社区卫生服务站,产品名称：半胱氨酸,商品名：易维适,剂型：胶囊剂,规格：0.2g,生产企业：广东人人康药业有限公司,配送企业：,订购数量：0,批准文号：国药准字H20000519",,,半胱氨酸,0.0,,False,True,pydantic_direct
matched_row_1631,1631,call_5ee0013962134d23,"医院名称：北京市朝阳区和平街街道胜古庄社区卫生服务站,产品名称：舒肝和胃丸,商品名：无,剂型：水蜜丸,规格：36g(20g/100丸),生产企业：北京同仁堂科技发展股份有限公司制药厂,配送企业：,订购数量：0,批准文号：国药准字Z11020071",,,舒肝和胃丸,0.0,,False,True,pydantic_direct
matched_row_1632,1632,call_18a8cd6d87c544dc,"医院名称：中国航天科技集团公司第五研究院第五〇二研究所门诊部,产品名称：莫匹罗星,商品名：百多邦,剂型：软膏剂,规格：5g:0.1g,生产企业：中美天津史克制药有限公司,配送企业：,订购数量：0,批准文号：国药准字H10930064",,,莫匹罗星,0.0,,False,True,pydantic_direct
matched_row_1633,1633,call_2216a87534f54aa6,"医院名称：北京市海淀区羊坊店社区卫生服务中心,产品名称：蒙脱石,商品名：无,剂型：散剂,规格：3g,生产企业：湖南华纳大药厂股份有限公司,配送企业：,订购数量：0,批准文号：国药准字H20093089",,,蒙脱石,0.0,,False,True,pydantic_direct
matched_row_1634,1634,call_6c27a02c5fce4dc3,"医院名称：北京市朝阳区小红门社区卫生服务中心,产品名称：复合维生素(含12种维生素和7种矿物质),商品名：爱乐维,剂型：薄膜衣片,规格：复方,生产企业：阿根廷Bayer S.A(拜耳医药保健有限公司启东分公司分装),配送企业：,订购数量：0,批准文号：国药准字J20140155",,,复合维生素(含12种维生素和7种矿物质),0.0,,False,True,pydantic_direct
matched_row_1635,1635,call_a9f9e703f92747d2,"医院名称：北京市房山区阎村镇社区卫生服务中心,产品名称：阿法骨化醇,商品名：无,剂型：软胶囊(胶丸),规格：0.25μg,生产企业：华润双鹤药业股份有限公司,配送企业：,订购数量：0,批准文号：国药准字H20074109",,,阿法骨化醇,0.0,,False,True,pydantic_direct
matched_row_1636,1636,call_af58f16c365d40c1,"医院名称：北京市昌平区南口社区卫生服务中心,产品名称：普伐他汀,商品名：富利他之,剂型：素片,规格：20mg,生产企业：瀚晖制药有限公司,配送企业：,订购数量：0,批准文号：国药准字H20050150",,,普伐他汀,0.0,,False,True,pydantic_direct
matched_row_1637,1637,call_d5989a71e00847d9,"医院名称：北京中医药大学东直门医院（通州院区）,产品名称：利多卡因,商品名：无,剂型：注射液,规格：5ml:0.1g,生产企业：上海禾丰制药有限公司,配送企业：,订购数量：0,批准文号：国药准字H20023777",,,利多卡因,0.0,,False,True,pydantic_direct
matched_row_1638,1638,call_e75297faf3a64ed9,"医院名称：北京市房山区韩村河镇社区卫生服务中心,产品名称：养阴清肺口服液,商品名：无,剂型：合剂（含口服液）,规格：10ml,生产企业：呼伦贝尔松鹿制药有限公司,配送企业：,订购数量：0,批准文号：国药准字Z10890016",,,养阴清肺口服液,0.0,,False,True,pydantic_direct
matched_row_1639,1639,call_5334b241031942c6,"医院名称：北京朝阳急诊抢救中心,产品名称：丙戊酸,商品名：德巴金,剂型：缓释片,规格：0.5g,生产企业：赛诺菲(杭州)制药有限公司,配送企业：,订购数量：0,批准文号：国药准字H20010595",,,丙戊酸,0.0,,False,True,pydantic_direct
matched_row_1640,1640,call_3e214593ef5a4b2d,"医院名称：北京市朝阳区麦子店街道农展南里社区卫生服务站,产品名称：小金片,商品名：无,剂型：素片,规格：0.36g,生产企业：太极集团重庆桐君阁药厂有限公司,配送企业：,订购数量：0,批准文号：国药准字Z20026801",,,小金片,0.0,,False,True,pydantic_direct
matched_row_1641,1641,call_0e803f01ba634bb8,"医院名称：昌平区沙河社区卫生服务中心白各庄社区卫生服务站,产品名称：布洛芬,商品名：贝乐芬,剂型：分散片,规格：0.2g,生产企业：赤峰维康生化制药有限公司,配送企业：,订购数量：0,批准文号：国药准字H20100189",,,布洛芬,0.0,,False,True,pydantic_direct
matched_row_1642,1642,call_182c920ac5b94a0c,"医院名称：北京市朝阳区劲松街道劲松一区社区卫生服务站,产品名称：琥珀酸亚铁,商品名：无,剂型：薄膜衣片,规格：0.1g,生产企业：成都奥邦药业有限公司,配送企业：,订购数量：0,批准文号：国药准字H20083003",,,琥珀酸亚铁,0.0,,False,True,pydantic_direct
matched_row_1643,1643,call_f2f6113b6f1c4731,"医院名称：永定镇社区卫生服务中心石门营新区社区卫生服务站,产品名称：麝香海马追风膏,商品名：无,剂型：贴膏剂,规格：8cm×13cm,生产企业：重庆希尔安药业有限公司,配送企业：,订购数量：0,批准文号：国药准字Z50020097",,,麝香海马追风膏,0.0,,False,True,pydantic_direct
matched_row_1644,1644,call_13ffba15f27d4903,"医院名称：首都医科大学附属北京儿童医院,产品名称：托吡酯,商品名：妥泰,剂型：胶囊剂,规格：25mg,生产企业：波多黎各Janssen ortho LLC,配送企业：,订购数量：0,批准文号：H20140023",,,托吡酯,0.0,,False,True,pydantic_direct
matched_row_1645,1645,call_0c9df6378c4a4141,"医院名称：门头沟区门城地区社区卫生服务中心永新社区卫生服务站,产品名称：黄连羊肝丸,商品名：无,剂型：蜜丸,规格：9g,生产企业：北京同仁堂股份有限公司同仁堂制药厂,配送企业：,订购数量：0,批准文号：国药准字Z11020230",,,黄连羊肝丸,0.0,,False,True,pydantic_direct
matched_row_1646,1646,call_0d329b99e458426c,"医院名称：北京市密云区医院,产品名称：维生素C,商品名：无,剂型：素片,规格：0.1g,生产企业：山东新华制药股份有限公司,配送企业：,订购数量：0,批准文号：国药准字H37020378",,,维生素C,0.0,,False,True,pydantic_direct
matched_row_1647,1647,call_0122c13052074912,"医院名称：门头沟区门城地区社区卫生服务中心向东社区卫生服务站,产品名称：阿托伐他汀,商品名：阿乐,剂型：薄膜衣片,规格：20mg,生产企业：北京嘉林药业股份有限公司,配送企业：,订购数量：0,批准文号：国药准字H20093819",,,阿托伐他汀,0.0,,False,True,pydantic_direct
matched_row_1648,1648,call_93e710a8b94048dc,"医院名称：沙河社区卫生服务中心,产品名称：通宣理肺胶囊,商品名：无,剂型：胶囊剂,规格：0.36g,生产企业：山东明仁福瑞达制药股份有限公司,配送企业：,订购数量：0,批准文号：国药准字Z10960087",,,通宣理肺胶囊,0.0,,False,True,pydantic_direct
matched_row_1649,1649,call_032270652b314836,"医院名称：北京中医药大学东直门医院,产品名称：硼酸,商品名：无,剂型：溶液剂,规格：250ml(3%),生产企业：上海运佳黄浦制药有限公司,配送企业：,订购数量：0,批准文号：国药准字H31022883",,,硼酸,0.0,,False,True,pydantic_direct
matched_row_1650,1650,call_69c0959749554d86,"医院名称：首都医科大学附属北京朝阳医院,产品名称：红霉素,商品名：无,剂型：眼膏剂,规格：2.5g:12.5mg(0.5%),生产企业：北京双吉制药有限公司,配送企业：,订购数量：0,批准文号：国药准字H11021270",,,红霉素,0.0,,False,True,pydantic_direct
matched_row_1651,1651,call_4d4306c51ba44b82,"医院名称：首都医科大学附属北京佑安医院,产品名称：金薯叶止血合剂,商品名：无,剂型：合剂（含口服液）,规格：10ml,生产企业：北京华美达药业有限公司,配送企业：,订购数量：0,批准文号：国药准字B20020440",,,金薯叶止血合剂,0.0,,False,True,pydantic_direct
matched_row_1652,1652,call_025f93a1d6d74cd3,"医院名称：北京市朝阳区东风社区卫生服务中心泛海分中心,产品名称：氧氟沙星,商品名：无,剂型：滴耳剂,规格：5ml:15mg,生产企业：浙江尖峰药业有限公司,配送企业：,订购数量：0,批准文号：国药准字H10950049",,,氧氟沙星,0.0,,False,True,pydantic_direct
matched_row_1653,1653,call_d95b5e5a61ae454a,"医院名称：北京市房山区燕山地区社区卫生服务中心,产品名称：小儿金翘颗粒,商品名：无,剂型：颗粒剂,规格：7.5g,生产企业：四川凯京制药有限公司,配送企业：,订购数量：0,批准文号：国药准字Z20000056",,,小儿金翘颗粒,0.0,,False,True,pydantic_direct
matched_row_1654,1654,call_09253133587d45f2,"医院名称：北京中医药大学附属护国寺中医医院,产品名称：蚓激酶,商品名：博洛克,剂型：肠溶胶囊,规格：60万IU,生产企业：江中药业股份有限公司,配送企业：,订购数量：0,批准文号：国药准字H20044080",,,蚓激酶,0.0,,False,True,pydantic_direct
matched_row_1655,1655,call_2b713e9c7cca4744,"医院名称：北京市朝阳区香河园街道西坝河中里社区卫生服务站,产品名称：精蛋白锌重组人胰岛素混合,商品名：优泌林70/30,剂型：注射用混悬剂,规格：3ml:300IU,生产企业：法国礼来(礼来苏州制药有限公司分装),配送企业：,订购数量：0,批准文号：国药准字J20170018",,,精蛋白锌重组人胰岛素混合,0.0,,False,True,pydantic_direct
matched_row_1656,1656,call_e74bef831c0a4fb0,"医院名称：北京市朝阳区东坝地区东坝家园社区卫生服务站,产品名称：参芍片,商品名：无,剂型：薄膜衣片,规格：0.3g,生产企业：保定天浩制药有限公司,配送企业：,订购数量：0,批准文号：国药准字Z10900015",,,参芍片,0.0,,False,True,pydantic_direct
matched_row_1657,1657,call_1d7123554bf84ddf,"医院名称：北京市朝阳区小关街道惠新苑社区卫生服务站,产品名称：异丙嗪,商品名：无,剂型：薄膜衣片,规格：猪胆粉62.5mg,盐酸异丙嗪6.25mg,生产企业：天津力生制药股份有限公司,配送企业：,订购数量：0,批准文号：国药准字H12020237",,,异丙嗪,0.0,,False,True,pydantic_direct
matched_row_1658,1658,call_dcdcf356ce3e4696,"医院名称：北京市朝阳区东坝地区高杨树社区卫生服务站,产品名称：孟鲁司特,商品名：无,剂型：薄膜衣片,规格：10mg,生产企业：青岛百洋制药有限公司,配送企业：,订购数量：0,批准文号：国药准字H20183239",,,孟鲁司特,0.0,,False,True,pydantic_direct
matched_row_1659,1659,call_fb3fe50a768746ba,"医院名称：北京市房山区妇幼保健院,产品名称：头孢地尼,商品名：希福尼,剂型：分散片,规格：50mg,生产企业：天津市中央药业有限公司,配送企业：,订购数量：0,批准文号：国药准字H20060980",,,头孢地尼,0.0,,False,True,pydantic_direct
matched_row_1660,1660,call_76671c1772854f84,"医院名称：北京市通州区梨园社区中心第四诊区,产品名称：瑞舒伐他汀钙,商品名：无,剂型：薄膜衣片,规格：5mg,生产企业：鲁南贝特制药有限公司,配送企业：,订购数量：0,批准文号：国药准字H20080240",,,瑞舒伐他汀钙,0.0,,False,True,pydantic_direct
matched_row_1661,1661,call_01219430538b43b0,"医院名称：北京中医药大学东方医院,产品名称：人血白蛋白,商品名：无,剂型：注射液,规格：10g(20%×50ml),生产企业：西班牙基立福公司Instituto Grifols,S.A.,配送企业：,订购数量：0,批准文号：S20140106",,,人血白蛋白,0.0,,False,True,pydantic_direct
matched_row_1662,1662,call_dc147cfe3acc40ac,"医院名称：北京市怀柔区庙城镇卫生院,产品名称：,商品名：无,剂型：薄膜衣片,规格：0.265g,生产企业：三门峡广宇生物制药有限公司,配送企业：,订购数量：0,批准文号：国药准字Z41021031",,,薄膜衣片,0.0,,False,True,pydantic_direct
matched_row_1663,1663,call_9ac160b446c24587,"医院名称：北京老年医院,产品名称：参芪扶正注射液,商品名：无,剂型：注射液,规格：250ml,生产企业：丽珠集团利民制药厂,配送企业：,订购数量：0,批准文号：国药准字Z19990065",,,参芪扶正注射液,0.0,,False,True,pydantic_direct
matched_row_1664,1664,call_ee3fe4036b254b3e,"医院名称：北京中医药大学东直门医院,产品名称：银杏叶胶囊,商品名：无,剂型：胶囊剂,规格：含总黄酮醇苷9.6mg、萜类内酯2.4mg,生产企业：上海信谊百路达药业有限公司,配送企业：,订购数量：0,批准文号：国药准字Z20010169",,,银杏叶胶囊,0.0,,False,True,pydantic_direct
matched_row_1665,1665,call_5f92a6741e904419,"医院名称：北京市朝阳区高碑店街道甘露园社区卫生服务站,产品名称：辛伐他汀,商品名：辛可,剂型：分散片,规格：10mg,生产企业：广州南新制药有限公司,配送企业：,订购数量：0,批准文号：国药准字H20010749",,,辛伐他汀,0.0,,False,True,pydantic_direct
matched_row_1666,1666,call_e20195ffd22f42c4,"医院名称：北京市顺义区法医院,产品名称：美托洛尔,商品名：倍他乐克,剂型：缓释片,规格：47.5mg,生产企业：瑞典阿斯利康AstraZeneca AB(阿斯利康制药分装),配送企业：,订购数量：0,批准文号：国药准字J20150044",,,美托洛尔,0.0,,False,True,pydantic_direct
matched_row_1667,1667,call_a64c82db6d1d4701,"医院名称：中国有色工程有限公司卫生站,产品名称：非那雄胺,商品名：保列治,剂型：薄膜衣片,规格：5mg,生产企业：波多黎各AIAC International Pharma LLC(杭州默沙东制药有限公司分装),配送企业：,订购数量：0,批准文号：国药准字J20120071",,,非那雄胺,0.0,,False,True,pydantic_direct
matched_row_1668,1668,call_c882ff9721e54e57,"医院名称：北京市昌平区沙河中西医结合医院,产品名称：对乙酰氨基酚,商品名：泰诺林,剂型：缓释片,规格：0.65g,生产企业：上海强生制药有限公司,配送企业：,订购数量：0,批准文号：国药准字H20010394",,,对乙酰氨基酚,0.0,,False,True,pydantic_direct
matched_row_1669,1669,call_7c9192e61353443f,"医院名称：北京市朝阳区东风社区卫生服务中心,产品名称：奥卡西平,商品名：曲莱,剂型：薄膜衣片,规格：0.3g,生产企业：意大利Novartis Farma S.p.A.,配送企业：,订购数量：0,批准文号：",,,奥卡西平,0.0,,False,True,pydantic_direct
matched_row_1670,1670,call_4caadba45a39480f,"医院名称：北京联科中医肾病医院,产品名称：津力达颗粒,商品名：无,剂型：颗粒剂,规格：每袋装9g,生产企业：石家庄以岭药业股份有限公司,配送企业：,订购数量：0,批准文号：国药准字Z20050845",,,津力达颗粒,0.0,,False,True,pydantic_direct
matched_row_1671,1671,call_793032d3fc3345be,"医院名称：北京中医药大学东直门医院,产品名称：罗哌卡因,商品名：耐乐品,剂型：注射液,规格：10ml:0.1g,生产企业：瑞典阿斯利康AstraZeneca AB,配送企业：,订购数量：0,批准文号：H20140763",,,罗哌卡因,0.0,,False,True,pydantic_direct
matched_row_1672,1672,call_610eb92519184e80,"医院名称：首都医科大学附属北京潞河医院,产品名称：阿司匹林,商品名：无,剂型：肠溶片,规格：0.1g,生产企业：意大利Bayer HealthCare Manufacturing S.r.L(拜耳医药保健有限公司分装),配送企业：,订购数量：0,批准文号：国药准字J20171021",,,阿司匹林,0.0,,False,True,pydantic_direct
matched_row_1673,1673,call_3bb7dbaf904f41d4,"医院名称：北京市朝阳区将台地区芳园里社区卫生服务站,产品名称：前列舒通胶囊,商品名：无,剂型：胶囊剂,规格：0.4g,生产企业：保定天浩制药有限公司,配送企业：,订购数量：0,批准文号：国药准字Z20027140",,,前列舒通胶囊,0.0,,False,True,pydantic_direct
matched_row_1674,1674,call_a5d8a77a830f42eb,"医院名称：北京中医药大学附属护国寺中医医院,产品名称：重组人胰岛素,商品名：优泌林,剂型：注射液,规格：3ml:300IU,生产企业：法国礼来(礼来苏州制药有限公司分装),配送企业：,订购数量：0,批准文号：国药准字J20170043",,,重组人胰岛素,0.0,,False,True,pydantic_direct
matched_row_1675,1675,call_006107c106bf4f8b,"医院名称：北京市崇文区富莱茵社区卫生服务站,产品名称：培元通脑胶囊,商品名：无,剂型：胶囊剂,规格：0.6g,生产企业：河南羚锐制药股份有限公司,配送企业：,订购数量：0,批准文号：国药准字Z20000022",,,培元通脑胶囊,0.0,,False,True,pydantic_direct
matched_row_1676,1676,call_a7d22be357c244cf,"医院名称：中日友好医院,产品名称：女珍颗粒,商品名：无,剂型：颗粒剂,规格：6g,生产企业：山东凤凰制药股份有限公司,配送企业：,订购数量：0,批准文号：国药准字Z20050205",,,女珍颗粒,0.0,,False,True,pydantic_direct
matched_row_1677,1677,call_6615542b6a194389,"医院名称：北京朝阳急诊抢救中心,产品名称：,商品名：无,剂型：注射液,规格：200ml:8g,生产企业：四川绵竹鸿基制药有限责任公司,配送企业：,订购数量：0,批准文号：国药准字H20055065",,,注射液,0.0,,False,True,pydantic_direct
matched_row_1678,1678,call_175653e5fede4e23,"医院名称：北京市朝阳区东风社区卫生服务中心,产品名称：厄贝沙坦氢氯噻嗪,商品名：安博诺,剂型：薄膜衣片,规格：厄贝沙坦0.15g,氢氯噻嗪12.5mg,生产企业：法国赛诺菲Sanofi Winthrop Industries(赛诺菲(杭州)制药有限公司分装),配送企业：,订购数量：0,批准文号：国药准字J20130041",,,厄贝沙坦氢氯噻嗪,0.0,,False,True,pydantic_direct
matched_row_1679,1679,call_827a3b6da1014ec1,"医院名称：北京工业大学医院,产品名称：杞菊地黄丸,商品名：无,剂型：浓缩丸,规格：3g/8丸,生产企业：北京同仁堂科技发展股份有限公司制药厂,配送企业：,订购数量：50,批准文号：国药准字Z19993069",,,杞菊地黄丸,50.0,,False,True,pydantic_direct
matched_row_1680,1680,call_e2471cc3807b4a8a,"医院名称：北京市朝阳区麦子店街道枣营北里社区卫生服务站,产品名称：荜铃胃痛颗粒,商品名：无,剂型：颗粒剂,规格：5g,生产企业：扬子江药业集团江苏制药股份有限公司,配送企业：,订购数量：0,批准文号：国药准字Z19990069",,,荜铃胃痛颗粒,0.0,,False,True,pydantic_direct
matched_row_1681,1681,call_74449e08905f4410,"医院名称：北京市朝阳区和平街街道小黄庄社区卫生服务站,产品名称：阿利沙坦酯,商品名：信立坦,剂型：薄膜衣片,规格：0.24g,生产企业：深圳信立泰药业股份有限公司,配送企业：,订购数量：0,批准文号：国药准字H20138002",,,阿利沙坦酯,0.0,,False,True,pydantic_direct
matched_row_1682,1682,call_d32a76992ddd4257,"医院名称：北京市宣武中医医院,产品名称：培元通脑胶囊,商品名：无,剂型：胶囊剂,规格：0.6g,生产企业：河南羚锐制药股份有限公司,配送企业：,订购数量：0,批准文号：国药准字Z20000022",,,培元通脑胶囊,0.0,,False,True,pydantic_direct
matched_row_1683,1683,call_e820d4f3a9b248c5,"医院名称：航空总医院,产品名称：头孢克洛,商品名：希刻劳,剂型：干混悬剂,规格：0.125g,生产企业：苏州西克罗制药有限公司,配送企业：,订购数量：0,批准文号：国药准字H10983028",,,头孢克洛,0.0,,False,True,pydantic_direct
matched_row_1684,1684,call_ea42ad6aa970400e,"医院名称：北京市顺义区城区卫生服务中心,产品名称：瑞格列奈,商品名：孚来迪,剂型：素片,规格：0.5mg,生产企业：江苏豪森药业集团有限公司,配送企业：,订购数量：0,批准文号：国药准字H20000362",,,瑞格列奈,0.0,,False,True,pydantic_direct
matched_row_1685,1685,call_347e6201b76b4780,"医院名称：阳坊社区卫生服务中心,产品名称：倍他司汀,商品名：无,剂型：注射液,规格：2ml:10mg,生产企业：石家庄四药有限公司,配送企业：,订购数量：0,批准文号：国药准字H20058319",,,倍他司汀,0.0,,False,True,pydantic_direct
matched_row_1686,1686,call_784add8e95a44f71,"医院名称：北京市朝阳区建外街道南郎家园社区卫生服务站,产品名称：盐酸伪麻黄碱/马来酸氯苯那敏,商品名：新康泰克,剂型：缓释胶囊,规格：盐酸伪麻黄碱90mg,马来酸氯苯那敏4mg,生产企业：中美天津史克制药有限公司,配送企业：,订购数量：0,批准文号：国药准字H20010430",,,盐酸伪麻黄碱/马来酸氯苯那敏,0.0,,False,True,pydantic_direct
matched_row_1687,1687,call_c7e22fe2f1f74007,"医院名称：门城地区社区卫生服务中心绮霞苑社区卫生服务站,产品名称：参松养心胶囊,商品名：无,剂型：胶囊剂,规格：0.4g,生产企业：北京以岭药业有限公司,配送企业：,订购数量：0,批准文号：国药准字Z20103032",,,参松养心胶囊,0.0,,False,True,pydantic_direct
matched_row_1688,1688,call_44dbd99524a941b6,"医院名称：北京市朝阳区三里屯社区卫生服务中心,产品名称：培哚普利,商品名：雅施达,剂型：素片,规格：4mg,生产企业：施维雅(天津)制药有限公司,配送企业：,订购数量：0,批准文号：国药准字H20034053",,,培哚普利,0.0,,False,True,pydantic_direct
matched_row_1689,1689,call_d0722adc85b44476,"医院名称：北京市房山区良乡医院,产品名称：阿奇霉素,商品名：其仙,剂型：冻干粉针剂,规格：0.125g(12.5万单位),生产企业：东北制药集团沈阳第一制药有限公司,配送企业：,订购数量：0,批准文号：国药准字H20000197",,,阿奇霉素,0.0,,False,True,pydantic_direct
matched_row_1690,1690,call_6cef5ed087714f88,"医院名称：北京市朝阳区常营地区民族家园社区卫生服务站,产品名称：氯沙坦,商品名：科素亚,剂型：薄膜衣片,规格：50mg,生产企业：英国Merck Sharp & Dohme Limited(杭州默沙东制药有限公司分装),配送企业：,订购数量：0,批准文号：国药准字J20130148",,,氯沙坦,0.0,,False,True,pydantic_direct
matched_row_1691,1691,call_619639ca6d2246ae,"医院名称：北京市和平里医院中药库,产品名称：感冒清热颗粒,商品名：无,剂型：颗粒剂,规格：12g,生产企业：北京同仁堂科技发展股份有限公司制药厂,配送企业：,订购数量：0,批准文号：国药准字Z11020361",,,感冒清热颗粒,0.0,,False,True,pydantic_direct
matched_row_1692,1692,call_4b43009226494d8e,"医院名称：北京市和平街街道十四区社区卫生服务站,产品名称：氯沙坦钾氢氯噻嗪,商品名：海捷亚,剂型：薄膜衣片,规格：氯沙坦钾50mg,氢氯噻嗪12.5mg,生产企业：英国Merck Sharp & Dohme Limited(杭州默沙东制药有限公司分装),配送企业：,订购数量：0,批准文号：国药准字J20130035",,,氯沙坦钾氢氯噻嗪,0.0,,False,True,pydantic_direct
matched_row_1693,1693,call_12ce4134252440c2,"医院名称：北京市朝阳区豆各庄社区卫生服务中心,产品名称：心元胶囊,商品名：无,剂型：胶囊剂,规格：0.3g,生产企业：吉泰安(四川)药业有限公司,配送企业：,订购数量：0,批准文号：国药准字Z10970090",,,心元胶囊,0.0,,False,True,pydantic_direct
matched_row_1694,1694,call_7e91696c9e0d40c5,"医院名称：北京市平谷区社区服务中心诊所,产品名称：坦索罗辛,商品名：齐索,剂型：缓释胶囊,规格：0.2mg,生产企业：浙江海力生制药有限公司,配送企业：,订购数量：0,批准文号：国药准字H20020623",,,坦索罗辛,0.0,,False,True,pydantic_direct
matched_row_1695,1695,call_df98fdcf64564aca,"医院名称：北京市朝阳区和平街街道胜古庄社区卫生服务站,产品名称：噻托溴铵,商品名：思力华,剂型：吸入剂,规格：18μg,生产企业：德国Boehringer Ingelheim Pharma GmbH & Co.KG,配送企业：,订购数量：0,批准文号：H20140933",,,噻托溴铵,0.0,,False,True,pydantic_direct
matched_row_1696,1696,call_271a609cc8ce4567,"医院名称：北京市朝阳区东坝地区高杨树社区卫生服务站,产品名称：风湿二十五味丸,商品名：无,剂型：水丸,规格：2g/10粒,生产企业：乌兰浩特中蒙制药有限公司,配送企业：,订购数量：0,批准文号：国药准字Z20063907",,,风湿二十五味丸,0.0,,False,True,pydantic_direct
matched_row_1697,1697,call_bbe348e8bd874c32,"医院名称：北京市房山区韩村河上中院社区卫生服务站,产品名称：复方南星止痛膏,商品名：无,剂型：橡胶膏剂,规格：10cm×13cm,生产企业：江苏康缘阳光药业有限公司,配送企业：,订购数量：0,批准文号：国药准字Z10970019",,,复方南星止痛膏,0.0,,False,True,pydantic_direct
matched_row_1698,1698,call_7fc5a96226dc4d63,"医院名称：房山区大石窝高庄社区卫生服务站,产品名称：复方阿胶浆,商品名：无,剂型：合剂（含口服液）,规格：20ml,生产企业：东阿阿胶股份有限公司,配送企业：,订购数量：0,批准文号：国药准字Z30721371",,,复方阿胶浆,0.0,,False,True,pydantic_direct
matched_row_1699,1699,call_aea95924947c4dd1,"医院名称：北京安达医院,产品名称：麝珠明目滴眼液,商品名：无,剂型：滴眼剂,规格：5ml:0.3g,生产企业：福建麝珠明股份有限公司,配送企业：,订购数量：0,批准文号：国药准字Z19990015",,,麝珠明目滴眼液,0.0,,False,True,pydantic_direct
matched_row_1700,1700,call_f07554f8d0f04d97,"医院名称：北京市平谷区金海湖镇社区卫生服务中心,产品名称：大活络胶囊,商品名：无,剂型：胶囊剂,规格：0.25g,生产企业：江西药都樟树制药有限公司,配送企业：,订购数量：0,批准文号：国药准字Z19990044",,,大活络胶囊,0.0,,False,True,pydantic_direct
matched_row_1701,1701,call_8f24ba965e374f88,"医院名称：北京市房山区韩村河镇东南章村卫生室,产品名称：银杏叶软胶囊,商品名：无,剂型：软胶囊(胶丸),规格：0.5g(相当于银杏叶提取物40mg),生产企业：石家庄市华新药业有限责任公司,配送企业：,订购数量：0,批准文号：国药准字Z20040082",,,银杏叶软胶囊,0.0,,False,True,pydantic_direct
matched_row_1702,1702,call_b948e63d5a244127,"医院名称：北京市延庆区四海镇社区卫生服务中心,产品名称：天麻钩藤颗粒,商品名：无,剂型：颗粒剂,规格：5g,生产企业：成都九芝堂金鼎药业有限公司,配送企业：,订购数量：0,批准文号：国药准字Z51021084",,,天麻钩藤颗粒,0.0,,False,True,pydantic_direct
matched_row_1703,1703,call_f2ddf054e3eb4a5e,"医院名称：北京市昌平区南口社区卫生服务中心,产品名称：速效救心丸,商品名：无,剂型：滴丸,规格：40mg,生产企业：天津中新药业集团股份有限公司第六中药厂,配送企业：,订购数量：0,批准文号：国药准字Z12020025",,,速效救心丸,0.0,,False,True,pydantic_direct
matched_row_1704,1704,call_842668e626e24242,"医院名称：首都医科大学附属北京同仁医院,产品名称：异甘草酸镁,商品名：天晴甘美,剂型：注射液,规格：10ml:50mg,生产企业：正大天晴药业集团股份有限公司,配送企业：,订购数量：0,批准文号：国药准字H20051942",,,异甘草酸镁,0.0,,False,True,pydantic_direct
matched_row_1705,1705,call_022491c4748e448b,"医院名称：北京同仁堂中医医院有限责任公司,产品名称：金喉健喷雾剂,商品名：无,剂型：喷雾剂,规格：20ml,生产企业：贵州宏宇药业有限公司,配送企业：,订购数量：0,批准文号：国药准字Z20025361",,,金喉健喷雾剂,0.0,,False,True,pydantic_direct
matched_row_1706,1706,call_f3697c2cd36c49c9,"医院名称：北京市大兴区亦庄镇社区卫生服务中心,产品名称：加味逍遥丸,商品名：无,剂型：水丸,规格：6g/100粒,生产企业：北京同仁堂科技发展股份有限公司制药厂,配送企业：,订购数量：0,批准文号：国药准字Z11020248",,,加味逍遥丸,0.0,,False,True,pydantic_direct
matched_row_1707,1707,call_9204b73a8281498b,"医院名称：北京市朝阳区东风社区卫生服务中心(石佛营西里),产品名称：甘精胰岛素,商品名：来得时,剂型：注射液,规格：3ml:300单位,生产企业：德国Sanofi-Aventis Deutschland GmbH(赛诺菲(北京)制药有限公司分装),配送企业：,订购数量：0,批准文号：国药准字J20140052",,,甘精胰岛素,0.0,,False,True,pydantic_direct
matched_row_1708,1708,call_926b1afc5253486e,"医院名称：北京市房山区窦店镇社区卫生服务中心,产品名称：,商品名：无,剂型：口服溶液剂,规格：15ml:10g(667mg/ml),生产企业：奥地利费森尤斯卡比股份有限公司Fresenius Kabi Austria GmbH,配送企业：,订购数量：60,批准文号：H20170152",,,口服溶液剂,60.0,,False,True,pydantic_direct
matched_row_1709,1709,call_9f5236c1981941a0,"项目编号 JX2020ZC00095 项目名称 广丰区公安局涉案铝锭一批整体转让成交公告 交易方式 招投标 受让方名称 王志军 转让标的评估值或账面净值 1,000,000元 人民币 成交金额 519,970元 人民币 成交日期 2020-06-16",,,涉案铝锭,,519970.0,False,True,pydantic_direct
matched_row_1710,1710,call_23f428d20416436f,"医院名称：广外街道车站西街社区卫生服务站,产品名称：八宝丹胶囊,商品名：无,剂型：胶囊剂,规格：0.3g,生产企业：厦门中药厂有限公司,配送企业：,订购数量：0,批准文号：国药准字Z10940006",,,八宝丹胶囊,0.0,,False,True,pydantic_direct
matched_row_1711,1711,call_750d360ce19d4714,"医院名称：北京市朝阳区豆各庄社区卫生服务中心,产品名称：蓝芩口服液,商品名：无,剂型：合剂（含口服液）,规格：10ml(相当于原药材21.2g),生产企业：扬子江药业集团有限公司,配送企业：,订购数量：100,批准文号：国药准字Z20063795",,,蓝芩口服液,100.0,,False,True,pydantic_direct
matched_row_1712,1712,call_1e58b7c47427491a,"医院名称：北京市平谷区东高村镇社区卫生服务中心,产品名称：50/50混合重组人胰岛素,商品名：甘舒霖50R,剂型：注射用混悬剂,规格：3ml:300IU,生产企业：通化东宝药业股份有限公司,配送企业：,订购数量：0,批准文号：国药准字S20083008",,,50/50混合重组人胰岛素,0.0,,False,True,pydantic_direct
matched_row_1713,1713,call_09b64ee2e90c4be2,"医院名称：北京市朝阳区常营社区卫生服务中心,产品名称：,商品名：无,剂型：咀嚼片,规格：0.5g,生产企业：广东华润顺峰药业有限公司,配送企业：,订购数量：0,批准文号：国药准字H20193054",,,药品,0.0,,False,True,pydantic_direct
matched_row_1714,1714,call_8017d71c7c504f44,"医院名称：首都医科大学附属北京潞河医院,产品名称：来曲唑,商品名：芙瑞,剂型：素片,规格：2.5mg,生产企业：江苏恒瑞医药股份有限公司,配送企业：,订购数量：0,批准文号：国药准字H19991001",,,来曲唑,0.0,,False,True,pydantic_direct
matched_row_1715,1715,call_80d5c381423b499b,"医院名称：北京市海淀区清河社区卫生服务中心,产品名称：桂枝茯苓丸,商品名：无,剂型：浓缩丸,规格：1.5g/10丸,生产企业：成都九芝堂金鼎药业有限公司,配送企业：,订购数量：0,批准文号：国药准字Z20027562",,,桂枝茯苓丸,0.0,,False,True,pydantic_direct
matched_row_1716,1716,call_5749bf3d22b843ce,"医院名称：北京市平谷区中医医院,产品名称：氨基葡萄糖,商品名：步迈新,剂型：素片,规格：0.24g,生产企业：四川新斯顿制药股份有限公司,配送企业：,订购数量：0,批准文号：国药准字H20051301",,,氨基葡萄糖,0.0,,False,True,pydantic_direct
matched_row_1717,1717,call_74a182fba2dd4d3f,"医院名称：中国中医科学院眼科医院,产品名称：奥布卡因,商品名：倍诺喜,剂型：滴眼剂,规格：20ml:80mg,生产企业：日本参天制药株式会社Santen Pharmaceutical Co.,Ltd(参天制药(中国)有限公司分装),配送企业：,订购数量：0,批准文号：国药准字J20160094",,,奥布卡因,0.0,,False,True,pydantic_direct
matched_row_1718,1718,call_f20c56a5f4224290,"医院名称：丰台区马家堡街道角门东里社区卫生服务站,产品名称：仙灵骨葆胶囊,商品名：无,剂型：胶囊剂,规格：0.5g,生产企业：国药集团同济堂(贵州)制药有限公司,配送企业：,订购数量：50,批准文号：国药准字Z20025337",,,仙灵骨葆胶囊,50.0,,False,True,pydantic_direct
matched_row_1719,1719,call_4edcf4753f7241ec,"医院名称：北京市顺义区牛栏山社区卫生服务中心木林院区,产品名称：二甲双胍,商品名：都乐宁,剂型：缓释片,规格：0.5g,生产企业：重庆康刻尔制药有限公司,配送企业：,订购数量：0,批准文号：国药准字H20052243",,,二甲双胍,0.0,,False,True,pydantic_direct
matched_row_1720,1720,call_0d26573dd91a4c3a,"医院名称：北京市海淀区玉渊潭乡敬老院医务室,产品名称：胰岛素,商品名：无,剂型：注射液,规格：3ml:300单位,生产企业：诺和诺德(中国)制药有限公司,配送企业：,订购数量：0,批准文号：国药准字S20153001",,,胰岛素,0.0,,False,True,pydantic_direct
matched_row_1721,1721,call_6ad576d1087b4976,"医院名称：北京市石景山区五里坨街道社区卫生服务中心,产品名称：肺力咳合剂,商品名：无,剂型：合剂（含口服液）,规格：150ml,生产企业：贵州健兴药业有限公司,配送企业：,订购数量：0,批准文号：国药准字Z20025136",,,肺力咳合剂,0.0,,False,True,pydantic_direct
matched_row_1722,1722,call_5948476795f14b88,"医院名称：北京中能建医院,产品名称：特布他林,商品名：博利康尼,剂型：雾化溶液剂,规格：2ml:5mg,生产企业：瑞典阿斯利康AstraZeneca AB,配送企业：,订购数量：0,批准文号：",,,特布他林,0.0,,False,True,pydantic_direct
matched_row_1723,1723,call_4332d7dc419b416c,"医院名称：北京市西城区陶然亭社区卫生服务中心,产品名称：仁青芒觉胶囊,商品名：无,剂型：胶囊剂,规格：0.25g,生产企业：甘肃佛阁藏药有限公司,配送企业：,订购数量：0,批准文号：国药准字Z20050177",,,仁青芒觉胶囊,0.0,,False,True,pydantic_direct
matched_row_1724,1724,call_2a2b255cffe54144,"医院名称：北京市西城区新街口街道西三条社区卫生服务站,产品名称：血府逐瘀口服液,商品名：无,剂型：合剂（含口服液）,规格：10ml,生产企业：山东宏济堂制药集团股份有限公司,配送企业：,订购数量：0,批准文号：国药准字Z20050033",,,血府逐瘀口服液,0.0,,False,True,pydantic_direct
matched_row_1725,1725,call_acb22360fd54465d,"医院名称：顺义区李桥社区卫生服务中心头二营社区卫生服务站,产品名称：比索洛尔,商品名：博苏,剂型：素片,规格：5mg,生产企业：北京华素制药股份有限公司,配送企业：,订购数量：0,批准文号：国药准字H10970082",,,比索洛尔,0.0,,False,True,pydantic_direct
matched_row_1726,1726,call_93bc3c5cbdeb4315,"医院名称：北京市门头沟区永定镇社区卫生服务中心,产品名称：颈痛颗粒,商品名：无,剂型：颗粒剂,规格：4g,生产企业：山东明仁福瑞达制药股份有限公司,配送企业：,订购数量：0,批准文号：国药准字Z19991024",,,颈痛颗粒,0.0,,False,True,pydantic_direct
matched_row_1727,1727,call_17fe3f38efbc4707,"医院名称：北京市海淀区青龙桥社区卫生服务中心,产品名称：清咽滴丸,商品名：无,剂型：滴丸,规格：20mg,生产企业：天津中新药业集团股份有限公司第六中药厂,配送企业：,订购数量：0,批准文号：国药准字Z10930004",,,清咽滴丸,0.0,,False,True,pydantic_direct
matched_row_1728,1728,call_1f99cfb1cf8546ef,"医院名称：首都医科大学附属北京同仁医院,产品名称：氯化钾,商品名：无,剂型：注射液,规格：10ml:1.5g,生产企业：中国大冢制药有限公司,配送企业：,订购数量：0,批准文号：国药准字H20053711",,,氯化钾,0.0,,False,True,pydantic_direct
matched_row_1729,1729,call_34dc1961f3854ec1,"医院名称：北京中医药大学第三附属医院,产品名称：清热散结胶囊,商品名：无,剂型：胶囊剂,规格：0.33g,生产企业：湖南天济草堂制药股份有限公司,配送企业：,订购数量：0,批准文号：国药准字Z20133038",,,清热散结胶囊,0.0,,False,True,pydantic_direct
matched_row_1730,1730,call_5393fe3273034681,"医院名称：北京市朝阳区东风社区卫生服务中心(石佛营西里),产品名称：乳杆菌活菌,商品名：定君生,剂型：胶囊剂,规格：0.25g,生产企业：内蒙古双奇药业股份有限公司,配送企业：,订购数量：0,批准文号：国药准字S20030005",,,乳杆菌活菌,0.0,,False,True,pydantic_direct
matched_row_1731,1731,call_70939c977d0c4e3b,"医院名称：北京市门头沟区军庄镇社区卫生服务中心,产品名称：牛黄降压丸,商品名：无,剂型：蜜丸,规格：1.6g,生产企业：北京同仁堂科技发展股份有限公司制药厂,配送企业：,订购数量：0,批准文号：国药准字Z11020199",,,牛黄降压丸,0.0,,False,True,pydantic_direct
matched_row_1732,1732,call_365144722c9b4b46,"医院名称：北京惠兰医院,产品名称：血栓心脉宁片,商品名：无,剂型：薄膜衣片,规格：0.4g,生产企业：吉林华康药业股份有限公司,配送企业：,订购数量：0,批准文号：国药准字Z20030145",,,血栓心脉宁片,0.0,,False,True,pydantic_direct
matched_row_1733,1733,call_0cf2434ff9004d6f,"医院名称：北京中医药大学东直门医院,产品名称：精蛋白锌重组赖脯胰岛素混和,商品名：优泌乐25,剂型：注射用混悬剂,规格：3ml:300单位,生产企业：意大利Eli Lilly Italia S.p.A.(礼来苏州制药有限公司分装),配送企业：,订购数量：0,批准文号：国药准字J20140145",,,精蛋白锌重组赖脯胰岛素混和,0.0,,False,True,pydantic_direct
matched_row_1734,1734,call_9927e117931b4ad4,"医院名称：北京市平谷区东高村镇社区卫生服务中心,产品名称：腰痛宁胶囊,商品名：无,剂型：胶囊剂,规格：0.3g,生产企业：颈复康药业集团有限公司,配送企业：,订购数量：0,批准文号：国药准字Z13020898",,,腰痛宁胶囊,0.0,,False,True,pydantic_direct
matched_row_1735,1735,call_047ae0a9a0864b1e,"医院名称：北京市房山区城关街道饶乐府社区卫生服务站,产品名称：格列喹酮,商品名：糖适平,剂型：素片,规格：30mg,生产企业：北京万辉双鹤药业有限责任公司,配送企业：,订购数量：0,批准文号：国药准字H10940258",,,格列喹酮,0.0,,False,True,pydantic_direct
matched_row_1736,1736,call_6a879847ab624369,"医院名称：首都医科大学附属北京潞河医院,产品名称：依帕司他,商品名：伊衡,剂型：薄膜衣片,规格：50mg,生产企业：山东达因海洋生物制药股份有限公司,配送企业：,订购数量：0,批准文号：国药准字H20050893",,,依帕司他,0.0,,False,True,pydantic_direct
matched_row_1737,1737,call_3c95a533d49644da,"医院名称：北京市海定区上地园区社区卫生服务中心,产品名称：速效救心丸,商品名：无,剂型：滴丸,规格：40mg,生产企业：天津中新药业集团股份有限公司第六中药厂,配送企业：,订购数量：0,批准文号：国药准字Z12020025",,,速效救心丸,0.0,,False,True,pydantic_direct
matched_row_1738,1738,call_5ca1318c54ce4546,"医院名称：北京市海淀区四季青镇常青园社区卫生服务站,产品名称：心元胶囊,商品名：无,剂型：胶囊剂,规格：0.3g,生产企业：吉泰安(四川)药业有限公司,配送企业：,订购数量：0,批准文号：国药准字Z10970090",,,心元胶囊,0.0,,False,True,pydantic_direct
matched_row_1739,1739,call_897f00508cae4a42,"医院名称：北京市昌平区南口镇陈庄村卫生室（兰永生）,产品名称：麻仁软胶囊,商品名：无,剂型：软胶囊(胶丸),规格：0.6g,生产企业：天津市中央药业有限公司,配送企业：,订购数量：0,批准文号：国药准字Z10940031",,,麻仁软胶囊,0.0,,False,True,pydantic_direct
matched_row_1740,1740,call_3c10a5cb4ab74fe6,"医院名称：北京市海淀区上地街道上地社区卫生服务站,产品名称：氨基葡萄糖,商品名：无,剂型：胶囊剂,规格：0.25g(以硫酸氨基葡萄糖计),生产企业：台湾永信药品工业股份有限公司台中幼狮厂,配送企业：,订购数量：0,批准文号：HC20130008",,,氨基葡萄糖,0.0,,False,True,pydantic_direct
matched_row_1741,1741,call_e9dcf3b4bf124f33,"医院名称：北京市朝阳区香河园社区卫生服务中心,产品名称：脑心通胶囊,商品名：无,剂型：胶囊剂,规格：0.4g,生产企业：陕西步长制药有限公司,配送企业：,订购数量：0,批准文号：国药准字Z20025001",,,脑心通胶囊,0.0,,False,True,pydantic_direct
matched_row_1742,1742,call_80ed7907cbc14e4c,"医院名称：北京市和平里医院,产品名称：口服补液盐Ⅱ,商品名：无,剂型：散剂,规格：5.125g,生产企业：西安安健药业有限公司,配送企业：,订购数量：0,批准文号：国药准字H20090205",,,口服补液盐Ⅱ,0.0,,False,True,pydantic_direct
matched_row_1743,1743,call_36abadba33bc44c4,"医院名称：北京东方石油化工有限公司有机化工厂卫生所,产品名称：二甲双胍,商品名：无,剂型：肠溶片,规格：0.25g,生产企业：北京利龄恒泰药业有限公司,配送企业：,订购数量：0,批准文号：国药准字H11021560",,,二甲双胍,0.0,,False,True,pydantic_direct
matched_row_1744,1744,call_fd7796442b324345,"医院名称：北京市昌平区南口社区卫生服务中心,产品名称：地衣芽孢杆菌活菌,商品名：整肠生,剂型：胶囊剂,规格：0.25g,生产企业：东北制药集团沈阳第一制药有限公司,配送企业：,订购数量：0,批准文号：国药准字S10950019",,,地衣芽孢杆菌活菌,0.0,,False,True,pydantic_direct
matched_row_1745,1745,call_faca9758851e4e8d,"医院名称：北京市朝阳区双桥医院,产品名称：精蛋白生物合成人胰岛素(预混50R),商品名：诺和灵50R,剂型：注射用混悬剂,规格：3ml:300IU,生产企业：诺和诺德(中国)制药有限公司,配送企业：,订购数量：0,批准文号：国药准字H20184041",,,精蛋白生物合成人胰岛素(预混50R),0.0,,False,True,pydantic_direct
matched_row_1746,1746,call_4c985bcfd5a54ede,"医院名称：北京市朝阳区香河园社区卫生服务中心,产品名称：地特胰岛素,商品名：诺和平,剂型：注射液,规格：3ml:300单位,生产企业：丹麦诺和诺德公司Novo Nordisk A/S(诺和诺德(中国)制药有限公司分装),配送企业：,订购数量：0,批准文号：国药准字J20140106",,,地特胰岛素,0.0,,False,True,pydantic_direct
matched_row_1747,1747,call_23568b2daa874f7f,"医院名称：北京市顺义区北石槽社区卫生服务中心,产品名称：板蓝根颗粒,商品名：无,剂型：颗粒剂,规格：5g(相当于饮片7g),生产企业：北京同仁堂科技发展股份有限公司制药厂,配送企业：,订购数量：0,批准文号：国药准字Z11020356",,,板蓝根颗粒,0.0,,False,True,pydantic_direct
matched_row_1748,1748,call_34088efd381d4ca2,"医院名称：北京市密云区医院,产品名称：注射用水,商品名：无,剂型：注射溶媒,规格：2ml,生产企业：石药银湖制药有限公司,配送企业：,订购数量：0,批准文号：国药准字H14024050",,,注射用水,0.0,,False,True,pydantic_direct
matched_row_1749,1749,call_a398736f5e71407e,"医院名称：北京市朝阳区小红门社区卫生服务中心,产品名称：利培酮,商品名：维思通,剂型：薄膜衣片,规格：1mg,生产企业：西安杨森制药有限公司,配送企业：,订购数量：0,批准文号：国药准字H20010309",,,利培酮,0.0,,False,True,pydantic_direct
matched_row_1750,1750,call_b7f4957708624e28,"医院名称：北京市平谷区东高村镇社区卫生服务中心,产品名称：固本咳喘胶囊,商品名：无,剂型：胶囊剂,规格：每粒装0.4g,生产企业：合肥今越制药有限公司,配送企业：,订购数量：0,批准文号：国药准字Z20070012",,,固本咳喘胶囊,0.0,,False,True,pydantic_direct
matched_row_1751,1751,call_b49867f4cb8945db,"医院名称：中国航天科工集团七三一医院,产品名称：乳酸钠林格,商品名：无,剂型：注射液,规格：500ml,生产企业：中国大冢制药有限公司,配送企业：,订购数量：0,批准文号：国药准字H12020009",,,乳酸钠林格,0.0,,False,True,pydantic_direct
matched_row_1752,1752,call_7d2b3fd8cd9b426f,"医院名称：房山区燕山羊耳峪北里社区卫生服务站,产品名称：,商品名：无,剂型：薄膜衣片,规格：0.4g,生产企业：四川国为制药有限公司,配送企业：,订购数量：0,批准文号：国药准字H20183530",,,薄膜衣片,0.0,,False,True,pydantic_direct
matched_row_1753,1753,call_c3f40ddaa3864eb7,"医院名称：北京市朝阳区高碑店地区兴隆家园社区卫生服务站,产品名称：比索洛尔,商品名：康忻,剂型：薄膜衣片,规格：5mg,生产企业：德国默克Merck KGaA（默克制药（江苏）有限公司分装）,配送企业：,订购数量：0,批准文号：国药准字J20170042",,,比索洛尔,0.0,,False,True,pydantic_direct
matched_row_1754,1754,call_b3a806db7e8548ea,"医院名称：北京市房山区韩村河西南章社区卫生服务站,产品名称：奥美拉唑,商品名：绅丽雨,剂型：肠溶片,规格：20mg,生产企业：北京太洋药业股份有限公司,配送企业：,订购数量：0,批准文号：国药准字H19990114",,,奥美拉唑,0.0,,False,True,pydantic_direct
matched_row_1755,1755,call_572e851b50994691,"医院名称：北京理工大学社区卫生服务中心,产品名称：麝香壮骨膏,商品名：无,剂型：橡胶膏剂,规格：8cm×13cm,生产企业：黄石卫生材料药业有限公司,配送企业：,订购数量：0,批准文号：国药准字Z42021305",,,麝香壮骨膏,0.0,,False,True,pydantic_direct
matched_row_1756,1756,call_62f2590293364f65,"医院名称：北京市通州区梨园镇半壁店社区卫生服务站,产品名称：更年安胶囊,商品名：无,剂型：胶囊剂,规格：0.3g,生产企业：山西华元医药生物技术有限公司,配送企业：,订购数量：0,批准文号：国药准字Z14021848",,,更年安胶囊,0.0,,False,True,pydantic_direct
matched_row_1757,1757,call_161c782b510544d9,"医院名称：北京市朝阳区和平街街道胜古庄社区卫生服务站,产品名称：铝碳酸镁,商品名：达喜,剂型：咀嚼片,规格：0.5g,生产企业：拜耳医药保健有限公司,配送企业：,订购数量：0,批准文号：国药准字H20013410",,,铝碳酸镁,0.0,,False,True,pydantic_direct
matched_row_1758,1758,call_404a085875494eab,"医院名称：北京市丰台区铁营医院,产品名称：强力枇杷露,商品名：无,剂型：糖浆剂,规格：250ml,生产企业：哈尔滨市康隆药业有限责任公司,配送企业：,订购数量：0,批准文号：国药准字Z23023220",,,强力枇杷露,0.0,,False,True,pydantic_direct
matched_row_1759,1759,call_d4a64ca71f8043ec,"医院名称：北京市大兴区庞各庄镇中心卫生院,产品名称：坎地沙坦酯,商品名：伲利安,剂型：胶囊剂,规格：4mg,生产企业：青岛黄海制药有限责任公司,配送企业：,订购数量：0,批准文号：国药准字H20051191",,,坎地沙坦酯,0.0,,False,True,pydantic_direct
matched_row_1760,1760,call_2998c3f071c24d1a,"医院名称：北京市通州区梨园社区中心第四诊区,产品名称：缬沙坦,商品名：穗悦,剂型：胶囊剂,规格：80mg,生产企业：华润赛科药业有限责任公司,配送企业：,订购数量：0,批准文号：国药准字H20030638",,,缬沙坦,0.0,,False,True,pydantic_direct
matched_row_1761,1761,call_a495f5e1fb754d05,"医院名称：北京京谷友好医院,产品名称：氨氯地平,商品名：无,剂型：素片,规格：5mg,生产企业：江苏黄河药业股份有限公司,配送企业：,订购数量：0,批准文号：国药准字H20083618",,,氨氯地平,0.0,,False,True,pydantic_direct
matched_row_1762,1762,call_8625d53681f843c9,"医院名称：北京中医药大学东直门医院,产品名称：甲氧氯普胺,商品名：无,剂型：注射液,规格：1ml:10mg,生产企业：开封制药(集团)有限公司,配送企业：,订购数量：0,批准文号：国药准字H41024089",,,甲氧氯普胺,0.0,,False,True,pydantic_direct
matched_row_1763,1763,call_81bc894946264afe,"医院名称：北京市通州区中医医院,产品名称：百安洗液,商品名：无,剂型：洗剂,规格：140ml,生产企业：国药集团致君(深圳)坪山制药有限公司,配送企业：,订购数量：0,批准文号：国药准字Z20090073",,,百安洗液,0.0,,False,True,pydantic_direct
matched_row_1764,1764,call_89129cf13e474c98,"医院名称：通州区梨园社区卫生服务中心分部,产品名称：阿昔莫司,商品名：益平,剂型：分散片,规格：0.25g,生产企业：鲁南贝特制药有限公司,配送企业：,订购数量：0,批准文号：国药准字H20060318",,,阿昔莫司,0.0,,False,True,pydantic_direct
matched_row_1765,1765,call_899dea999691428a,"医院名称：北京市西城区德胜街道裕中东里社区卫生服务站,产品名称：枣仁安神胶囊,商品名：无,剂型：胶囊剂,规格：0.45g,生产企业：国药集团同济堂(贵州)制药有限公司,配送企业：,订购数量：0,批准文号：国药准字Z20010033",,,枣仁安神胶囊,0.0,,False,True,pydantic_direct
matched_row_1766,1766,call_7ba0229a7cb04acb,"医院名称：平谷区东高村镇社区卫生服务中心西高村社区卫生服务站,产品名称：金乌骨通胶囊,商品名：无,剂型：胶囊剂,规格：0.5g,生产企业：贵州盛世龙方制药股份有限公司,配送企业：,订购数量：0,批准文号：国药准字Z20043621",,,金乌骨通胶囊,0.0,,False,True,pydantic_direct
matched_row_1767,1767,call_c5283db3572b4f33,"医院名称：北京市顺义区牛栏山社区卫生服务中心木林院区,产品名称：托拉塞米,商品名：特苏敏,剂型：素片,规格：10mg,生产企业：南京正科医药股份有限公司,配送企业：,订购数量：0,批准文号：国药准字H20052493",,,托拉塞米,0.0,,False,True,pydantic_direct
matched_row_1768,1768,call_a9093ccbb6b64218,"医院名称：北京市丰台区卢沟桥乡小屯村社区卫生服务站,产品名称：癣湿药水,商品名：无,剂型：搽剂,规格：40ml,生产企业：黑龙江天辰药业有限公司,配送企业：,订购数量：0,批准文号：国药准字Z20044219",,,癣湿药水,0.0,,False,True,pydantic_direct
matched_row_1769,1769,call_cff464c12f0d4602,"医院名称：北京京煤集团总医院,产品名称：温胃舒片,商品名：无,剂型：素片,规格：0.4g,生产企业：成都永康制药有限公司,配送企业：,订购数量：0,批准文号：国药准字Z20080677",,,温胃舒片,0.0,,False,True,pydantic_direct
matched_row_1770,1770,call_5bd13c394a8147f2,"医院名称：北京市和平里医院,产品名称：氯化钠,商品名：无,剂型：注射液,规格：250ml:2.25g(0.9%),生产企业：武汉滨湖双鹤药业有限责任公司,配送企业：,订购数量：0,批准文号：国药准字H42020475",,,氯化钠,0.0,,False,True,pydantic_direct
matched_row_1771,1771,call_ab78082a28894849,"医院名称：北京市密云区巨各庄镇社区卫生服务中心,产品名称：乌灵胶囊,商品名：无,剂型：胶囊剂,规格：0.33g,生产企业：浙江佐力药业股份有限公司,配送企业：,订购数量：0,批准文号：国药准字Z19990048",,,乌灵胶囊,0.0,,False,True,pydantic_direct
matched_row_1772,1772,call_90e6d91c3b634c28,"医院名称：永定镇社区卫生服务中心石门营新区社区卫生服务站,产品名称：头孢呋辛酯,商品名：巴欣,剂型：薄膜衣片,规格：0.25g,生产企业：成都倍特药业有限公司,配送企业：,订购数量：0,批准文号：国药准字H20010026",,,头孢呋辛酯,0.0,,False,True,pydantic_direct
matched_row_1773,1773,call_5e66dae6e4704aca,"医院名称：首都医科大学附属北京同仁医院,产品名称：蚓激酶,商品名：博洛克,剂型：肠溶胶囊,规格：60万IU,生产企业：江中药业股份有限公司,配送企业：,订购数量：0,批准文号：国药准字H20044080",,,蚓激酶,0.0,,False,True,pydantic_direct
matched_row_1774,1774,call_f6ef619e90e24a5a,"医院名称：北京市丰台区花乡社区卫生服务中心,产品名称：硝苯地平,商品名：拜新同,剂型：控释片,规格：30mg,生产企业：德国Bayer AG(拜耳医药保健有限公司分装),配送企业：,订购数量：0,批准文号：国药准字J20180025",,,硝苯地平,0.0,,False,True,pydantic_direct
matched_row_1775,1775,call_d3bbd8c27e694b7b,"医院名称：北京市延庆区四海镇社区卫生服务中心,产品名称：坦索罗辛,商品名：齐索,剂型：缓释胶囊,规格：0.2mg,生产企业：浙江海力生制药有限公司,配送企业：,订购数量：0,批准文号：国药准字H20020623",,,坦索罗辛,0.0,,False,True,pydantic_direct
matched_row_1776,1776,call_2ba23e74da4e4a85,"医院名称：北京燕化医院,产品名称：缬沙坦氢氯噻嗪,商品名：复欣,剂型：素片,规格：每片含:缬沙坦80mg与氢氯噻嗪12.5mg,生产企业：鲁南贝特制药有限公司,配送企业：,订购数量：0,批准文号：国药准字H20060578",,,缬沙坦氢氯噻嗪,0.0,,False,True,pydantic_direct
matched_row_1777,1777,call_5216ee3b6b884c53,"医院名称：门城地区社区卫生服务中心绮霞苑社区卫生服务站,产品名称：麻仁润肠丸,商品名：无,剂型：蜜丸,规格：6g,生产企业：山西华康药业股份有限公司,配送企业：,订购数量：0,批准文号：国药准字Z14020117",,,麻仁润肠丸,0.0,,False,True,pydantic_direct
matched_row_1778,1778,call_9199a1cf48374f98,"医院名称：中日友好医院,产品名称：长春西汀,商品名：润坦,剂型：注射液,规格：2ml:10mg,生产企业：河南润弘制药股份有限公司,配送企业：,订购数量：0,批准文号：国药准字H20010467",,,长春西汀,0.0,,False,True,pydantic_direct
matched_row_1779,1779,call_315792fbab60443e,"医院名称：北京马驹桥中医医院,产品名称：阿卡波糖,商品名：拜唐苹,剂型：素片,规格：50mg,生产企业：拜耳医药保健有限公司,配送企业：,订购数量：0,批准文号：国药准字H19990205",,,阿卡波糖,0.0,,False,True,pydantic_direct
matched_row_1780,1780,call_b35bec3d56264467,"医院名称：北京市石景山医院,产品名称：氨溴索,商品名：沐舒坦,剂型：注射液,规格：2ml:15mg,生产企业：西班牙勃林格殷格翰公司Boehringer Ingelheim Espana,S,A.(上海勃林格殷格翰药业有限公司分装),配送企业：,订购数量：0,批准文号：国药准字J20140032",,,氨溴索,0.0,,False,True,pydantic_direct
matched_row_1781,1781,call_4f6ff9bf58c441f1,"医院名称：中国医学科学院北京协和医院,产品名称：,商品名：无,剂型：薄膜衣片,规格：10mg,生产企业：浙江京新药业股份有限公司,配送企业：,订购数量：0,批准文号：国药准字H20080483",,,薄膜衣片,0.0,,False,True,pydantic_direct
matched_row_1782,1782,call_97d417d2b16a41c0,"医院名称：北京市昌平区汇仁医院,产品名称：同仁牛黄清心丸,商品名：无,剂型：蜜丸,规格：3g,生产企业：北京同仁堂股份有限公司同仁堂制药厂,配送企业：,订购数量：0,批准文号：国药准字Z11020025",,,同仁牛黄清心丸,0.0,,False,True,pydantic_direct
matched_row_1783,1783,call_c691eb97180b4156,"医院名称：北京市丰台区精神病防治院,产品名称：曲唑酮,商品名：舒绪,剂型：素片,规格：50mg,生产企业：沈阳福宁药业有限公司,配送企业：,订购数量：0,批准文号：国药准字H20050223",,,曲唑酮,0.0,,False,True,pydantic_direct
matched_row_1784,1784,call_da2552d0353e48d6,"医院名称：北京市朝阳区十八里店地区十八里店社区卫生服务站,产品名称：缬沙坦氢氯噻嗪,商品名：福坦,剂型：薄膜衣片,规格：每片含:缬沙坦80mg与氢氯噻嗪12.5mg,生产企业：陕西白鹿制药股份有限公司,配送企业：,订购数量：0,批准文号：国药准字H20050429",,,缬沙坦氢氯噻嗪,0.0,,False,True,pydantic_direct
matched_row_1785,1785,call_ecfd687c7a4f468d,"医院名称：北京朝阳急诊抢救中心,产品名称：氯丙嗪,商品名：无,剂型：注射液,规格：1ml:25mg,生产企业：上海禾丰制药有限公司,配送企业：,订购数量：0,批准文号：国药准字H31021060",,,氯丙嗪,0.0,,False,True,pydantic_direct
matched_row_1786,1786,call_23cc4b8f46d543ad,"医院名称：北京市朝阳区将台地区芳园里社区卫生服务站,产品名称：参芪降糖胶囊,商品名：无,剂型：胶囊剂,规格：0.35g,生产企业：河南羚锐制药股份有限公司,配送企业：,订购数量：0,批准文号：国药准字Z10970002",,,参芪降糖胶囊,0.0,,False,True,pydantic_direct
matched_row_1787,1787,call_7fe2c91c52f44776,"医院名称：北京市朝阳区香河园社区卫生服务中心,产品名称：卤米松单水合物,商品名：澳能,剂型：乳膏剂,规格：15g(1g:0.5mg),生产企业：香港澳美制药厂Bright Future Pharmaceuticals Factory,配送企业：,订购数量：0,批准文号：HC20100039",,,卤米松单水合物,0.0,,False,True,pydantic_direct
matched_row_1788,1788,call_669cced975bf4c91,"医院名称：北京市昌平区妇幼保健院,产品名称：坤宁口服液,商品名：无,剂型：合剂（含口服液）,规格：10ml,生产企业：荣昌制药(淄博)有限公司,配送企业：,订购数量：0,批准文号：国药准字Z20143004",,,坤宁口服液,0.0,,False,True,pydantic_direct
matched_row_1789,1789,call_b4b17c6505964b06,"医院名称：北京市海淀区聂各庄卫生院,产品名称：滑膜炎片,商品名：无,剂型：薄膜衣片,规格：0.6g,生产企业：河南省洛正药业有限责任公司,配送企业：,订购数量：0,批准文号：国药准字Z20090253",,,滑膜炎片,0.0,,False,True,pydantic_direct
matched_row_1790,1790,call_d0ba6fd0a8b24e31,"医院名称：北京市房山区城关街道顾册社区卫生服务站,产品名称：小建中胶囊,商品名：无,剂型：胶囊剂,规格：0.4g,生产企业：贵州太和制药有限公司,配送企业：,订购数量：0,批准文号：国药准字Z10960046",,,小建中胶囊,0.0,,False,True,pydantic_direct
matched_row_1791,1791,call_55b24246c70942b4,"医院名称：北京市朝阳区东坝社区卫生服务中心,产品名称：维生素B6,商品名：无,剂型：素片,规格：10mg,生产企业：天津力生制药股份有限公司,配送企业：,订购数量：0,批准文号：国药准字H12020170",,,维生素B6,0.0,,False,True,pydantic_direct
matched_row_1792,1792,call_5800cdabfb3c4171,"医院名称：北京市昌平区南口社区卫生服务中心,产品名称：尼麦角林,商品名：无,剂型：薄膜衣片,规格：10mg,生产企业：山东齐都药业有限公司,配送企业：,订购数量：0,批准文号：国药准字H20113418",,,尼麦角林,0.0,,False,True,pydantic_direct
matched_row_1793,1793,call_f68bdbf8753f4ba3,"医院名称：北京市朝阳区三里屯社区卫生服务中心,产品名称：左氧氟沙星,商品名：无,剂型：滴眼剂,规格：10ml:48.8mg(以左氧氟沙星计),生产企业：江苏汉晨药业有限公司,配送企业：,订购数量：0,批准文号：国药准字H20103148",,,左氧氟沙星,0.0,,False,True,pydantic_direct
matched_row_1794,1794,call_7452667b75024022,"医院名称：北京朝阳急诊抢救中心,产品名称：骨化三醇,商品名：溉纯,剂型：注射液,规格：1ml:1μg,生产企业：意大利Avara Liscate Pharmaceutical Services S.p.A.,配送企业：,订购数量：0,批准文号：H20140253",,,骨化三醇,0.0,,False,True,pydantic_direct
matched_row_1795,1795,call_5f627b6ed8974e94,"医院名称：阳坊社区卫生服务中心,产品名称：阿托伐他汀,商品名：立普妥,剂型：薄膜衣片,规格：20mg,生产企业：辉瑞制药有限公司,配送企业：,订购数量：0,批准文号：国药准字H20051408",,,阿托伐他汀 (立普妥),0.0,,False,True,pydantic_direct
matched_row_1796,1796,call_a12b6fc70a5441a4,"医院名称：北京市通州区永顺镇富河园社区卫生服务站,产品名称：维生素C,商品名：无,剂型：素片,规格：0.1g,生产企业：北京春风药业有限公司,配送企业：,订购数量：0,批准文号：国药准字H20053399",,,维生素C,0.0,,False,True,pydantic_direct
matched_row_1797,1797,call_e10657b3d60e430b,"医院名称：北京市东城区天坛社区卫生服务中心,产品名称：甲钴胺,商品名：弥可保,剂型：注射液,规格：1ml:0.5mg,生产企业：卫材(中国)药业有限公司,配送企业：,订购数量：0,批准文号：国药准字H20174048",,,甲钴胺,0.0,,False,True,pydantic_direct
matched_row_1798,1798,call_8c34a4399d874025,"医院名称：北京市朝阳区双井第二社区卫生服务中心,产品名称：瘀血痹胶囊,商品名：无,剂型：胶囊剂,规格：0.4g,生产企业：辽宁上药好护士药业(集团)有限公司,配送企业：,订购数量：0,批准文号：国药准字Z20044071",,,瘀血痹胶囊,0.0,,False,True,pydantic_direct
matched_row_1799,1799,call_bfcc1c60b30e4cfd,"医院名称：北京市朝阳区亚运村社区卫生服务中心,产品名称：复方双花片,商品名：无,剂型：薄膜衣片,规格：0.62g,生产企业：陕西康惠制药股份有限公司,配送企业：,订购数量：0,批准文号：国药准字Z19990062",,,复方双花片,0.0,,False,True,pydantic_direct
matched_row_1800,1800,call_24309ee61ada4b00,"医院名称：北京市丰台区右安门街道玉林社区卫生服务站,产品名称：洛索洛芬,商品名：无,剂型：贴剂,规格：50mg(7cm×10cm),生产企业：日本LEAD CHEMICAL CO ., LTD.(上海朝晖药业有限公司分装),配送企业：,订购数量：100,批准文号：国药准字J20150124",,,洛索洛芬,100.0,,False,True,pydantic_direct
matched_row_1801,1801,call_bb354afc832d47dc,"医院名称：北京市海淀区清河社区卫生服务中心,产品名称：甲硝唑,商品名：无,剂型：薄膜衣片,规格：0.2g,生产企业：远大医药(中国)有限公司,配送企业：,订购数量：0,批准文号：国药准字H42021947",,,甲硝唑,0.0,,False,True,pydantic_direct
matched_row_1802,1802,call_4d99534842bc4e43,"医院名称：北京市顺义区城区卫生服务中心,产品名称：异山梨酯,商品名：舒必莱特,剂型：软胶囊(胶丸),规格：10mg,生产企业：威海华新药业集团有限公司,配送企业：,订购数量：0,批准文号：国药准字H20000217",,,异山梨酯,0.0,,False,True,pydantic_direct
matched_row_1803,1803,call_dd4b0c2d14e643f2,"医院名称：北京市通州区新华医院,产品名称：复方头孢克洛,商品名：毕利,剂型：素片,规格：头孢克洛0.5g,溴己新16mg,生产企业：浙江巨泰药业有限公司,配送企业：,订购数量：0,批准文号：国药准字H20050768",,,复方头孢克洛,0.0,,False,True,pydantic_direct
matched_row_1804,1804,call_eea9a3032eee495b,"医院名称：北京邮电大学社区卫生服务中心,产品名称：贝那普利,商品名：洛汀新,剂型：薄膜衣片,规格：10mg,生产企业：北京诺华制药有限公司,配送企业：,订购数量：0,批准文号：国药准字H20030514",,,贝那普利,0.0,,False,True,pydantic_direct
matched_row_1805,1805,call_c52a83c4a37c43dd,"医院名称：首都医科大学附属北京朝阳医院,产品名称：兔抗人胸腺细胞免疫球蛋白,商品名：即复宁,剂型：粉针剂,规格：25mg,生产企业：法国Genzyme Polyclonals S.A.S.(赛诺菲(北京)制药有限公司分装),配送企业：,订购数量：0,批准文号：国药准字J20150136",,,兔抗人胸腺细胞免疫球蛋白,0.0,,False,True,pydantic_direct
matched_row_1806,1806,call_750728679e194f3d,"医院名称：北京世纪兴华医院,产品名称：补肾益脑丸,商品名：无,剂型：水丸,规格：2g/10丸,生产企业：牡丹江灵泰药业股份有限公司,配送企业：,订购数量：0,批准文号：国药准字Z20025764",,,补肾益脑丸,0.0,,False,True,pydantic_direct
matched_row_1807,1807,call_5410a4c3ca0c4bc4,"医院名称：北京市回民医院,产品名称：利奈唑胺,商品名：斯沃,剂型：薄膜衣片,规格：0.6g,生产企业：美国Pfizer Pharmaceuticals LLC(PPLLC),配送企业：,订购数量：0,批准文号：",,,利奈唑胺,0.0,,False,True,pydantic_direct
matched_row_1808,1808,call_800f6745e5d445e3,"医院名称：北京市房山区张坊镇社区卫生服务中心,产品名称：氨基葡萄糖,商品名：傲复力,剂型：胶囊剂,规格：0.25g(以硫酸氨基葡萄糖计),生产企业：山西同达药业有限公司,配送企业：,订购数量：0,批准文号：国药准字H20090316",,,氨基葡萄糖,0.0,,False,True,pydantic_direct
matched_row_1809,1809,call_a57b426dd98c480c,"医院名称：通州区梨园社区卫生服务中心分部,产品名称：双歧杆菌三联活菌,商品名：无,剂型：肠溶胶囊,规格：0.21g,生产企业：晋城海斯制药有限公司,配送企业：,订购数量：0,批准文号：国药准字S19993065",,,双歧杆菌三联活菌,0.0,,False,True,pydantic_direct
matched_row_1810,1810,call_39a8625b35094aa0,"医院名称：中国航天科技集团公司第五研究院第五〇二研究所门诊部,产品名称：妥布霉素,商品名：托百士,剂型：滴眼剂,规格：5ml:15mg(0.3%),生产企业：美国爱尔康眼药厂比利时分厂s.a. ALCON-COUVREUR n.v.,配送企业：,订购数量：0,批准文号：H20140811",,,妥布霉素,0.0,,False,True,pydantic_direct
matched_row_1811,1811,call_c7b3d519854c4d07,"医院名称：北京市通州区梨园镇梨园社区卫生服务中心,产品名称：三九胃泰颗粒,商品名：无,剂型：颗粒剂,规格：20g,生产企业：华润三九医药股份有限公司,配送企业：,订购数量：0,批准文号：国药准字Z44020705",,,三九胃泰颗粒,0.0,,False,True,pydantic_direct
matched_row_1812,1812,call_80c1edabc1ce4d04,"医院名称：北京中医药大学附属护国寺中医医院,产品名称：格列美脲,商品名：亚莫利,剂型：素片,规格：2mg,生产企业：赛诺菲(北京)制药有限公司,配送企业：,订购数量：720,批准文号：国药准字H20057672",,,格列美脲,720.0,,False,True,pydantic_direct
matched_row_1813,1813,call_b1a8f50ce4544687,"医院名称：北京市密云区医院,产品名称：茵栀黄口服液,商品名：无,剂型：合剂（含口服液）,规格：10ml(含黄芩苷0.4g),生产企业：北京华润高科天然药物有限公司,配送企业：,订购数量：0,批准文号：国药准字Z11020607",,,茵栀黄口服液,0.0,,False,True,pydantic_direct
matched_row_1814,1814,call_98ce69545c034140,"医院名称：北京市通州区妇幼保健院,产品名称：氯吡格雷,商品名：泰嘉,剂型：薄膜衣片,规格：75mg,生产企业：深圳信立泰药业股份有限公司,配送企业：,订购数量：0,批准文号：国药准字H20120035",,,氯吡格雷,0.0,,False,True,pydantic_direct
matched_row_1815,1815,call_1b7f5048ad7d42bf,"医院名称：北京中能建医院,产品名称：颈通颗粒,商品名：无,剂型：颗粒剂,规格：10g,生产企业：四川德峰药业有限公司,配送企业：,订购数量：0,批准文号：国药准字Z20025076",,,颈通颗粒,0.0,,False,True,pydantic_direct
matched_row_1816,1816,call_bc4c8115c38d455e,"医院名称：延庆区沈家营社区卫生服务中心,产品名称：小儿肺热咳喘口服液,商品名：无,剂型：合剂（含口服液）,规格：10ml,生产企业：黑龙江葵花药业股份有限公司,配送企业：,订购数量：0,批准文号：国药准字Z10950080",,,小儿肺热咳喘口服液,0.0,,False,True,pydantic_direct
matched_row_1817,1817,call_880bc492b2ef4aab,"医院名称：北京市朝阳区劲松社区卫生服务中心,产品名称：乐卡地平,商品名：再宁平,剂型：薄膜衣片,规格：20mg,生产企业：意大利Recordati S.P.A.,配送企业：,订购数量：0,批准文号：H20160257",,,乐卡地平,0.0,,False,True,pydantic_direct
matched_row_1818,1818,call_d7388775dec04c28,"医院名称：北京三诺健恒糖尿病医院有限责任公司,产品名称：恩格列净片,商品名：欧唐静,剂型：薄膜衣片,规格：10mg,生产企业：德国勃林格殷格翰公司Boehringer Ingelheim Pharma GmbH & Co. KG(上海勃林格殷格翰药业有限公司分装),配送企业：,订购数量：0,批准文号：国药准字J20171073",,,恩格列净片,0.0,,False,True,pydantic_direct
matched_row_1819,1819,call_9b6d42c3b8344d48,"医院名称：北京市朝阳区东坝地区红松园社区卫生服务站,产品名称：蓝芩口服液,商品名：无,剂型：合剂（含口服液）,规格：10ml(相当于原药材21.2g),生产企业：扬子江药业集团有限公司,配送企业：,订购数量：0,批准文号：国药准字Z20063795",,,蓝芩口服液,0.0,,False,True,pydantic_direct
matched_row_1820,1820,call_43eda04d6008437d,"医院名称：北京南郊肿瘤医院,产品名称：板蓝根颗粒,商品名：无,剂型：颗粒剂,规格：5g(相当于饮片7g),生产企业：北京同仁堂科技发展股份有限公司制药厂,配送企业：,订购数量：0,批准文号：国药准字Z11020356",,,板蓝根颗粒,0.0,,False,True,pydantic_direct
matched_row_1821,1821,call_8414e4405b764a51,"医院名称：怀柔区龙山街道社区卫生服务中心青春苑社区卫生服务站,产品名称：甲钴胺,商品名：弥可保,剂型：薄膜衣片,规格：0.5mg,生产企业：卫材(中国)药业有限公司,配送企业：,订购数量：0,批准文号：国药准字H20143107",,,甲钴胺,0.0,,False,True,pydantic_direct
matched_row_1822,1822,call_77d49230773f469d,"医院名称：平谷区东高村镇大庄户社区卫生服务站,产品名称：二甲双胍,商品名：格华止,剂型：薄膜衣片,规格：0.5g,生产企业：中美上海施贵宝制药有限公司,配送企业：,订购数量：0,批准文号：国药准字H20023370",,,二甲双胍,0.0,,False,True,pydantic_direct
matched_row_1823,1823,call_3ca170c438574034,"医院名称：北京市昌平区沙河中西医结合医院,产品名称：龙胆泻肝丸,商品名：无,剂型：水丸,规格：6g(6g/100粒),生产企业：北京同仁堂制药有限公司,配送企业：,订购数量：0,批准文号：国药准字Z11020653",,,龙胆泻肝丸,0.0,,False,True,pydantic_direct
matched_row_1824,1824,call_30066afc3b724862,"医院名称：北京市西城区德胜社区卫生服务中心,产品名称：叶酸,商品名：斯利安,剂型：素片,规格：0.4mg,生产企业：北京斯利安药业有限公司,配送企业：,订购数量：360,批准文号：国药准字H10970079",,,叶酸,360.0,,False,True,pydantic_direct
matched_row_1825,1825,call_c63f30b116ce4bfd,"医院名称：北京联科中医肾病医院,产品名称：葡萄糖,商品名：无,剂型：注射液,规格：100ml:5g(5%),生产企业：石家庄四药有限公司,配送企业：,订购数量：0,批准文号：国药准字H20033724",,,葡萄糖,0.0,,False,True,pydantic_direct
matched_row_1826,1826,call_2c38fcb666e34664,"医院名称：首都医科大学附属北京同仁医院,产品名称：羧甲司坦,商品名：无,剂型：口服溶液剂,规格：10ml:0.5g(5%),生产企业：北京诚济制药股份有限公司,配送企业：,订购数量：0,批准文号：国药准字H20044967",,,羧甲司坦,0.0,,False,True,pydantic_direct
matched_row_1827,1827,call_c7546f8b4ade40e8,"医院名称：北京市房山区韩村河西营社区卫生服务站,产品名称：阿卡波糖,商品名：卡博平,剂型：素片,规格：50mg,生产企业：杭州中美华东制药有限公司,配送企业：,订购数量：0,批准文号：国药准字H20020202",,,阿卡波糖,0.0,,False,True,pydantic_direct
matched_row_1828,1828,call_82efcf3f842843dc,"医院名称：首都医科大学附属北京同仁医院,产品名称：尼妥珠单抗,商品名：泰欣生,剂型：注射液,规格：10ml:50mg,生产企业：百泰生物药业有限公司,配送企业：,订购数量：0,批准文号：国药准字S20080001",,,尼妥珠单抗,0.0,,False,True,pydantic_direct
matched_row_1829,1829,call_725e68599f894299,"医院名称：北京市化工职业病防治院,产品名称：氟比洛芬,商品名：无,剂型：凝胶膏剂,规格：12g:40mg(13.6cm×10cm),生产企业：北京泰德制药股份有限公司,配送企业：,订购数量：0,批准文号：国药准字H20103549",,,氟比洛芬,0.0,,False,True,pydantic_direct
matched_row_1830,1830,call_a26539a7555d4084,"医院名称：北京市石景山医院,产品名称：维生素AD,商品名：伊可新,剂型：滴剂,规格：VA2000IU:VD700IU,生产企业：山东达因海洋生物制药股份有限公司,配送企业：,订购数量：0,批准文号：国药准字H37022974",,,维生素AD,0.0,,False,True,pydantic_direct
matched_row_1831,1831,call_89302d4c905f4be0,"医院名称：阳坊社区卫生服务中心,产品名称：氨基葡萄糖,商品名：九力,剂型：薄膜衣片,规格：0.75g,生产企业：江苏正大清江制药有限公司,配送企业：,订购数量：0,批准文号：国药准字H20060647",,,氨基葡萄糖,0.0,,False,True,pydantic_direct
matched_row_1832,1832,call_6a080ab543794e73,"医院名称：首都医科大学附属北京地坛医院,产品名称：重组人白介素-2(125Ala),商品名：欣吉尔,剂型：注射液,规格：20万IU,生产企业：北京双鹭药业股份有限公司,配送企业：,订购数量：0,批准文号：国药准字S20040020",,,重组人白介素-2(125Ala),0.0,,False,True,pydantic_direct
matched_row_1833,1833,call_3e622a73caa9413d,"医院名称：北京市朝阳区大屯街道慧忠北里社区卫生服务站,产品名称：心脑欣片,商品名：无,剂型：薄膜衣片,规格：0.5g,生产企业：湖北济安堂药业有限公司,配送企业：,订购数量：0,批准文号：国药准字Z20090228",,,心脑欣片,0.0,,False,True,pydantic_direct
matched_row_1834,1834,call_0e64e9aa96274662,"医院名称：航空总医院,产品名称：去氨加压素,商品名：弥凝,剂型：素片,规格：0.1mg,生产企业：辉凌国际制药(瑞士)有限公司Ferring International Center SA,配送企业：,订购数量：0,批准文号：H20140285",,,去氨加压素,0.0,,False,True,pydantic_direct
matched_row_1835,1835,call_0b26ed4c5af94cf2,"医院名称：北京工业大学医院,产品名称：代温灸膏,商品名：无,剂型：橡胶膏剂,规格：5cm×7cm,生产企业：湖南富兴飞鸽药业有限公司,配送企业：,订购数量：0,批准文号：国药准字Z43020966",,,代温灸膏,0.0,,False,True,pydantic_direct
matched_row_1836,1836,call_ef64f781bf5f4e21,"医院名称：房山区大石窝石窝社区卫生服务站,产品名称：奥美沙坦酯,商品名：兰沙,剂型：素片,规格：20mg,生产企业：北京福元医药股份有限公司,配送企业：,订购数量：0,批准文号：国药准字H20061312",,,奥美沙坦酯,0.0,,False,True,pydantic_direct
matched_row_1837,1837,call_e2a85d903dc1430b,"医院名称：北京同仁堂中医医院有限责任公司,产品名称：治伤软膏,商品名：无,剂型：软膏剂,规格：30g,生产企业：浙江优胜美特中药有限公司,配送企业：,订购数量：0,批准文号：国药准字Z20027559",,,治伤软膏,0.0,,False,True,pydantic_direct
matched_row_1838,1838,call_224e9f7a272f48e7,"医院名称：中国医学科学院肿瘤医院,产品名称：琥珀酰明胶,商品名：无,剂型：注射液,规格：500ml:20g,生产企业：贝朗医疗(苏州)有限公司,配送企业：,订购数量：0,批准文号：国药准字H20113119",,,琥珀酰明胶,0.0,,False,True,pydantic_direct
matched_row_1839,1839,call_e382ad67081d4ae3,"医院名称：北京市丰盛中医骨伤专科医院,产品名称：迈之灵片,商品名：无,剂型：糖衣片,规格：片芯重0.26g,生产企业：德国礼达大药厂,配送企业：,订购数量：0,批准文号：进口药品注证Z20140002",,,迈之灵片,0.0,,False,True,pydantic_direct
matched_row_1840,1840,call_d5cea5fa01fc471d,"医院名称：北京市昌平区南口社区卫生服务中心,产品名称：厄贝沙坦氢氯噻嗪,商品名：安博诺,剂型：薄膜衣片,规格：厄贝沙坦0.15g,氢氯噻嗪12.5mg,生产企业：法国赛诺菲Sanofi Winthrop Industries(赛诺菲(杭州)制药有限公司分装),配送企业：,订购数量：0,批准文号：国药准字J20130041",,,厄贝沙坦氢氯噻嗪,0.0,,False,True,pydantic_direct
matched_row_1841,1841,call_f722e1f569444350,"医院名称：北京市丰台区南苑医院,产品名称：氯沙坦,商品名：无,剂型：薄膜衣片,规格：0.1g,生产企业：浙江华海药业股份有限公司,配送企业：,订购数量：0,批准文号：国药准字H20143030",,,氯沙坦,0.0,,False,True,pydantic_direct
matched_row_1842,1842,call_f6e91797af174398,"医院名称：北京中医药大学附属护国寺中医医院,产品名称：格列喹酮,商品名：糖适平,剂型：素片,规格：30mg,生产企业：北京万辉双鹤药业有限责任公司,配送企业：,订购数量：0,批准文号：国药准字H10940258",,,格列喹酮,0.0,,False,True,pydantic_direct
matched_row_1843,1843,call_70e66cf5a08847da,"医院名称：首都医科大学附属北京中医医院,产品名称：摩罗丹,商品名：无,剂型：浓缩丸,规格：1.84g/16丸(相当于生药材4.5g),生产企业：邯郸制药股份有限公司,配送企业：,订购数量：0,批准文号：国药准字Z20090013",,,摩罗丹,0.0,,False,True,pydantic_direct
matched_row_1844,1844,call_6196682ba894435d,"医院名称：北京市密云区医院,产品名称：乳癖散结胶囊,商品名：无,剂型：胶囊剂,规格：0.53g,生产企业：陕西白鹿制药股份有限公司,配送企业：,订购数量：0,批准文号：国药准字Z20010010",,,乳癖散结胶囊,0.0,,False,True,pydantic_direct
matched_row_1845,1845,call_2baaba3fffd04823,"医院名称：北京市房山区韩村河五候社区卫生服务站,产品名称：愈风宁心片,商品名：无,剂型：薄膜衣片,规格：0.28g,生产企业：北京同仁堂科技发展股份有限公司制药厂,配送企业：,订购数量：0,批准文号：国药准字Z11020473",,,愈风宁心片,0.0,,False,True,pydantic_direct
matched_row_1846,1846,call_a3a2643e1fde4c06,"医院名称：北京中医药大学附属护国寺中医医院,产品名称：氨基葡萄糖,商品名：留普安,剂型：胶囊剂,规格：0.25g(以硫酸氨基葡萄糖计),生产企业：山西康宝生物制品股份有限公司,配送企业：,订购数量：0,批准文号：国药准字H20051760",,,氨基葡萄糖,0.0,,False,True,pydantic_direct
matched_row_1847,1847,call_20843730b2014f4f,"医院名称：北京市丰台区长辛店镇太子峪村社区卫生服务站,产品名称：替米沙坦氢氯噻嗪,商品名：无,剂型：胶囊剂,规格：替米沙坦40mg,氢氯噻嗪12.5mg,生产企业：上海双基药业有限公司,配送企业：,订购数量：0,批准文号：国药准字H20080208",,,替米沙坦氢氯噻嗪,0.0,,False,True,pydantic_direct
matched_row_1848,1848,call_ba23731b2b284633,"医院名称：北京市通州区台湖镇次渠社区卫生服务中心,产品名称：金蝉止痒胶囊,商品名：无,剂型：胶囊剂,规格：0.5g,生产企业：重庆希尔安药业有限公司,配送企业：,订购数量：0,批准文号：国药准字Z20090396",,,金蝉止痒胶囊,0.0,,False,True,pydantic_direct
matched_row_1849,1849,call_66f47a47ce064f31,"医院名称：北京市石景山区八宝山街道永乐第二社区卫生服务站,产品名称：上清片,商品名：无,剂型：糖衣片,规格：片芯重0.3g,生产企业：鞍山制药有限公司,配送企业：,订购数量：0,批准文号：国药准字Z20025369",,,上清片,0.0,,False,True,pydantic_direct
matched_row_1850,1850,call_a0ae1a088ba740c5,"医院名称：北京市朝阳区芍药居南社区卫生服务站,产品名称：,商品名：尔同舒,剂型：素片,规格：50mg,生产企业：宜昌东阳光长江药业股份有限公司,配送企业：,订购数量：0,批准文号：国药准字H20040348",,,尔同舒,0.0,,False,True,pydantic_direct
matched_row_1851,1851,call_4a738e0f7b514a64,"医院名称：北京市朝阳区东坝社区卫生服务中心,产品名称：羟苯磺酸钙,商品名：达士明,剂型：胶囊剂,规格：0.5g,生产企业：北京京丰制药集团有限公司,配送企业：,订购数量：0,批准文号：国药准字H20010795",,,羟苯磺酸钙,0.0,,False,True,pydantic_direct
matched_row_1852,1852,call_5e6884a967e94b80,"医院名称：北京太申祥和中医医院,产品名称：桉柠蒎,商品名：切诺,剂型：肠溶软胶囊(肠溶胶丸),规格：按桉柠蒎油计0.3g,生产企业：北京远大九和药业有限公司,配送企业：,订购数量：0,批准文号：国药准字H20052401",,,桉柠蒎,0.0,,False,True,pydantic_direct
matched_row_1853,1853,call_88e9bedcfcd74ad9,"医院名称：北京市朝阳区大屯街道慧忠北里社区卫生服务站,产品名称：清肝降压胶囊,商品名：无,剂型：胶囊剂,规格：0.5g,生产企业：北京洪天力药业有限公司,配送企业：,订购数量：0,批准文号：国药准字Z20093712",,,清肝降压胶囊,0.0,,False,True,pydantic_direct
matched_row_1854,1854,call_14e3b3bc8f8e48f6,"医院名称：首都医科大学附属北京安贞医院,产品名称：氮卓斯汀,商品名：敏奇,剂型：鼻用喷雾剂,规格：10ml:10mg,生产企业：贵州云峰药业有限公司,配送企业：,订购数量：0,批准文号：国药准字H20041039",,,氮卓斯汀,0.0,,False,True,pydantic_direct
matched_row_1855,1855,call_e7c3752538404b0a,"医院名称：门城地区社区卫生服务中心绮霞苑社区卫生服务站,产品名称：氨氯地平,商品名：压氏达,剂型：素片,规格：5mg,生产企业：华润赛科药业有限责任公司,配送企业：,订购数量：0,批准文号：国药准字H20010700",,,氨氯地平,0.0,,False,True,pydantic_direct
matched_row_1856,1856,call_0ef116bf5ae94011,"医院名称：北京市通州区中医医院,产品名称：十味龙胆花胶囊,商品名：无,剂型：胶囊剂,规格：0.45g,生产企业：西藏藏药集团股份有限公司,配送企业：,订购数量：0,批准文号：国药准字Z20010046",,,十味龙胆花胶囊,0.0,,False,True,pydantic_direct
matched_row_1857,1857,call_cdd6c7dcfdb84a8f,"医院名称：首都医科大学附属北京安贞医院,产品名称：乌司他丁,商品名：天普洛安,剂型：冻干粉针剂,规格：10万IU,生产企业：广东天普生化医药股份有限公司,配送企业：,订购数量：2000,批准文号：国药准字H19990134",,,乌司他丁,2000.0,,False,True,pydantic_direct
matched_row_1858,1858,call_e598a1a0455b4314,"医院名称：北京市房山区良乡镇黑古台社区卫生服务站,产品名称：二甲双胍,商品名：卜可,剂型：缓释片,规格：0.5g,生产企业：北京万辉双鹤药业有限责任公司,配送企业：,订购数量：0,批准文号：国药准字H20041986",,,二甲双胍,0.0,,False,True,pydantic_direct
matched_row_1859,1859,call_8846fbfd908442cf,"医院名称：北京市大兴区泰福春老年公寓医务室,产品名称：克林霉素磷酸酯,商品名：无,剂型：冻干粉针剂,规格：0.3g,生产企业：海南葫芦娃药业集团股份有限公司,配送企业：,订购数量：0,批准文号：国药准字H20103566",,,克林霉素磷酸酯,0.0,,False,True,pydantic_direct
matched_row_1860,1860,call_c71c19020bc240b0,"医院名称：北京安定门中医医院,产品名称：氟哌噻吨/美利曲辛,商品名：黛力新,剂型：糖衣片,规格：10.5mg(0.5mg/10mg),生产企业：丹麦灵北制药厂H.Lundbeck A/S,配送企业：,订购数量：0,批准文号：S20130013",,,氟哌噻吨/美利曲辛,0.0,,False,True,pydantic_direct
matched_row_1861,1861,call_16658956734c45cb,"医院名称：北京市朝阳区和平街社区卫生服务中心,产品名称：非布司他,商品名：无,剂型：素片,规格：40mg,生产企业：江苏万邦生化医药集团有限责任公司,配送企业：,订购数量：0,批准文号：国药准字H20130058",,,非布司他,0.0,,False,True,pydantic_direct
matched_row_1862,1862,call_59ebdf40822b4d43,"医院名称：北京市门头沟区医院,产品名称：地尔硫卓,商品名：合心爽,剂型：素片,规格：30mg,生产企业：天津田边制药有限公司,配送企业：,订购数量：0,批准文号：国药准字H12020126",,,地尔硫卓,0.0,,False,True,pydantic_direct
matched_row_1863,1863,call_e789a5c17fc345f4,"医院名称：房山区大石窝惠南庄社区卫生服务站,产品名称：阿莫西林克拉维酸钾,商品名：铿锵,剂型：分散片,规格：457mg(0.4g/57mg),生产企业：南京臣功制药股份有限公司,配送企业：,订购数量：0,批准文号：国药准字H20010738",,,阿莫西林克拉维酸钾,0.0,,False,True,pydantic_direct
matched_row_1864,1864,call_236e00d68d0642d5,"医院名称：公安部机关门诊部,产品名称：复合维生素B,商品名：无,剂型：素片,规格：复方,生产企业：天津力生制药股份有限公司,配送企业：,订购数量：0,批准文号：国药准字H12020233",,,复合维生素B,0.0,,False,True,pydantic_direct
matched_row_1865,1865,call_9094bb3b8fdc4c10,"医院名称：北京市大兴区黄村镇社区卫生服务中心,产品名称：格列吡嗪,商品名：无,剂型：素片,规格：5mg,生产企业：贵州圣济堂制药有限公司,配送企业：,订购数量：0,批准文号：国药准字H20003280",,,格列吡嗪,0.0,,False,True,pydantic_direct
matched_row_1866,1866,call_bdc801b3996a4046,"医院名称：北京市石景山区民族养老院医务室,产品名称：参苓白术胶囊,商品名：无,剂型：胶囊剂,规格：0.5g,生产企业：兰州和盛堂制药股份有限公司,配送企业：,订购数量：0,批准文号：国药准字Z62020023",,,参苓白术胶囊,0.0,,False,True,pydantic_direct
matched_row_1867,1867,call_a4d67bac9c834eb7,"医院名称：北京市朝阳区东坝地区高杨树社区卫生服务站,产品名称：拉西地平,商品名：司乐平,剂型：素片,规格：4mg,生产企业：哈药集团三精明水药业有限公司,配送企业：,订购数量：0,批准文号：国药准字H10980180",,,拉西地平,0.0,,False,True,pydantic_direct
matched_row_1868,1868,call_c92878f892b645e9,"医院名称：北京市大兴区旧宫医院,产品名称：银杏叶片,商品名：无,剂型：薄膜衣片,规格：每片重0.22g(含总黄酮醇苷19.2mg、萜类内酯4.8mg),生产企业：涿州东乐制药有限公司,配送企业：,订购数量：0,批准文号：国药准字Z20073208",,,银杏叶片,0.0,,False,True,pydantic_direct
matched_row_1869,1869,call_9a4cc5f916604189,"医院名称：北京市崇文区富莱茵社区卫生服务站,产品名称：牛黄降压丸,商品名：无,剂型：蜜丸,规格：1.6g,生产企业：北京同仁堂科技发展股份有限公司制药厂,配送企业：,订购数量：30,批准文号：国药准字Z11020199",,,牛黄降压丸,30.0,,False,True,pydantic_direct
matched_row_1870,1870,call_28dfd0d53b70465c,"医院名称：大兴区清源街道社区卫生服务中心福苑社区卫生服务站,产品名称：脉血康胶囊,商品名：无,剂型：肠溶胶囊,规格：0.25g,生产企业：重庆多普泰制药股份有限公司,配送企业：,订购数量：0,批准文号：国药准字Z10970056",,,脉血康胶囊,0.0,,False,True,pydantic_direct
matched_row_1871,1871,call_499f122d33eb4caa,"医院名称：北京市通州区梨园镇梨园社区卫生服务中心,产品名称：腺苷钴胺,商品名：无,剂型：冻干粉针剂,规格：0.5mg,生产企业：华润双鹤药业股份有限公司,配送企业：,订购数量：0,批准文号：国药准字H20003872",,,腺苷钴胺,0.0,,False,True,pydantic_direct
matched_row_1872,1872,call_4eb00f591a5f4a48,"医院名称：北京市密云区巨各庄镇社区卫生服务中心,产品名称：麻仁润肠软胶囊,商品名：无,剂型：软胶囊(胶丸),规格：0.5g,生产企业：北京同仁堂科技发展股份有限公司制药厂,配送企业：,订购数量：0,批准文号：国药准字Z10960074",,,麻仁润肠软胶囊,0.0,,False,True,pydantic_direct
matched_row_1873,1873,call_d9741ef4d4f749b6,"医院名称：北京市房山区韩村河西东社区卫生服务站,产品名称：杞菊地黄丸,商品名：无,剂型：蜜丸,规格：9g,生产企业：北京同仁堂科技发展股份有限公司制药厂,配送企业：,订购数量：0,批准文号：国药准字Z11020064",,,杞菊地黄丸,0.0,,False,True,pydantic_direct
matched_row_1874,1874,call_af9b1aa5eabb4b84,"医院名称：中国航天科技集团五院五〇一门诊部,产品名称：,商品名：无,剂型：薄膜衣片,规格：10mg,生产企业：齐鲁制药(海南)有限公司,配送企业：,订购数量：0,批准文号：国药准字H20193143",,,薄膜衣片,0.0,,False,True,pydantic_direct
matched_row_1875,1875,call_57990d04a9684bcf,"医院名称：北京城建大柳树门诊部,产品名称：舒肝和胃丸,商品名：无,剂型：蜜丸,规格：6g,生产企业：北京同仁堂科技发展股份有限公司制药厂,配送企业：,订购数量：0,批准文号：国药准字Z11020202",,,舒肝和胃丸,0.0,,False,True,pydantic_direct
matched_row_1876,1876,call_1451f229628f42df,"医院名称：北京市房山区韩村河镇社区卫生服务中心,产品名称：头孢呋辛酯,商品名：巴欣,剂型：薄膜衣片,规格：0.25g,生产企业：成都倍特药业有限公司,配送企业：,订购数量：0,批准文号：国药准字H20010026",,,头孢呋辛酯,0.0,,False,True,pydantic_direct
matched_row_1877,1877,call_74415e7b875d4e33,"医院名称：中国中医科学院望京医院,产品名称：蜜炼川贝枇杷膏,商品名：无,剂型：煎膏剂,规格：345g,生产企业：广州白云山潘高寿药业股份有限公司,配送企业：,订购数量：0,批准文号：国药准字Z44022396",,,蜜炼川贝枇杷膏,0.0,,False,True,pydantic_direct
matched_row_1878,1878,call_93cbbd911da34cdf,"医院名称：北京大学第一医院,产品名称：特立氟胺,商品名：奥巴捷,剂型：薄膜衣片,规格：14mg,生产企业：法国Sanofi Winthrop Industrie,配送企业：,订购数量：0,批准文号：H20180039",,,特立氟胺,0.0,,False,True,pydantic_direct
matched_row_1879,1879,call_8c19a363da64446c,"医院名称：房山区大石窝南河社区卫生服务站,产品名称：,商品名：无,剂型：胶囊剂,规格：0.45g,生产企业：广东一力罗定制药有限公司,配送企业：,订购数量：0,批准文号：国药准字Z20054346",,,胶囊剂,0.0,,False,True,pydantic_direct
matched_row_1880,1880,call_741d5804e03d433d,"医院名称：北京市朝阳区三里屯街道中纺里社区卫生服务站,产品名称：非那雄胺,商品名：保列治,剂型：薄膜衣片,规格：5mg,生产企业：波多黎各AIAC International Pharma LLC(杭州默沙东制药有限公司分装),配送企业：,订购数量：0,批准文号：国药准字J20120071",,,非那雄胺,0.0,,False,True,pydantic_direct
matched_row_1881,1881,call_8897825ca1144d28,"医院名称：北京市大兴区永华北里社区卫生服务站,产品名称：金水宝片,商品名：无,剂型：薄膜衣片,规格：0.42g(含发酵虫草菌粉0.25g),生产企业：江西济民可信药业有限公司,配送企业：,订购数量：0,批准文号：国药准字Z20163112",,,金水宝片,0.0,,False,True,pydantic_direct
matched_row_1882,1882,call_9d4dc60c87054189,"医院名称：北京市海淀区清河社区卫生服务中心,产品名称：桂附地黄胶囊,商品名：无,剂型：胶囊剂,规格：0.34g,生产企业：吉林省集安益盛药业股份有限公司,配送企业：,订购数量：0,批准文号：国药准字Z10970078",,,桂附地黄胶囊,0.0,,False,True,pydantic_direct
matched_row_1883,1883,call_6da91cc091cd4d90,"医院名称：丰台区和义街道和义西里社区卫生服务站,产品名称：口腔炎喷雾剂,商品名：无,剂型：喷雾剂,规格：25ml,生产企业：黑龙江天龙药业有限公司,配送企业：,订购数量：0,批准文号：国药准字Z20044198",,,口腔炎喷雾剂,0.0,,False,True,pydantic_direct
matched_row_1884,1884,call_9842ea4d9a75445d,"医院名称：北京市朝阳区劲松社区卫生服务中心,产品名称：玉泉胶囊,商品名：无,剂型：胶囊剂,规格：0.5g,生产企业：因科瑞斯药业(营口)有限公司,配送企业：,订购数量：0,批准文号：国药准字Z20090631",,,玉泉胶囊,0.0,,False,True,pydantic_direct
matched_row_1885,1885,call_46d532f3166a4666,"医院名称：通州区梨园社区卫生服务中心刘老公庄社区卫生服务站,产品名称：三九胃泰颗粒,商品名：无,剂型：颗粒剂,规格：20g,生产企业：华润三九医药股份有限公司,配送企业：,订购数量：0,批准文号：国药准字Z44020705",,,三九胃泰颗粒,0.0,,False,True,pydantic_direct
matched_row_1886,1886,call_580893b43b4343af,"医院名称：北京赛盛泰康企业管理服务有限公司门诊部,产品名称：牛黄上清丸,商品名：无,剂型：水蜜丸,规格：3.5g(3.5g/80丸)(体外培育牛黄),生产企业：国药集团中联药业有限公司,配送企业：,订购数量：0,批准文号：国药准字Z20023096",,,牛黄上清丸,0.0,,False,True,pydantic_direct
matched_row_1887,1887,call_f6440543436240d8,"医院名称：北京市第一中西医结合医院,产品名称：生物合成人胰岛素,商品名：诺和灵R,剂型：注射液,规格：3ml:300IU,生产企业：诺和诺德(中国)制药有限公司,配送企业：,订购数量：0,批准文号：国药准字H20174124",,,生物合成人胰岛素 (诺和灵R),0.0,,False,True,pydantic_direct
matched_row_1888,1888,call_2debc71032c34724,"医院名称：首都医科大学附属北京安贞医院,产品名称：四妙丸,商品名：无,剂型：水丸,规格：6g(1g/15粒),生产企业：吉林紫鑫药业股份有限公司,配送企业：,订购数量：0,批准文号：国药准字Z22024960",,,四妙丸,0.0,,False,True,pydantic_direct
matched_row_1889,1889,call_f5cd6664567c4ad0,"医院名称：北京京科银康中医医院,产品名称：间羟胺,商品名：无,剂型：注射液,规格：1ml:10mg(19mg),生产企业：北京市永康药业有限公司,配送企业：,订购数量：0,批准文号：国药准字H11020586",,,间羟胺,0.0,,False,True,pydantic_direct
matched_row_1890,1890,call_8912668f2924457a,"医院名称：怀柔区龙山街道社区卫生服务中心青春苑社区卫生服务站,产品名称：瑞舒伐他汀钙,商品名：可定,剂型：薄膜衣片,规格：10mg,生产企业：波多黎各IPR Pharmaceuticals, INC.(阿斯利康药业(中国)有限公司分装),配送企业：,订购数量：0,批准文号：国药准字J20170008",,,瑞舒伐他汀钙,0.0,,False,True,pydantic_direct
matched_row_1891,1891,call_aa5d863638fb4b06,"医院名称：门城地区社区卫生服务中心绮霞苑社区卫生服务站,产品名称：血塞通软胶囊,商品名：无,剂型：软胶囊(胶丸),规格：0.1g,生产企业：昆药集团股份有限公司,配送企业：,订购数量：0,批准文号：国药准字Z20040016",,,血塞通软胶囊,0.0,,False,True,pydantic_direct
matched_row_1892,1892,call_a44bdd1ea0bb4e13,"医院名称：北京市海淀区青龙桥社区卫生服务中心,产品名称：加味逍遥丸,商品名：无,剂型：水丸,规格：6g/100粒,生产企业：北京同仁堂科技发展股份有限公司制药厂,配送企业：,订购数量：0,批准文号：国药准字Z11020248",,,加味逍遥丸,0.0,,False,True,pydantic_direct
matched_row_1893,1893,call_01d431373ac34ed9,"医院名称：北京市人民代表大会常务委员会机关医务室,产品名称：布地奈德,商品名：普米克令舒,剂型：吸入剂,规格：2ml:1mg,生产企业：澳大利亚阿斯利康AstraZeneca Pty Ltd,配送企业：,订购数量：0,批准文号：H20140475",,,布地奈德,0.0,,False,True,pydantic_direct
matched_row_1894,1894,call_b18dc7ea08f5464e,"医院名称：北京市门头沟区大台社区卫生服务中心,产品名称：福辛普利,商品名：蒙诺,剂型：素片,规格：10mg,生产企业：中美上海施贵宝制药有限公司,配送企业：,订购数量：0,批准文号：国药准字H19980197",,,福辛普利,0.0,,False,True,pydantic_direct
matched_row_1895,1895,call_a96a9b9bf02042e3,"医院名称：中国医学科学院肿瘤医院,产品名称：,商品名：达伯舒,剂型：注射液,规格：10ml:100mg,生产企业：信达生物制药（苏州）有限公司,配送企业：,订购数量：0,批准文号：国药准字S20180016",,,达伯舒 注射液,0.0,,False,True,pydantic_direct
matched_row_1896,1896,call_00a5719134f044c3,"医院名称：北京市房山区韩村河镇社区卫生服务中心,产品名称：羧甲司坦,商品名：无,剂型：口服溶液剂,规格：10ml:0.5g(5%),生产企业：广州白云山医药集团股份有限公司白云山制药总厂,配送企业：,订购数量：0,批准文号：国药准字H20073871",,,羧甲司坦,0.0,,False,True,pydantic_direct
matched_row_1897,1897,call_7f828cfea2f14698,"医院名称：北京市朝阳区三里屯社区卫生服务中心,产品名称：特拉唑嗪,商品名：泰乐,剂型：胶囊剂,规格：2mg,生产企业：扬子江药业集团江苏制药股份有限公司,配送企业：,订购数量：0,批准文号：国药准字H20000094",,,特拉唑嗪,0.0,,False,True,pydantic_direct
matched_row_1898,1898,call_45ede84267144a09,"医院名称：北京中医药大学东直门医院（通州院区）,产品名称：维生素C,商品名：无,剂型：素片,规格：0.1g,生产企业：山东新华制药股份有限公司,配送企业：,订购数量：0,批准文号：国药准字H37020378",,,维生素C,0.0,,False,True,pydantic_direct
matched_row_1899,1899,call_ece2a68bd13146d5,"医院名称：北京市房山区韩村河西营社区卫生服务站,产品名称：孟鲁司特,商品名：无,剂型：薄膜衣片,规格：10mg,生产企业：杭州民生滨江制药有限公司,配送企业：,订购数量：0,批准文号：国药准字H20183239",,,孟鲁司特,0.0,,False,True,pydantic_direct
matched_row_1900,1900,call_0cb243107f1c43fb,"医院名称：北京中医药大学东直门医院,产品名称：甲硝唑,商品名：无,剂型：薄膜衣片,规格：0.2g,生产企业：远大医药(中国)有限公司,配送企业：,订购数量：0,批准文号：国药准字H42021947",,,甲硝唑,0.0,,False,True,pydantic_direct
matched_row_1901,1901,call_9df73c0237b84ebd,公告正文 中标结果公告 一、项目编号:云鼎招字2020-06-03 二、项目名称：德宏州电子商务进农村综合示范项目州级统筹项目-A包 三、中标信息 供应商名称：成都蔚洋科技有限公司 供应商地址：成都市金牛区九里堤北路 40 号附 18 号 中标金额(万元)：128 四、主要标的信息 服务类 名称：德宏州电子商务进农村综合示范项目州级统筹项目-A包 服务范围：建立德宏州电子商务综合服务中心：（1）搭建线下电商服务支撑系统（体系）；（2）装修改造州统筹部分装修实施场地；（3）装修改造州级创客中心；（4）装修改造州级农特产品展示展销中心，州级农村电商人才培训；（5）电子商务进农村工作氛围营造。 服务要求：一次性通过国家绩效评价，项目建设要达到合格及以上标准。 服务时间：运营服务期限：三年（具体细节签订合同时约定）。 服务标准：一次性通过国家绩效评价，项目建设要达到合格及以上标准。 五、评审专家（单一来源采购人员）名单： 杨艳军（评标委员会主任）、李玉萍、寸会满、杨国祎、杨永明（采购人代表） 六、代理服务收费标准及金额： 收费标准：中标服务费依据“发改办价格〔2003〕857号”文的规定，由成交人向招标代理机构支付，中标服务费金额参照国家计委文件计价格[2002]1980号“国家计委关于印发《招标代理服务收费管理暂行办法》收取 金额：1.724万元 七、公告期限 自本公告发布之日起1个工作日。 八、其他补充事宜 无 九、凡对本次公告内容提出询问，请按以下方式联系。 1.采购人信息 名 称：德宏州商务局 地址：德宏傣族景颇族自治州芒市目瑙纵歌路2号 联系方式：0692-2217551 2.采购代理机构信息 名 称：云南鼎泰工程建设咨询有限公司 地址：云南省德宏州芒市营水路胶林小区5-1号 联系方式：18388277659 3.项目联系方式 项目联系人：赵碗琦 电 话：18388277659 公告概要 公告标题： 德宏州电子商务进农村综合示范项目州级统筹项目-A包 中标公告 更正公告： 公告类型： 公开招标公告邀请招标公告竞争性谈判公告竞争性磋商公告单一来源公告询价采购公告资格预审公告更正公告其他公告采购结果公告 结果公告类型： 中标公告 成交公告 终止公告 项目类型： 货物工程服务 收费标准： 中标服务费依据“发改办价格〔2003〕857号”文的规定，由成交人向招标代理机构支付，中标服务费金额参照国家计委文件计价格[2002]1980号“国家计委关于印发《招标代理服务收费管理暂行办法》收取 收费金额(万元)： 1.724 发布日期： 2020-07-09 公告有效时间： 至 机构项目编号： 云鼎招字2020-06-03 项目名称： 德宏州电子商务进农村综合示范项目州级统筹项目-A包 项目联系人： 赵碗琦 项目联系电话： 18388277659 采购人单位名称： 德宏州商务局 采购人地址： 德宏傣族景颇族自治州芒市目瑙纵歌路2号 采购人联系方式： 0692-2217551 代理机构： 云南鼎泰工程建设咨询有限公司 代理机构地址： 云南省德宏州芒市营水路胶林小区5-1号 代理机构联系方式： 18388277659 本项目招标公告日期： 2020-06-16 开标时间： 2020-07-07 09:00:00 中标日期/成交日期/废标、流标日期： 2020-07-07 入围价格： 128 价格调整规则： / 优惠条件： / 评标委员会/谈判小组、询价小组成员名单/单一来源采购人员名单： 杨艳军（评标委员会主任）、李玉萍、寸会满、杨国祎、杨永明（采购人代表） 资格审查日期： 资格审查地点： 提交资格申请及证明材料的截止时间： 供应商（或投标人）的资格要求简要说明： 招标项目基本概况、用途、采购需求、数量、简要技术要求： 1、采购内容：建立德宏州电子商务综合服务中心：（1）搭建线下电商服务支撑系统（体系）；（2）装修改造州统筹部分装修实施场地；（3）装修改造州级创客中心；（4）装修改造州级农特产品展示展销中心，州级农村电商人才培训；（5）电子商务进农村工作氛围营造。 采购项目预算金额(万元)： 投标截止时间/谈判响应文件递交截止时间/询价公告审查资质的时间： 开标时间/谈判时间/响应文件开启时间： 谈判文件起售时间/获取询价文件的开始时间： 谈判文件止售时间/获取询价文件的截止时间： 谈判响应文件递交地点/获取询价文件地点： 谈判响应文件开启时间： 采购项目需要落实的政府采购政策/采用单一来源采购方式的原因及相关说明/更正事项、内容： 审查标准、方法或者项目的名称、用途、数量、简要技术要求或招标项目的性质： null 响应文件递交开始时间： 响应文件递交结束时间： 谈判响应文件开启地点： 响应文件递交地点： 获取资格预审文件/招标文件/谈判文件/磋商文件开始时间或者询价公告报名开始时间： 获取资格预审文件/招标文件/谈判文件/磋商文件结束时间或者询价公告报名结束时间: 获取资格预审文件/招标文件/磋商文件或者询价公告审查资质的地点： 获取资格预审文件/招标文件/谈判文件/磋商文件/询价文件的方式： 招标文件/谈判文件/磋商文件/询价文件售价(元)： 拟定的唯一供应商名称: 开标地点/获取谈判文件地点/竞争性磋商响应文件开启地点/拟定的唯一供应商名称及其地址/报名地点： 拟采购的货物或者服务的说明/废标、流标的原因： null 首次公告日期： 更正日期： 原公告项目名称： 原公告的采购项目编号： 原公告地址： 采购品目名称： 其他系统集成实施服务;其他数据处理服务;其他专业技术服务; 行业划分： 其他互联网服务 其它补充事宜： 无 招标文件编号： 云鼎招字2020-06-03 采购人和评审专家的推荐意见： / 行政区域： 请选择省级昆明市曲靖市玉溪市保山市昭通市丽江市普洱市临沧市楚雄州红河州文山州版纳州大理州德宏州怒江州迪庆州滇中区 采购计划编号： 4533100JH202000255 添加供应商 中标供应/成交供应商名称 中标供应商/成交供应商联系地址 中标供应商/成交供应商中标金额(万元) 标的名称 服务范围 服务要求 服务时间 服务标准 总中标金额/总成交金额(万元)： 128 中标/成交标的名称、规格型号、数量、单价、服务要求： 1、建立德宏州电子商务综合服务中心：（1）搭建线下电商服务支撑系统（体系）；（2）装修改造州统筹部分装修实施场地；（3）装修改造州级创客中心；（4）装修改造州级农特产品展示展销中心，州级农村电商人才培训；（5）电子商务进农村工作氛围营造。服务要求：一次性通过国家绩效评价，项目建设要达到合格及以上标准。运营服务期限及项目完成时限：运营服务期限：三年（具体细节签订合同时约定） 是否需要紧急采购： 是 否 是否PPP项目社会资本合作者采购： 是 否 是否允许联合体： 是 否 是否限定社会资本数量： 是 否 是否采购本国货物和服务： 是 否 对社会资本参与采购活动和履约保证的担保要求： 是否是联合体： 是 否 组成单位名称： 限定社会资本方法及标准/中标社会资本法人/成交社会资本法人： 技术引进和转让要求/主要中标条件/主要成交条件： 项目授权主体名称/牵头单位名称： 采购结果确认谈判工作组成员名单： 点击次数： 32 档案类别 档案名称 上传时间 操作,,,德宏州电子商务进农村综合示范项目州级统筹项目-A包,,1280000.0,False,True,pydantic_direct
matched_row_1902,1902,call_034a62baf3054962,"医院名称：北京市门头沟区大台社区卫生服务中心,产品名称：杏贝止咳颗粒,商品名：无,剂型：颗粒剂,规格：4g,生产企业：江苏康缘药业股份有限公司,配送企业：,订购数量：0,批准文号：国药准字Z20050631",,,杏贝止咳颗粒,0.0,,False,True,pydantic_direct
matched_row_1903,1903,call_d0b19669f9f24a38,"医院名称：应急总医院,产品名称：硫辛酸,商品名：无,剂型：注射液,规格：20ml:0.6g,生产企业：上海现代哈森(商丘)药业有限公司,配送企业：,订购数量：0,批准文号：国药准字H20056403",,,硫辛酸,0.0,,False,True,pydantic_direct
matched_row_1904,1904,call_35711e0066674106,"医院名称：北京市通州区梨园镇梨园社区卫生服务中心,产品名称：厄贝沙坦,商品名：安博维,剂型：薄膜衣片,规格：0.15g,生产企业：法国赛诺菲Sanofi Winthrop Industries(赛诺菲(杭州)制药有限公司分装),配送企业：,订购数量：0,批准文号：国药准字J20130049",,,厄贝沙坦,0.0,,False,True,pydantic_direct
matched_row_1905,1905,call_da8936722b724417,"医院名称：北京市海淀区青龙桥社区卫生服务中心,产品名称：复方苁蓉益智胶囊,商品名：无,剂型：胶囊剂,规格：0.3g,生产企业：安徽誉隆亚东药业有限公司,配送企业：,订购数量：0,批准文号：国药准字Z20080047",,,复方苁蓉益智胶囊,0.0,,False,True,pydantic_direct
matched_row_1906,1906,call_a0c9d620a9e74cf1,"医院名称：首都医科大学附属北京朝阳医院,产品名称：复方鲜竹沥,商品名：无,剂型：合剂(含口服液),规格：20ml,生产企业：江西济民可信药业有限公司,配送企业：,订购数量：0,批准文号：国药准字Z36021946",,,复方鲜竹沥,0.0,,False,True,pydantic_direct
matched_row_1907,1907,call_bed939d015944210,"医院名称：北京市朝阳区小关街道惠新苑社区卫生服务站,产品名称：熊去氧胆酸,商品名：无,剂型：素片,规格：0.25g,生产企业：武汉普元药业有限责任公司,配送企业：,订购数量：0,批准文号：国药准字H20123209",,,熊去氧胆酸,0.0,,False,True,pydantic_direct
matched_row_1908,1908,call_66836361f3e647e3,"医院名称：北京市通州区梨园镇梨园社区卫生服务中心,产品名称：活血止痛软胶囊,商品名：无,剂型：软胶囊(胶丸),规格：0.65g,生产企业：湖北惠海希康制药有限公司,配送企业：,订购数量：0,批准文号：国药准字Z20080118",,,活血止痛软胶囊,0.0,,False,True,pydantic_direct
matched_row_1909,1909,call_4aa7f7cb9768416c,"医院名称：北京市朝阳区三里屯社区卫生服务中心,产品名称：维生素C,商品名：无,剂型：素片,规格：0.1g,生产企业：北京春风药业有限公司,配送企业：,订购数量：0,批准文号：国药准字H20053399",,,维生素C,0.0,,False,True,pydantic_direct
matched_row_1910,1910,call_fdcf509c3daf4825,"医院名称：北京市第一中西医结合医院,产品名称：康复新液,商品名：无,剂型：合剂（含口服液）,规格：120ml,生产企业：湖南科伦制药有限公司,配送企业：,订购数量：0,批准文号：国药准字Z43020995",,,康复新液,0.0,,False,True,pydantic_direct
matched_row_1911,1911,call_3e2e9780f3334261,"医院名称：北京市朝阳区安贞街道安贞西里社区卫生服务站,产品名称：银杏叶软胶囊,商品名：无,剂型：软胶囊(胶丸),规格：0.5g(相当于银杏叶提取物40mg),生产企业：石家庄市华新药业有限责任公司,配送企业：,订购数量：0,批准文号：国药准字Z20040082",,,银杏叶软胶囊,0.0,,False,True,pydantic_direct
matched_row_1912,1912,call_7a7d8600bbfd4ff7,"医院名称：北京市昌平区沙河高教园区社区卫生服务中心,产品名称：双氯芬酸,商品名：扶他林,剂型：乳胶剂,规格：20g:0.2g(1%),生产企业：北京诺华制药有限公司,配送企业：,订购数量：0,批准文号：国药准字H19990291",,,双氯芬酸,0.0,,False,True,pydantic_direct
matched_row_1913,1913,call_b444fabc4ede452c,"医院名称：中国政法大学校医院,产品名称：氯化钠,商品名：无,剂型：注射液,规格：10ml:90mg(0.9%),生产企业：华润双鹤药业股份有限公司,配送企业：,订购数量：0,批准文号：国药准字H11021490",,,氯化钠,0.0,,False,True,pydantic_direct
matched_row_1914,1914,call_a16c46e8d7e2499a,"医院名称：石景山区苹果园街道西黄村社区卫生服务站,产品名称：非诺贝特,商品名：力平之,剂型：胶囊剂,规格：0.2g,生产企业：法国RECIPHARM FONTAINE,配送企业：,订购数量：0,批准文号：H20140369",,,非诺贝特,0.0,,False,True,pydantic_direct
matched_row_1915,1915,call_4567f7ea7d6143fc,"医院名称：平谷区东高村镇南宅社区卫生服务站,产品名称：阿卡波糖,商品名：拜唐苹,剂型：素片,规格：50mg,生产企业：拜耳医药保健有限公司,配送企业：,订购数量：0,批准文号：国药准字H19990205",,,阿卡波糖,0.0,,False,True,pydantic_direct
matched_row_1916,1916,call_18b16ebf36e34b96,"医院名称：北京市丰台区长辛店镇大灰厂第一社区卫生服务站,产品名称：荆防合剂,商品名：无,剂型：合剂（含口服液）,规格：10ml,生产企业：绵阳一康制药有限公司,配送企业：,订购数量：5,批准文号：国药准字Z51021516",,,荆防合剂,5.0,,False,True,pydantic_direct
matched_row_1917,1917,call_dd6bca8c3cdb4497,"医院名称：北京市海淀区羊坊店社区卫生服务中心,产品名称：颈复康颗粒,商品名：无,剂型：颗粒剂,规格：5g,生产企业：颈复康药业集团有限公司,配送企业：,订购数量：0,批准文号：国药准字Z13022204",,,颈复康颗粒,0.0,,False,True,pydantic_direct
matched_row_1918,1918,call_091b341a4c7a48ee,"医院名称：北京市朝阳区东坝地区红松园社区卫生服务站,产品名称：氨溴索,商品名：无,剂型：缓释胶囊,规格：75mg,生产企业：乐普药业股份有限公司,配送企业：,订购数量：0,批准文号：国药准字H20093365",,,氨溴索,0.0,,False,True,pydantic_direct
matched_row_1919,1919,call_d685614b19ef4f3f,"医院名称：北京市朝阳区三里屯社区卫生服务中心,产品名称：精蛋白生物合成人胰岛素(预混50R),商品名：诺和灵50R,剂型：注射用混悬剂,规格：3ml:300IU,生产企业：诺和诺德(中国)制药有限公司,配送企业：,订购数量：0,批准文号：国药准字H20184041",,,精蛋白生物合成人胰岛素(预混50R),0.0,,False,True,pydantic_direct
matched_row_1920,1920,call_76932b604c884990,"医院名称：北京市密云区医院,产品名称：头孢克洛,商品名：申洛,剂型：缓释胶囊,规格：0.1875g,生产企业：上海现代制药股份有限公司,配送企业：,订购数量：0,批准文号：国药准字H20020240",,,头孢克洛,0.0,,False,True,pydantic_direct
matched_row_1921,1921,call_6e56188f64254c1f,"医院名称：北京市丰台区南苑医院,产品名称：洛芬待因,商品名：思为普,剂型：缓释片,规格：0.2g(以布洛芬计),生产企业：西南药业股份有限公司,配送企业：,订购数量：0,批准文号：国药准字H20010516",,,洛芬待因,0.0,,False,True,pydantic_direct
matched_row_1922,1922,call_b08b017ddd2c43e5,"医院名称：北京市朝阳区豆各庄社区卫生服务中心,产品名称：复方甘草,商品名：无,剂型：素片,规格：复方,生产企业：南京白敬宇制药有限责任公司,配送企业：,订购数量：50,批准文号：国药准字H32024076",,,复方甘草,50.0,,False,True,pydantic_direct
matched_row_1923,1923,call_63dc3ce21cd94bf2,"医院名称：北京市密云区果园社区卫生服务中心,产品名称：止嗽定喘丸,商品名：无,剂型：浓缩丸,规格：2.2g/10粒,生产企业：天津中新药业集团股份有限公司乐仁堂制药厂,配送企业：,订购数量：0,批准文号：国药准字Z12020637",,,止嗽定喘丸,0.0,,False,True,pydantic_direct
matched_row_1924,1924,call_9289c49133034e5c,"医院名称：丰台区长辛店大街社区卫生服务站,产品名称：美托洛尔,商品名：倍他乐克,剂型：素片,规格：25mg,生产企业：阿斯利康制药有限公司,配送企业：,订购数量：240,批准文号：国药准字H32025391",,,美托洛尔,240.0,,False,True,pydantic_direct
matched_row_1925,1925,call_3a0f11c5cdaa4342,"医院名称：北京市朝阳区东坝社区卫生服务中心,产品名称：白脉软膏,商品名：无,剂型：软膏剂,规格：20g,生产企业：西藏奇正藏药股份有限公司,配送企业：,订购数量：0,批准文号：国药准字Z20043178",,,白脉软膏,0.0,,False,True,pydantic_direct
matched_row_1926,1926,call_e963a9413dcb4918,"医院名称：通州区梨园社区卫生服务中心分部,产品名称：氯化钠,商品名：无,剂型：注射液,规格：250ml:2.25g(0.9%),生产企业：华润双鹤药业股份有限公司,配送企业：,订购数量：0,批准文号：国药准字H11021191",,,氯化钠,0.0,,False,True,pydantic_direct
matched_row_1927,1927,call_bc945d9d752440c3,"医院名称：北京市朝阳区小红门社区卫生服务中心,产品名称：雷米普利,商品名：瑞素坦,剂型：素片,规格：5mg,生产企业：昆山龙灯瑞迪制药有限公司,配送企业：,订购数量：0,批准文号：国药准字H20030725",,,雷米普利,0.0,,False,True,pydantic_direct
matched_row_1928,1928,call_b599771d345b415d,"医院名称：北京市朝阳区来广营社区卫生服务中心,产品名称：千山活血膏,商品名：无,剂型：膏药剂,规格：每张净重5g,生产企业：北京修成药业有限公司,配送企业：,订购数量：0,批准文号：国药准字Z20025596",,,千山活血膏,0.0,,False,True,pydantic_direct
matched_row_1929,1929,call_280db0de0d8d4101,"医院名称：北京市朝阳区双桥医院,产品名称：连花清瘟颗粒,商品名：无,剂型：颗粒剂,规格：6g,生产企业：北京以岭药业有限公司,配送企业：,订购数量：0,批准文号：国药准字Z20100040",,,连花清瘟颗粒,0.0,,False,True,pydantic_direct
matched_row_1930,1930,call_466d57b245ac468d,"医院名称：北京市房山区城关街道永安西里社区卫生服务站,产品名称：六味地黄丸,商品名：无,剂型：浓缩丸,规格：每8丸重1.44克( 每8丸相当于原药材3g ),生产企业：回音必集团安徽制药有限公司,配送企业：,订购数量：0,批准文号：国药准字Z34021037",,,六味地黄丸,0.0,,False,True,pydantic_direct
matched_row_1931,1931,call_6068238901f443e9,"医院名称：北京市朝阳区三里屯社区卫生服务中心,产品名称：依折麦布,商品名：益适纯,剂型：素片,规格：10mg,生产企业：新加坡MSD International GmbH (Singapore Branch)(杭州默沙东制药有限公司分装),配送企业：,订购数量：0,批准文号：国药准字J20171023",,,依折麦布,0.0,,False,True,pydantic_direct
matched_row_1932,1932,call_1fb6892363fc4939,"医院名称：北京市朝阳区高碑店社区卫生服务中心,产品名称：三金片,商品名：无,剂型：薄膜衣片,规格：3.5g(原药材),生产企业：桂林三金药业股份有限公司,配送企业：,订购数量：0,批准文号：国药准字Z45021645",,,三金片,0.0,,False,True,pydantic_direct
matched_row_1933,1933,call_10ff4d806f8b427a,"医院名称：北京市密云区医院,产品名称：氨酚双氢可待因,商品名：无,剂型：素片,规格：对乙酰氨基酚500mg,双氢可待因10mg,生产企业：陕西九州制药有限责任公司,配送企业：,订购数量：0,批准文号：国药准字H20073626",,,氨酚双氢可待因,0.0,,False,True,pydantic_direct
matched_row_1934,1934,call_6e00723bb13f4c33,"医院名称：丰台区长辛店大街社区卫生服务站,产品名称：厄贝沙坦氢氯噻嗪,商品名：安博诺,剂型：薄膜衣片,规格：厄贝沙坦0.15g,氢氯噻嗪12.5mg,生产企业：法国赛诺菲Sanofi Winthrop Industries(赛诺菲(杭州)制药有限公司分装),配送企业：,订购数量：0,批准文号：国药准字J20130041",,,厄贝沙坦氢氯噻嗪,0.0,,False,True,pydantic_direct
matched_row_1935,1935,call_30af821a87854512,"医院名称：北京市朝阳区管庄地区京通新城社区卫生服务站,产品名称：金喉健喷雾剂,商品名：无,剂型：喷雾剂,规格：20ml,生产企业：贵州宏宇药业有限公司,配送企业：,订购数量：0,批准文号：国药准字Z20025361",,,金喉健喷雾剂,0.0,,False,True,pydantic_direct
matched_row_1936,1936,call_2e5f4a3ee5ae4c14,"医院名称：北京市朝阳区三里屯街道幸福二村社区卫生服务站,产品名称：瑞格列奈,商品名：诺和龙,剂型：素片,规格：1.0mg,生产企业：德国Boehringer Ingelheim Pharma GmbH & Co.KG,配送企业：,订购数量：0,批准文号：H20171153",,,瑞格列奈,0.0,,False,True,pydantic_direct
matched_row_1937,1937,call_a11207130476480c,"医院名称：北京市第六医院,产品名称：健儿清解液,商品名：无,剂型：合剂（含口服液）,规格：100ml,生产企业：国药集团致君(深圳)坪山制药有限公司,配送企业：,订购数量：0,批准文号：国药准字Z20023309",,,健儿清解液,0.0,,False,True,pydantic_direct
matched_row_1938,1938,call_5185b4dc109a4724,"医院名称：北京市昌平区南口社区卫生服务中心,产品名称：舒肝和胃丸,商品名：无,剂型：水蜜丸,规格：36g(20g/100丸),生产企业：北京同仁堂科技发展股份有限公司制药厂,配送企业：,订购数量：0,批准文号：国药准字Z11020071",,,舒肝和胃丸,0.0,,False,True,pydantic_direct
matched_row_1939,1939,call_66fcedf2084146e6,"医院名称：北京市朝阳区高碑店地区白家楼社区卫生服务站,产品名称：腺苷钴胺,商品名：无,剂型：冻干粉针剂,规格：1.5mg,生产企业：重庆药友制药有限责任公司,配送企业：,订购数量：0,批准文号：国药准字H20066850",,,腺苷钴胺,0.0,,False,True,pydantic_direct
matched_row_1940,1940,call_c1b9c23e5c984f81,"医院名称：北京市丰台区卢沟桥社会福利中心医务室,产品名称：硝苯地平,商品名：拜新同,剂型：控释片,规格：30mg,生产企业：德国Bayer AG(拜耳医药保健有限公司分装),配送企业：,订购数量：0,批准文号：国药准字J20180025",,,硝苯地平,0.0,,False,True,pydantic_direct
matched_row_1941,1941,call_dcba0e03474540bc,"医院名称：北京市普仁医院,产品名称：重组人组织纤维蛋白溶酶原激活剂,商品名：爱通立,剂型：冻干粉针剂,规格：50mg,生产企业：德国Boehringer Ingelheim Pharma GmbH & Co.KG,配送企业：,订购数量：0,批准文号：S20160055",,,重组人组织纤维蛋白溶酶原激活剂,0.0,,False,True,pydantic_direct
matched_row_1942,1942,call_2e29b325f9bf443c,"医院名称：北京市朝阳区麦子店街道农展南里社区卫生服务站,产品名称：,商品名：无,剂型：薄膜衣片,规格：10mg,生产企业：浙江京新药业股份有限公司,配送企业：,订购数量：0,批准文号：国药准字H20080483",,,薄膜衣片,0.0,,False,True,pydantic_direct
matched_row_1943,1943,call_93c87c41b3e9458a,"医院名称：北京市门头沟区军庄镇社区卫生服务中心,产品名称：云南白药气雾剂,商品名：无,剂型：气雾剂,规格：85g/30g,生产企业：云南白药集团股份有限公司,配送企业：,订购数量：0,批准文号：国药准字Z53021103",,,云南白药气雾剂,0.0,,False,True,pydantic_direct
matched_row_1944,1944,call_edbef9f27a0c4c18,"医院名称：北京市门头沟区医院,产品名称：,商品名：无,剂型：注射液,规格：1ml:10mg,生产企业：江苏华阳制药有限公司,配送企业：,订购数量：0,批准文号：国药准字H32020820",,,注射液,0.0,,False,True,pydantic_direct
matched_row_1945,1945,call_651e70ae75fa40e1,"医院名称：房山区燕山东风街道卫生服务中心栗园社区卫生服务站,产品名称：金莲花软胶囊,商品名：无,剂型：软胶囊(胶丸),规格：每粒装0.55g,生产企业：湖北惠海希康制药有限公司,配送企业：,订购数量：40,批准文号：国药准字Z20050839",,,金莲花软胶囊,40.0,,False,True,pydantic_direct
matched_row_1946,1946,call_4c032d73d2ef4ede,"医院名称：北京市仁和医院,产品名称：泛昔洛韦,商品名：凡乐,剂型：薄膜衣片,规格：0.25g,生产企业：北京嘉林药业股份有限公司,配送企业：,订购数量：0,批准文号：国药准字H19991385",,,泛昔洛韦,0.0,,False,True,pydantic_direct
matched_row_1947,1947,call_f3664658acce450d,"医院名称：北京市化工职业病防治院,产品名称：比索洛尔,商品名：博苏,剂型：素片,规格：5mg,生产企业：北京华素制药股份有限公司,配送企业：,订购数量：0,批准文号：国药准字H10970082",,,比索洛尔,0.0,,False,True,pydantic_direct
matched_row_1948,1948,call_5ffc3a9734d64183,"医院名称：北京嫣然天使儿童医院,产品名称：奥洛他定,商品名：帕坦洛,剂型：滴眼剂,规格：5ml:5mg(0.1%),生产企业：美国爱尔康眼药厂比利时分厂s.a. ALCON-COUVREUR n.v.,配送企业：,订购数量：0,批准文号：H20150047",,,奥洛他定,0.0,,False,True,pydantic_direct
matched_row_1949,1949,call_563f2d9e8a894f44,"医院名称：北京市朝阳区太阳宫社区卫生服务中心南区,产品名称：维生素C,商品名：无,剂型：素片,规格：0.1g,生产企业：山东新华制药股份有限公司,配送企业：,订购数量：0,批准文号：国药准字H37020378",,,维生素C,0.0,,False,True,pydantic_direct
matched_row_1950,1950,call_acd8cf5e56a8443b,"医院名称：北京市延庆区永宁镇社区卫生服务中心,产品名称：呋塞米,商品名：无,剂型：素片,规格：20mg,生产企业：天津力生制药股份有限公司,配送企业：,订购数量：0,批准文号：国药准字H12020163",,,呋塞米,0.0,,False,True,pydantic_direct
matched_row_1951,1951,call_ddaf91afa2544a6b,"医院名称：北京市西城区德胜社区卫生服务中心,产品名称：泮托拉唑,商品名：潘舒泰克,剂型：肠溶片,规格：40mg,生产企业：锦州九泰药业有限责任公司,配送企业：,订购数量：0,批准文号：国药准字H20010035",,,泮托拉唑,0.0,,False,True,pydantic_direct
matched_row_1952,1952,call_b496d8236984451c,"医院名称：北京市朝阳区和平街街道胜古庄社区卫生服务站,产品名称：心通,商品名：无,剂型：合剂(含口服液),规格：10ml,生产企业：鲁南厚普制药有限公司,配送企业：,订购数量：0,批准文号：国药准字Z10920014",,,心通,0.0,,False,True,pydantic_direct
matched_row_1953,1953,call_06d62c4e7f8a4129,"医院名称：首都医科大学附属北京潞河医院,产品名称：多西他赛,商品名：艾素,剂型：注射液,规格：0.5ml:20mg,生产企业：江苏恒瑞医药股份有限公司,配送企业：,订购数量：0,批准文号：国药准字H20020543",,,多西他赛,0.0,,False,True,pydantic_direct
matched_row_1954,1954,call_c807e34ef2f04965,"医院名称：北京市房山区韩村河镇社区卫生服务中心,产品名称：津力达颗粒,商品名：无,剂型：颗粒剂,规格：每袋装9g,生产企业：石家庄以岭药业股份有限公司,配送企业：,订购数量：0,批准文号：国药准字Z20050845",,,津力达颗粒,0.0,,False,True,pydantic_direct
matched_row_1955,1955,call_a3a02e93522940db,"医院名称：房山区良乡地区隆曦园社区卫生服务站,产品名称：牛黄清火丸,商品名：无,剂型：蜜丸,规格：3g,生产企业：北京同仁堂科技发展股份有限公司制药厂,配送企业：,订购数量：0,批准文号：国药准字Z11020200",,,牛黄清火丸,0.0,,False,True,pydantic_direct
matched_row_1956,1956,call_cc1fe4947ee44bbd,"医院名称：阳坊社区卫生服务中心,产品名称：消栓肠溶胶囊[消栓胶囊(肠溶)],商品名：无,剂型：肠溶胶囊,规格：0.2g,生产企业：三门峡赛诺维制药有限公司,配送企业：,订购数量：0,批准文号：国药准字Z20000025",,,消栓肠溶胶囊,0.0,,False,True,pydantic_direct
matched_row_1957,1957,call_216bdd8ce3f042d1,"医院名称：北京市昌平区南口社区卫生服务中心,产品名称：瑞格列奈,商品名：孚来迪,剂型：素片,规格：0.5mg,生产企业：江苏豪森药业集团有限公司,配送企业：,订购数量：0,批准文号：国药准字H20000362",,,瑞格列奈,0.0,,False,True,pydantic_direct
matched_row_1958,1958,call_c54bd4e612ce4a23,"医院名称：北京市西城区德胜社区卫生服务中心,产品名称：亮菌,商品名：无,剂型：口服溶液剂,规格：10ml,生产企业：合肥诚志生物制药有限公司,配送企业：,订购数量：0,批准文号：国药准字H34020002",,,亮菌,0.0,,False,True,pydantic_direct
matched_row_1959,1959,call_d3d2d0de08094a8e,"医院名称：北京市朝阳区小红门社区卫生服务中心,产品名称：银杏叶提取物,商品名：无,剂型：注射液,规格：5ml:17.5mg,生产企业：悦康药业集团有限公司,配送企业：,订购数量：0,批准文号：国药准字H20070226",,,银杏叶提取物,0.0,,False,True,pydantic_direct
matched_row_1960,1960,call_128da5d496264cc7,"医院名称：北京市朝阳区芍药居南社区卫生服务站,产品名称：皮肤康洗液,商品名：无,剂型：洗剂,规格：50ml,生产企业：北京华洋奎龙药业有限公司,配送企业：,订购数量：0,批准文号：国药准字Z19990045",,,皮肤康洗液,0.0,,False,True,pydantic_direct
matched_row_1961,1961,call_bbc8ec406bdd46bd,"医院名称：北京市朝阳区东湖社区卫生服务中心,产品名称：三黄丸,商品名：无,剂型：水丸,规格：每袋6g,生产企业：黑龙江参鸽药业有限公司,配送企业：,订购数量：0,批准文号：国药准字Z23021643",,,三黄丸,0.0,,False,True,pydantic_direct
matched_row_1962,1962,call_7c45b4d950d1416a,"医院名称：北京市朝阳区高碑店地区北花园社区卫生服务站,产品名称：金天格胶囊,商品名：无,剂型：胶囊剂,规格：0.4g,生产企业：金花企业(集团)股份有限公司西安金花制药厂,配送企业：,订购数量：0,批准文号：国药准字Z20030080",,,金天格胶囊,0.0,,False,True,pydantic_direct
matched_row_1963,1963,call_7f006837e1c74adb,"医院名称：北京市朝阳区太阳宫社区卫生服务中心南区,产品名称：速效救心丸,商品名：无,剂型：滴丸,规格：40mg,生产企业：天津中新药业集团股份有限公司第六中药厂,配送企业：,订购数量：0,批准文号：国药准字Z12020025",,,速效救心丸,0.0,,False,True,pydantic_direct
matched_row_1964,1964,call_2e59b652a4eb4120,"医院名称：北京中医药大学东直门医院,产品名称：复明片,商品名：无,剂型：糖衣片,规格：0.3g,生产企业：西安碑林药业股份有限公司,配送企业：,订购数量：0,批准文号：国药准字Z61021134",,,复明片,0.0,,False,True,pydantic_direct
matched_row_1965,1965,call_308c299987804429,"医院名称：首都医科大学附属北京安贞医院,产品名称：厄他培南,商品名：怡万之,剂型：冻干粉针剂,规格：1.0g,生产企业：法国Laboratoires Merck Sharp & Dohme Chibret(杭州默沙东制药有限公司分装),配送企业：,订购数量：0,批准文号：国药准字J20120052",,,厄他培南,0.0,,False,True,pydantic_direct
matched_row_1966,1966,call_72dc27640f994465,"医院名称：北京市房山区妇幼保健院,产品名称：复方氨酚美沙,商品名：无,剂型：糖浆剂,规格：120ml,生产企业：史达德药业(北京)有限公司,配送企业：,订购数量：0,批准文号：国药准字H11022533",,,复方氨酚美沙,0.0,,False,True,pydantic_direct
matched_row_1967,1967,call_dc2c00992550478f,"医院名称：通州区梨园社区卫生服务中心分部,产品名称：颈舒颗粒,商品名：无,剂型：颗粒剂,规格：6g,生产企业：国药集团精方(安徽)药业股份有限公司,配送企业：,订购数量：0,批准文号：国药准字Z20010153",,,颈舒颗粒,0.0,,False,True,pydantic_direct
matched_row_1968,1968,call_1e769b9cd8274bad,"医院名称：北京同仁堂中医医院有限责任公司,产品名称：依托考昔,商品名：安康信,剂型：薄膜衣片,规格：60mg,生产企业：西班牙Frosst Iberica SA(杭州默沙东制药有限公司分装),配送企业：,订购数量：0,批准文号：国药准字J20130133",,,依托考昔,0.0,,False,True,pydantic_direct
matched_row_1969,1969,call_611d5f218ad54a37,"医院名称：北京京煤集团总医院,产品名称：金果饮,商品名：无,剂型：合剂（含口服液）,规格：15ml,生产企业：江西济民可信药业有限公司,配送企业：,订购数量：0,批准文号：国药准字Z19993095",,,金果饮,0.0,,False,True,pydantic_direct
matched_row_1970,1970,call_9371b7ae175140b0,"医院名称：北京市朝阳区和平街社区卫生服务中心,产品名称：气滞胃痛颗粒,商品名：无,剂型：颗粒剂,规格：2.5g,生产企业：辽宁华润本溪三药有限公司,配送企业：,订购数量：0,批准文号：国药准字Z21021522",,,气滞胃痛颗粒,0.0,,False,True,pydantic_direct
matched_row_1971,1971,call_8092e0d8be2b4edb,"医院名称：北京市门头沟区大台社区卫生服务中心,产品名称：活血止痛膏,商品名：无,剂型：橡胶膏剂,规格：9cm×12cm,生产企业：湖北舒尔迈康药业有限公司,配送企业：,订购数量：0,批准文号：国药准字Z42021573",,,活血止痛膏,0.0,,False,True,pydantic_direct
matched_row_1972,1972,call_2cfb54d0759a4e1b,"医院名称：北京市房山区城关街道羊头岗社区卫生服务站,产品名称：熊胆滴眼液,商品名：无,剂型：滴眼剂,规格：10ml,生产企业：云南傣药有限公司,配送企业：,订购数量：0,批准文号：国药准字Z20025416",,,熊胆滴眼液,0.0,,False,True,pydantic_direct
matched_row_1973,1973,call_fadd727f964f4944,"医院名称：北京市朝阳区小关街道惠新北里社区卫生服务站,产品名称：二甲双胍,商品名：无,剂型：缓释片,规格：0.25g,生产企业：石家庄市华新药业有限责任公司,配送企业：,订购数量：0,批准文号：国药准字H20060164",,,二甲双胍,0.0,,False,True,pydantic_direct
matched_row_1974,1974,call_98e9932945554475,"医院名称：平谷区王辛庄社区中心王辛庄镇西杏园社区卫生服务站,产品名称：吲达帕胺,商品名：无,剂型：缓释片,规格：1.5mg,生产企业：黄山中皇制药有限公司,配送企业：,订购数量：0,批准文号：国药准字H20070262",,,吲达帕胺,0.0,,False,True,pydantic_direct
matched_row_1975,1975,call_4807a388dc07473a,"医院名称：北京市朝阳区太阳宫地区西坝河北里社区卫生服务站,产品名称：氨基葡萄糖,商品名：步迈新,剂型：素片,规格：0.24g,生产企业：四川新斯顿制药股份有限公司,配送企业：,订购数量：0,批准文号：国药准字H20051301",,,氨基葡萄糖,0.0,,False,True,pydantic_direct
matched_row_1976,1976,call_0789c56cbc02449b,"医院名称：北京中能建医院,产品名称：感冒清热颗粒,商品名：无,剂型：颗粒剂,规格：6g,生产企业：北京同仁堂科技发展股份有限公司制药厂,配送企业：,订购数量：0,批准文号：国药准字Z11020361",,,感冒清热颗粒,0.0,,False,True,pydantic_direct
matched_row_1977,1977,call_39db13346efa4ad4,"医院名称：北京市顺义区中医医院,产品名称：去痛,商品名：无,剂型：素片,规格：复方,生产企业：北京曙光药业有限责任公司,配送企业：,订购数量：0,批准文号：国药准字H11021064",,,去痛,0.0,,False,True,pydantic_direct
matched_row_1978,1978,call_4336839014d94260,"医院名称：北京工业大学医院,产品名称：匹伐他汀钙,商品名：无,剂型：薄膜衣片,规格：2mg,生产企业：华润双鹤药业股份有限公司,配送企业：,订购数量：0,批准文号：国药准字H20080737",,,匹伐他汀钙,0.0,,False,True,pydantic_direct
matched_row_1979,1979,call_dbef07909b454484,"医院名称：中国航天科工集团七三一医院,产品名称：氨酚伪麻美芬片/氨麻美敏片(Ⅱ),商品名：日夜百服咛,剂型：薄膜衣片,规格：复方,生产企业：中美上海施贵宝制药有限公司,配送企业：,订购数量：0,批准文号：国药准字H10970388/国药准字H10970387",,,氨酚伪麻美芬片/氨麻美敏片(Ⅱ),0.0,,False,True,pydantic_direct
matched_row_1980,1980,call_d8c1bb0eb7f74cdb,"医院名称：首都医科大学附属北京潞河医院,产品名称：头孢丙烯,商品名：无,剂型：分散片,规格：0.25g,生产企业：上海美优制药有限公司,配送企业：,订购数量：0,批准文号：国药准字H20083387",,,头孢丙烯,0.0,,False,True,pydantic_direct
matched_row_1981,1981,call_2689d96be73542bd,"医院名称：怀柔区北房镇社区卫生服务中心,产品名称：舒肝和胃丸,商品名：无,剂型：蜜丸,规格：6g,生产企业：北京同仁堂科技发展股份有限公司制药厂,配送企业：,订购数量：0,批准文号：国药准字Z11020202",,,舒肝和胃丸,0.0,,False,True,pydantic_direct
matched_row_1982,1982,call_142403aaa0c94ecb,"医院名称：北京市朝阳区东坝地区东坝家园社区卫生服务站,产品名称：枳术宽中胶囊,商品名：无,剂型：胶囊剂,规格：0.43g,生产企业：朗致集团双人药业有限公司,配送企业：,订购数量：0,批准文号：国药准字Z20020003",,,枳术宽中胶囊,0.0,,False,True,pydantic_direct
matched_row_1983,1983,call_0716140d0ada43cf,"医院名称：北京市朝阳区东风社区卫生服务中心泛海分中心,产品名称：酚咖,商品名：加合百服宁,剂型：薄膜衣片,规格：对乙酰氨基酚0.5g,咖啡因65mg,生产企业：中美上海施贵宝制药有限公司,配送企业：,订购数量：0,批准文号：国药准字H10960013",,,酚咖,0.0,,False,True,pydantic_direct
matched_row_1984,1984,call_0555f1515a044f80,"医院名称：北京东方石油化工有限公司有机化工厂卫生所,产品名称：匹伐他汀钙,商品名：无,剂型：薄膜衣片,规格：2mg,生产企业：华润双鹤药业股份有限公司,配送企业：,订购数量：0,批准文号：国药准字H20080737",,,匹伐他汀钙,0.0,,False,True,pydantic_direct
matched_row_1985,1985,call_c785862b76114e2b,"医院名称：北京市门头沟区斋堂医院,产品名称：甲硝唑,商品名：无,剂型：薄膜衣片,规格：0.2g,生产企业：远大医药(中国)有限公司,配送企业：,订购数量：0,批准文号：国药准字H42021947",,,甲硝唑,0.0,,False,True,pydantic_direct
matched_row_1986,1986,call_ab3aa119101c4452,"医院名称：北京市海淀区万寿路社区卫生服务中心,产品名称：银杏叶提取物,商品名：无,剂型：注射液,规格：5ml:17.5mg,生产企业：悦康药业集团有限公司,配送企业：,订购数量：0,批准文号：国药准字H20070226",,,银杏叶提取物,0.0,,False,True,pydantic_direct
matched_row_1987,1987,call_050e96e10206421e,"医院名称：北京裕和中西医结合康复医院有限公司,产品名称：人凝血酶原复合物,商品名：康舒宁,剂型：冻干粉针剂,规格：200IU,生产企业：华兰生物工程股份有限公司,配送企业：,订购数量：0,批准文号：国药准字s20083057",,,人凝血酶原复合物,0.0,,False,True,pydantic_direct
matched_row_1988,1988,call_139bff9afbc942cb,"医院名称：北京市丰台区东铁营街道铁营社区卫生服务站,产品名称：贝那普利,商品名：洛汀新,剂型：薄膜衣片,规格：10mg,生产企业：北京诺华制药有限公司,配送企业：,订购数量：0,批准文号：国药准字H20030514",,,贝那普利,0.0,,False,True,pydantic_direct
matched_row_1989,1989,call_9974bfb0a2954225,"医院名称：北京市石景山区杨庄医院（北京市石景山区杨庄社区卫生服务站）,产品名称：人参健脾丸,商品名：无,剂型：蜜丸,规格：6g,生产企业：北京同仁堂股份有限公司同仁堂制药厂,配送企业：,订购数量：0,批准文号：国药准字Z11020106",,,人参健脾丸,0.0,,False,True,pydantic_direct
matched_row_1990,1990,call_46a28c60b6644ce9,"医院名称：妙峰山镇社区卫生服务中心妙峰山镇担礼村卫生室,产品名称：加味左金丸,商品名：无,剂型：水丸,规格：6g(6g/100粒),生产企业：北京同仁堂制药有限公司,配送企业：,订购数量：0,批准文号：国药准字Z11020640",,,加味左金丸,0.0,,False,True,pydantic_direct
matched_row_1991,1991,call_45542e96a2e94035,"医院名称：北京市朝阳区三里屯街道幸福二村社区卫生服务站,产品名称：乳果糖,商品名：无,剂型：口服溶液剂,规格：100ml:66.7g,生产企业：四川健能制药有限公司,配送企业：,订购数量：0,批准文号：国药准字H20103621",,,乳果糖,0.0,,False,True,pydantic_direct
matched_row_1992,1992,call_4af5073bd9954932,"医院名称：北京密云鼓楼街道太扬家园社区卫生服务站,产品名称：藤黄健骨片,商品名：无,剂型：薄膜衣片,规格：0.5g,生产企业：湖南方盛制药股份有限公司,配送企业：,订购数量：0,批准文号：国药准字Z20090570",,,藤黄健骨片,0.0,,False,True,pydantic_direct
matched_row_1993,1993,call_d437c40760664643,"医院名称：北京市朝阳区三里屯社区卫生服务中心,产品名称：清咽滴丸,商品名：无,剂型：滴丸,规格：20mg,生产企业：天津中新药业集团股份有限公司第六中药厂,配送企业：,订购数量：0,批准文号：国药准字Z10930004",,,清咽滴丸,0.0,,False,True,pydantic_direct
matched_row_1994,1994,call_0e18342a3f13487b,"医院名称：北京市延庆区医院（北京大学第三医院延庆医院）,产品名称：小儿消积止咳口服液,商品名：无,剂型：合剂（含口服液）,规格：10ml,生产企业：鲁南厚普制药有限公司,配送企业：,订购数量：0,批准文号：国药准字Z10970022",,,小儿消积止咳口服液,0.0,,False,True,pydantic_direct
matched_row_1995,1995,call_b8b9808230e74675,"医院名称：房山区良乡地区西潞园社区卫生服务站,产品名称：强力定眩片,商品名：无,剂型：糖衣片,规格：0.35g,生产企业：陕西汉王药业有限公司,配送企业：,订购数量：0,批准文号：国药准字Z61020139",,,强力定眩片,0.0,,False,True,pydantic_direct
matched_row_1996,1996,call_974eb0436e124d29,"医院名称：北京英智康复医院,产品名称：地高辛,商品名：无,剂型：素片,规格：0.25mg,生产企业：上海上药信谊药厂有限公司,配送企业：,订购数量：0,批准文号：国药准字H31020678",,,地高辛,0.0,,False,True,pydantic_direct
matched_row_1997,1997,call_0798f1d4091c4a6e,"医院名称：北京市西城区德胜社区卫生服务中心,产品名称：舒肝止痛丸,商品名：无,剂型：浓缩丸,规格：4.5g(12g/100粒),生产企业：北京同仁堂科技发展股份有限公司制药厂,配送企业：,订购数量：0,批准文号：国药准字Z11020072",,,舒肝止痛丸,0.0,,False,True,pydantic_direct
matched_row_1998,1998,call_42cdbc42d8514808,"医院名称：首都医科大学附属北京地坛医院,产品名称：聚维酮碘,商品名：黛卫,剂型：凝胶剂,规格：5g:0.5g,生产企业：丽珠集团丽珠制药厂,配送企业：,订购数量：0,批准文号：国药准字H10950236",,,聚维酮碘,0.0,,False,True,pydantic_direct
matched_row_1999,1999,call_678fb0af2ea24689,"医院名称：北京市顺义区牛栏山社区卫生服务中心陈家坨社区卫生服务站,产品名称：奥美拉唑碳酸氢钠,商品名：无,剂型：胶囊剂,规格：奥美拉唑20mg:碳酸氢钠1100mg,生产企业：厦门恩成制药有限公司,配送企业：,订购数量：0,批准文号：国药准字H20150023",,,奥美拉唑碳酸氢钠,0.0,,False,True,pydantic_direct
